"Valores reales","Máquina","INY17",,"Pedido","F196116",,"Programa","22228"

"  ","t4012 [s]","t4018 [s]","t4015 [s]","V4062 [cm³]","p4072 [bar]"
"Valor nominal","14,2","1,03","1,5","7,9","1.020",
"Tolerancia inferior","13,2","0,93","0,5","6,4","920",
"Tolerancia superior","15,2","1,13","2,5","9,4","1.120",
"Mínimo","14,16","1,03","1,43","7,51","953",
"Máximo","14,29","1,03","1,7","8,32","1.039",
"xqq","14,217","1,03","1,545","7,958","1.009,9",
"Rq","0,033","0","0,021","0,201","12,2",
"sq","0,014","0","0,009","0,082","5",
"Sigma","0,015","0","0,01","0,087","5,3",
"Cp","22,803","0","34,764","5,73","6,2",
"Cps","22,413","0","33,214","5,51","6,9",
"Cpi","23,194","0","36,314","5,951","5,6",
"Cpd","22,413","0","33,214","5,51","5,6",
"LISx","14,237","1,03","1,557","8,07","1.017",
"LIIx","14,198","1,03","1,532","7,84","1.003",
"LISs","0,029","0","0,019","0,17","10",
"LIIs","0","0","0","0","0",
"n","2.865","2.865","2.865","2.865","2.865",


"Muestra aleatoria","Momento","Cantidad piezas","t4012 [s]","t4018 [s]","t4015 [s]","V4062 [cm³]","p4072 [bar]"
" 1/1","3 dic 2025 11:15:53","4616","14,200","1,030","1,530","7,67","1019",
" 1/2","3 dic 2025 11:16:08","4624","14,220","1,030","1,510","7,99","1025",
" 1/3","3 dic 2025 11:16:22","4632","14,220","1,030","1,520","7,86","1009",
" 1/4","3 dic 2025 11:16:36","4640","14,220","1,030","1,510","7,89","1014",
" 1/5","3 dic 2025 11:16:51","4648","14,220","1,030","1,510","7,90","1016",
" 2/1","3 dic 2025 11:18:17","4696","14,210","1,030","1,520","7,89","1008",
" 2/2","3 dic 2025 11:18:32","4704","14,210","1,030","1,510","7,89","1014",
" 2/3","3 dic 2025 11:18:46","4712","14,210","1,030","1,520","7,97","1014",
" 2/4","3 dic 2025 11:19:00","4720","14,210","1,030","1,500","8,03","1019",
" 2/5","3 dic 2025 11:19:15","4728","14,220","1,030","1,520","7,92","1019",
" 3/1","3 dic 2025 11:20:42","4776","14,200","1,030","1,510","7,92","1019",
" 3/2","3 dic 2025 11:20:56","4784","14,200","1,030","1,510","8,02","1014",
" 3/3","3 dic 2025 11:21:11","4792","14,210","1,030","1,500","7,92","1019",
" 3/4","3 dic 2025 11:21:25","4800","14,250","1,030","1,520","7,88","1016",
" 3/5","3 dic 2025 11:21:39","4808","14,250","1,030","1,510","7,91","1025",
" 4/1","3 dic 2025 11:23:00","4856","14,190","1,030","1,510","8,02","1017",
" 4/2","3 dic 2025 11:23:14","4864","14,200","1,030","1,510","8,02","1019",
" 4/3","3 dic 2025 11:23:29","4872","14,190","1,030","1,510","7,91","1020",
" 4/4","3 dic 2025 11:23:43","4880","14,200","1,030","1,500","8,03","1019",
" 4/5","3 dic 2025 11:23:58","4888","14,200","1,030","1,520","7,89","1008",
" 5/1","3 dic 2025 11:25:24","4936","14,210","1,030","1,530","7,89","1028",
" 5/2","3 dic 2025 11:25:38","4944","14,230","1,030","1,530","7,69","1020",
" 5/3","3 dic 2025 11:25:52","4952","14,220","1,030","1,510","8,03","1027",
" 5/4","3 dic 2025 11:26:07","4960","14,220","1,030","1,500","7,99","1022",
" 5/5","3 dic 2025 11:26:21","4968","14,220","1,030","1,530","7,92","1017",
" 6/1","3 dic 2025 11:27:47","8","14,230","1,030","1,520","7,88","1019",
" 6/2","3 dic 2025 11:28:02","16","14,230","1,030","1,500","8,08","1030",
" 6/3","3 dic 2025 11:28:16","24","14,180","1,030","1,520","7,87","1023",
" 6/4","3 dic 2025 11:28:30","32","14,220","1,030","1,500","7,99","1023",
" 6/5","3 dic 2025 11:28:45","40","14,240","1,030","1,510","7,88","1019",
" 7/1","3 dic 2025 11:30:11","88","14,210","1,030","1,510","7,92","1023",
" 7/2","3 dic 2025 11:30:26","96","14,200","1,030","1,520","7,83","1030",
" 7/3","3 dic 2025 11:30:40","104","14,200","1,030","1,510","8,02","1030",
" 7/4","3 dic 2025 11:30:54","112","14,240","1,030","1,510","7,92","1023",
" 7/5","3 dic 2025 11:31:09","120","14,200","1,030","1,510","8,02","1033",
" 8/1","3 dic 2025 11:32:35","168","14,210","1,030","1,510","8,02","1030",
" 8/2","3 dic 2025 11:32:42","176","14,210","1,030","1,510","8,02","1030",
" 8/3","3 dic 2025 11:32:57","184","14,200","1,030","1,510","8,00","1028",
" 8/4","3 dic 2025 11:33:11","192","14,200","1,030","1,510","7,92","1023",
" 8/5","3 dic 2025 11:33:25","200","14,210","1,030","1,510","8,00","1030",
" 9/1","3 dic 2025 11:34:52","248","14,210","1,030","1,520","8,00","1028",
" 9/2","3 dic 2025 11:35:06","256","14,230","1,030","1,520","7,96","1034",
" 9/3","3 dic 2025 11:35:21","264","14,250","1,030","1,520","7,91","1027",
" 9/4","3 dic 2025 11:35:35","272","14,220","1,030","1,520","7,89","1022",
" 9/5","3 dic 2025 11:35:49","280","14,240","1,030","1,520","7,92","1022",
" 10/1","3 dic 2025 11:37:16","328","14,240","1,030","1,510","7,99","1023",
" 10/2","3 dic 2025 11:37:30","336","14,190","1,030","1,510","7,75","1020",
" 10/3","3 dic 2025 11:37:44","344","14,230","1,030","1,510","8,00","1028",
" 10/4","3 dic 2025 11:37:59","352","14,190","1,030","1,510","8,03","1030",
" 10/5","3 dic 2025 11:38:13","360","14,220","1,030","1,520","7,91","1031",
" 11/1","3 dic 2025 11:39:40","408","14,250","1,030","1,520","7,89","1020",
" 11/2","3 dic 2025 11:39:54","416","14,180","1,030","1,510","7,88","1020",
" 11/3","3 dic 2025 11:40:08","424","14,220","1,030","1,520","7,92","1020",
" 11/4","3 dic 2025 11:40:23","432","14,180","1,030","1,500","8,03","1027",
" 11/5","3 dic 2025 11:40:37","440","14,220","1,030","1,510","7,97","1023",
" 12/1","3 dic 2025 11:42:03","488","14,240","1,030","1,500","8,08","1020",
" 12/2","3 dic 2025 11:42:18","496","14,220","1,030","1,510","7,87","1022",
" 12/3","3 dic 2025 11:42:32","504","14,230","1,030","1,520","7,99","1027",
" 12/4","3 dic 2025 11:42:47","512","14,230","1,030","1,510","8,02","1025",
" 12/5","3 dic 2025 11:43:01","520","14,240","1,030","1,500","7,94","1023",
" 13/1","3 dic 2025 11:44:20","568","14,230","1,030","1,510","7,96","1028",
" 13/2","3 dic 2025 11:44:35","576","14,220","1,030","1,510","8,02","1022",
" 13/3","3 dic 2025 11:44:49","584","14,190","1,030","1,510","7,91","1023",
" 13/4","3 dic 2025 11:45:03","592","14,210","1,030","1,520","7,88","1019",
" 13/5","3 dic 2025 11:45:18","600","14,220","1,030","1,510","7,91","1025",
" 14/1","3 dic 2025 11:46:44","648","14,240","1,030","1,500","8,08","1027",
" 14/2","3 dic 2025 11:46:58","656","14,190","1,030","1,520","7,88","1016",
" 14/3","3 dic 2025 11:47:13","664","14,190","1,030","1,500","8,02","1022",
" 14/4","3 dic 2025 11:47:27","672","14,190","1,030","1,510","7,92","1023",
" 14/5","3 dic 2025 11:47:41","680","14,200","1,030","1,510","7,92","1017",
" 15/1","3 dic 2025 11:49:07","728","14,210","1,030","1,520","7,91","1020",
" 15/2","3 dic 2025 11:49:22","736","14,200","1,030","1,500","7,94","1019",
" 15/3","3 dic 2025 11:49:36","744","14,190","1,030","1,490","7,99","1016",
" 15/4","3 dic 2025 11:49:50","752","14,190","1,030","1,510","7,88","1014",
" 15/5","3 dic 2025 11:50:05","760","14,180","1,030","1,510","7,92","1019",
" 16/1","3 dic 2025 11:51:31","808","14,190","1,030","1,500","8,08","1022",
" 16/2","3 dic 2025 11:51:45","816","14,190","1,030","1,510","7,92","1014",
" 16/3","3 dic 2025 11:52:00","824","14,210","1,030","1,510","7,97","1011",
" 16/4","3 dic 2025 11:52:14","832","14,190","1,030","1,500","7,92","1012",
" 16/5","3 dic 2025 11:52:28","840","14,180","1,030","1,510","7,92","1014",
" 17/1","3 dic 2025 11:53:55","888","14,220","1,030","1,510","7,92","1034",
" 17/2","3 dic 2025 11:54:09","896","14,220","1,030","1,510","7,99","1034",
" 17/3","3 dic 2025 11:54:23","904","14,230","1,030","1,510","7,92","1033",
" 17/4","3 dic 2025 11:54:38","912","14,200","1,030","1,510","8,01","1033",
" 17/5","3 dic 2025 11:54:45","920","14,200","1,030","1,510","8,01","1033",
" 18/1","3 dic 2025 11:56:11","968","14,190","1,030","1,510","8,02","1016",
" 18/2","3 dic 2025 11:56:25","976","14,200","1,030","1,530","7,87","1016",
" 18/3","3 dic 2025 11:56:40","984","14,190","1,030","1,520","7,92","1027",
" 18/4","3 dic 2025 11:56:54","992","14,190","1,030","1,520","7,92","1020",
" 18/5","3 dic 2025 11:57:08","1000","14,170","1,030","1,510","7,92","1025",
" 19/1","3 dic 2025 11:58:35","1048","14,200","1,030","1,520","7,87","1012",
" 19/2","3 dic 2025 11:58:49","1056","14,180","1,030","1,510","8,08","1025",
" 19/3","3 dic 2025 11:59:03","1064","14,190","1,030","1,510","8,02","1016",
" 19/4","3 dic 2025 11:59:18","1072","14,180","1,030","1,510","8,08","1020",
" 19/5","3 dic 2025 11:59:32","1080","14,180","1,030","1,510","7,88","1014",
" 20/1","3 dic 2025 12:00:58","1128","14,210","1,030","1,520","7,86","1014",
" 20/2","3 dic 2025 12:01:12","1136","14,190","1,030","1,500","7,94","1016",
" 20/3","3 dic 2025 12:01:27","1144","14,200","1,030","1,530","7,88","1017",
" 20/4","3 dic 2025 12:01:41","1152","14,190","1,030","1,510","8,01","1025",
" 20/5","3 dic 2025 12:01:56","1160","14,190","1,030","1,510","7,85","1012",
" 21/1","3 dic 2025 12:03:22","1208","14,190","1,030","1,500","8,07","1019",
" 21/2","3 dic 2025 12:03:36","1216","14,200","1,030","1,520","7,85","1011",
" 21/3","3 dic 2025 12:03:50","1224","14,190","1,030","1,500","7,91","1016",
" 21/4","3 dic 2025 12:04:05","1232","14,180","1,030","1,520","7,88","1017",
" 21/5","3 dic 2025 12:04:19","1240","14,180","1,030","1,510","7,88","1016",
" 22/1","3 dic 2025 12:05:45","1288","14,190","1,030","1,520","7,85","1008",
" 22/2","3 dic 2025 12:05:59","1296","14,190","1,030","1,510","8,01","1011",
" 22/3","3 dic 2025 12:06:14","1304","14,200","1,030","1,510","7,92","1009",
" 22/4","3 dic 2025 12:06:28","1312","14,170","1,030","1,500","7,96","1016",
" 22/5","3 dic 2025 12:06:35","1320","14,170","1,030","1,500","7,96","1016",
" 23/1","3 dic 2025 12:08:01","1368","14,190","1,030","1,510","7,88","1012",
" 23/2","3 dic 2025 12:08:15","1376","14,190","1,030","1,510","8,07","1020",
" 23/3","3 dic 2025 12:08:30","1384","14,180","1,030","1,510","8,05","1022",
" 23/4","3 dic 2025 12:08:44","1392","14,190","1,030","1,510","7,98","1019",
" 23/5","3 dic 2025 12:08:58","1400","14,160","1,030","1,510","7,98","1020",
" 24/1","3 dic 2025 12:10:24","1448","14,200","1,030","1,510","7,93","1023",
" 24/2","3 dic 2025 12:10:38","1456","14,190","1,030","1,520","7,92","1019",
" 24/3","3 dic 2025 12:10:53","1464","14,190","1,030","1,500","8,04","1016",
" 24/4","3 dic 2025 12:11:07","1472","14,180","1,030","1,510","7,99","1019",
" 24/5","3 dic 2025 12:11:21","1480","14,180","1,030","1,520","7,97","1006",
" 25/1","3 dic 2025 12:12:48","1528","14,180","1,030","1,500","7,92","1019",
" 25/2","3 dic 2025 12:13:02","1536","14,200","1,030","1,510","8,01","1020",
" 25/3","3 dic 2025 12:13:16","1544","14,190","1,030","1,510","7,92","1012",
" 25/4","3 dic 2025 12:13:31","1552","14,190","1,030","1,520","7,86","1020",
" 25/5","3 dic 2025 12:13:45","1560","14,180","1,030","1,520","7,92","1020",
" 26/1","3 dic 2025 12:15:11","1608","14,190","1,030","1,520","7,83","1012",
" 26/2","3 dic 2025 12:15:26","1616","14,230","1,030","1,510","8,01","1025",
" 26/3","3 dic 2025 12:15:40","1624","14,230","1,030","1,520","7,94","1027",
" 26/4","3 dic 2025 12:15:54","1632","14,190","1,030","1,510","7,88","1017",
" 26/5","3 dic 2025 12:16:09","1640","14,180","1,030","1,490","8,05","1022",
" 27/1","3 dic 2025 12:17:35","1688","14,200","1,030","1,500","8,07","1019",
" 27/2","3 dic 2025 12:17:49","1696","14,200","1,030","1,500","8,01","1012",
" 27/3","3 dic 2025 12:18:04","1704","14,190","1,030","1,510","7,94","1012",
" 27/4","3 dic 2025 12:18:18","1712","14,200","1,030","1,510","7,93","1017",
" 27/5","3 dic 2025 12:18:32","1720","14,180","1,030","1,520","7,92","1016",
" 28/1","3 dic 2025 12:19:51","1768","14,180","1,030","1,510","8,04","1017",
" 28/2","3 dic 2025 12:20:05","1776","14,190","1,030","1,500","7,92","1017",
" 28/3","3 dic 2025 12:20:19","1784","14,190","1,030","1,510","7,92","1016",
" 28/4","3 dic 2025 12:20:34","1792","14,230","1,030","1,500","8,00","1025",
" 28/5","3 dic 2025 12:20:48","1800","14,220","1,030","1,510","7,98","1033",
" 29/1","3 dic 2025 12:22:14","1848","14,160","1,030","1,500","7,98","1028",
" 29/2","3 dic 2025 12:22:28","1856","14,210","1,030","1,510","7,98","1030",
" 29/3","3 dic 2025 12:22:43","1864","14,220","1,030","1,510","7,98","1020",
" 29/4","3 dic 2025 12:22:57","1872","14,230","1,030","1,510","8,00","1028",
" 29/5","3 dic 2025 12:23:12","1880","14,220","1,030","1,510","7,92","1031",
" 30/1","3 dic 2025 12:24:38","1928","14,180","1,030","1,520","7,86","1019",
" 30/2","3 dic 2025 12:24:52","1936","14,190","1,030","1,520","8,07","1025",
" 30/3","3 dic 2025 12:25:06","1944","14,190","1,030","1,510","8,07","1025",
" 30/4","3 dic 2025 12:25:21","1952","14,230","1,030","1,500","8,01","1025",
" 30/5","3 dic 2025 12:25:35","1960","14,230","1,030","1,500","7,98","1028",
" 31/1","3 dic 2025 12:27:01","2008","14,180","1,030","1,510","7,99","1012",
" 31/2","3 dic 2025 12:27:16","2016","14,220","1,030","1,510","8,01","1020",
" 31/3","3 dic 2025 12:27:30","2024","14,190","1,030","1,510","8,01","1016",
" 31/4","3 dic 2025 12:27:44","2032","14,190","1,030","1,520","7,92","1009",
" 31/5","3 dic 2025 12:27:59","2040","14,200","1,030","1,510","7,89","1014",
" 32/1","3 dic 2025 12:29:25","2088","14,210","1,030","1,500","8,08","1031",
" 32/2","3 dic 2025 12:29:39","2096","14,230","1,030","1,510","8,01","1031",
" 32/3","3 dic 2025 12:29:54","2104","14,230","1,030","1,510","8,02","1027",
" 32/4","3 dic 2025 12:30:08","2112","14,210","1,030","1,500","7,97","1025",
" 32/5","3 dic 2025 12:30:23","2120","14,230","1,030","1,510","8,00","1025",
" 33/1","3 dic 2025 12:31:42","2168","14,210","1,030","1,520","7,92","1014",
" 33/2","3 dic 2025 12:31:56","2176","14,220","1,030","1,510","7,86","1014",
" 33/3","3 dic 2025 12:32:10","2184","14,200","1,030","1,520","7,87","1019",
" 33/4","3 dic 2025 12:32:25","2192","14,210","1,030","1,510","7,92","1027",
" 33/5","3 dic 2025 12:32:39","2200","14,210","1,030","1,520","7,87","1022",
" 34/1","3 dic 2025 12:34:05","2248","14,240","1,030","1,510","8,10","1027",
" 34/2","3 dic 2025 12:34:20","2256","14,180","1,030","1,510","7,91","1028",
" 34/3","3 dic 2025 12:34:34","2264","14,190","1,030","1,510","7,98","1017",
" 34/4","3 dic 2025 12:34:48","2272","14,210","1,030","1,500","8,00","1016",
" 34/5","3 dic 2025 12:35:03","2280","14,190","1,030","1,500","8,00","1019",
" 35/1","3 dic 2025 12:36:29","2328","14,180","1,030","1,510","7,81","1009",
" 35/2","3 dic 2025 12:36:44","2336","14,180","1,030","1,520","7,87","1012",
" 35/3","3 dic 2025 12:36:58","2344","14,210","1,030","1,510","7,99","1019",
" 35/4","3 dic 2025 12:37:12","2352","14,170","1,030","1,510","7,91","1011",
" 35/5","3 dic 2025 12:37:27","2360","14,180","1,030","1,510","7,92","1014",
" 36/1","3 dic 2025 12:38:53","2408","14,190","1,030","1,500","7,99","1009",
" 36/2","3 dic 2025 12:39:07","2416","14,190","1,030","1,510","7,98","1017",
" 36/3","3 dic 2025 12:39:21","2424","14,230","1,030","1,520","7,86","1030",
" 36/4","3 dic 2025 12:39:36","2432","14,190","1,030","1,520","7,86","1023",
" 36/5","3 dic 2025 12:39:50","2440","14,210","1,030","1,510","8,06","1031",
" 37/1","3 dic 2025 12:41:16","2488","14,190","1,030","1,510","7,92","1017",
" 37/2","3 dic 2025 12:41:24","2496","14,190","1,030","1,510","7,92","1017",
" 37/3","3 dic 2025 12:41:38","2504","14,220","1,030","1,520","8,00","1023",
" 37/4","3 dic 2025 12:41:52","2512","14,190","1,030","1,500","8,01","1025",
" 37/5","3 dic 2025 12:42:07","2520","14,230","1,030","1,510","7,92","1027",
" 38/1","3 dic 2025 12:43:33","2568","14,180","1,030","1,500","8,07","1031",
" 38/2","3 dic 2025 12:43:47","2576","14,210","1,030","1,500","7,92","1031",
" 38/3","3 dic 2025 12:44:01","2584","14,180","1,030","1,510","7,92","1025",
" 38/4","3 dic 2025 12:44:16","2592","14,190","1,030","1,520","7,97","1027",
" 38/5","3 dic 2025 12:44:30","2600","14,230","1,030","1,510","7,92","1019",
" 39/1","3 dic 2025 12:45:56","2648","14,180","1,030","1,520","7,92","1005",
" 39/2","3 dic 2025 12:46:11","2656","14,180","1,030","1,520","7,92","1014",
" 39/3","3 dic 2025 12:46:25","2664","14,190","1,030","1,520","8,02","1019",
" 39/4","3 dic 2025 12:46:39","2672","14,220","1,030","1,510","7,93","1011",
" 39/5","3 dic 2025 12:46:54","2680","14,200","1,030","1,510","7,93","1028",
" 40/1","3 dic 2025 12:48:20","2728","14,190","1,030","1,520","7,86","1011",
" 40/2","3 dic 2025 12:48:34","2736","14,190","1,030","1,500","8,07","1016",
" 40/3","3 dic 2025 12:48:48","2744","14,220","1,030","1,510","7,98","1020",
" 40/4","3 dic 2025 12:49:03","2752","14,230","1,030","1,510","8,00","1028",
" 40/5","3 dic 2025 12:49:17","2760","14,210","1,030","1,510","7,91","1022",
" 41/1","3 dic 2025 12:50:43","2808","14,190","1,030","1,510","7,89","1019",
" 41/2","3 dic 2025 12:50:58","2816","14,190","1,030","1,510","7,86","1017",
" 41/3","3 dic 2025 12:51:12","2824","14,190","1,030","1,500","8,06","1019",
" 41/4","3 dic 2025 12:51:26","2832","14,190","1,030","1,500","7,95","1022",
" 41/5","3 dic 2025 12:51:41","2840","14,170","1,030","1,510","7,92","1011",
" 42/1","3 dic 2025 12:53:00","2888","14,180","1,030","1,520","7,91","1016",
" 42/2","3 dic 2025 12:53:14","2896","14,190","1,030","1,500","7,94","1016",
" 42/3","3 dic 2025 12:53:28","2904","14,190","1,030","1,510","8,01","1022",
" 42/4","3 dic 2025 12:53:43","2912","14,210","1,030","1,490","8,04","1027",
" 42/5","3 dic 2025 12:53:57","2920","14,190","1,030","1,520","7,92","1022",
" 43/1","3 dic 2025 12:55:23","2968","14,210","1,030","1,490","8,11","1025",
" 43/2","3 dic 2025 12:55:37","2976","14,180","1,030","1,500","8,01","1019",
" 43/3","3 dic 2025 12:55:52","2984","14,220","1,030","1,500","7,96","1025",
" 43/4","3 dic 2025 12:56:06","2992","14,190","1,030","1,500","7,98","1019",
" 43/5","3 dic 2025 12:56:21","3000","14,190","1,030","1,490","8,10","1028",
" 44/1","3 dic 2025 12:57:47","3048","14,200","1,030","1,500","7,92","1019",
" 44/2","3 dic 2025 12:58:01","3056","14,190","1,030","1,500","8,01","1019",
" 44/3","3 dic 2025 12:58:16","3064","14,200","1,030","1,510","7,99","1016",
" 44/4","3 dic 2025 12:58:30","3072","14,190","1,030","1,490","8,02","1020",
" 44/5","3 dic 2025 12:58:44","3080","14,200","1,030","1,510","7,92","1011",
" 45/1","3 dic 2025 13:00:10","3128","14,190","1,030","1,500","7,92","1016",
" 45/2","3 dic 2025 13:00:25","3136","14,200","1,030","1,500","7,92","1016",
" 45/3","3 dic 2025 13:00:39","3144","14,210","1,030","1,500","7,95","1016",
" 45/4","3 dic 2025 13:00:54","3152","14,180","1,030","1,490","8,14","1020",
" 45/5","3 dic 2025 13:01:08","3160","14,200","1,030","1,480","8,06","1019",
" 46/1","3 dic 2025 13:26:24","3208","14,250","1,030","1,450","7,56","953",
" 46/2","3 dic 2025 13:26:39","3216","14,250","1,030","1,430","7,75","956",
" 46/3","3 dic 2025 13:26:53","3224","14,260","1,030","1,430","7,67","959",
" 46/4","3 dic 2025 13:27:07","3232","14,260","1,030","1,430","7,95","964",
" 46/5","3 dic 2025 13:27:22","3240","14,270","1,030","1,440","7,81","978",
" 47/1","3 dic 2025 13:28:48","3288","14,240","1,030","1,470","8,01","1006",
" 47/2","3 dic 2025 13:29:02","3296","14,210","1,030","1,460","8,07","1012",
" 47/3","3 dic 2025 13:29:17","3304","14,230","1,030","1,470","7,94","1005",
" 47/4","3 dic 2025 13:29:31","3312","14,230","1,030","1,480","7,97","1012",
" 47/5","3 dic 2025 13:29:45","3320","14,230","1,030","1,480","7,91","1006",
" 48/1","3 dic 2025 13:31:12","3368","14,210","1,030","1,490","8,05","1012",
" 48/2","3 dic 2025 13:31:26","3376","14,240","1,030","1,500","7,94","1006",
" 48/3","3 dic 2025 13:31:40","3384","14,210","1,030","1,490","7,90","1008",
" 48/4","3 dic 2025 13:31:55","3392","14,220","1,030","1,490","7,91","1006",
" 48/5","3 dic 2025 13:32:09","3400","14,230","1,030","1,500","7,84","1006",
" 49/1","3 dic 2025 13:33:35","3448","14,230","1,030","1,490","7,88","1006",
" 49/2","3 dic 2025 13:33:50","3456","14,220","1,030","1,500","7,90","1009",
" 49/3","3 dic 2025 13:34:04","3464","14,220","1,030","1,500","7,99","1009",
" 49/4","3 dic 2025 13:34:19","3472","14,230","1,030","1,490","7,98","1005",
" 49/5","3 dic 2025 13:34:33","3480","14,250","1,030","1,490","8,05","1009",
" 50/1","3 dic 2025 13:35:59","3528","14,230","1,030","1,500","8,07","1012",
" 50/2","3 dic 2025 13:36:06","3536","14,230","1,030","1,500","8,07","1012",
" 50/3","3 dic 2025 13:36:21","3544","14,210","1,030","1,500","8,00","1017",
" 50/4","3 dic 2025 13:36:35","3552","14,260","1,030","1,500","7,93","1009",
" 50/5","3 dic 2025 13:36:49","3560","14,240","1,030","1,510","7,99","1016",
" 51/1","3 dic 2025 13:38:16","3608","14,250","1,030","1,490","8,11","1012",
" 51/2","3 dic 2025 13:38:30","3616","14,250","1,030","1,500","8,00","1017",
" 51/3","3 dic 2025 13:38:44","3624","14,250","1,030","1,500","8,08","1022",
" 51/4","3 dic 2025 13:38:59","3632","14,260","1,030","1,500","8,00","1014",
" 51/5","3 dic 2025 13:39:13","3640","14,250","1,030","1,510","8,02","1017",
" 52/1","3 dic 2025 13:40:39","3688","14,250","1,030","1,490","8,10","1016",
" 52/2","3 dic 2025 13:40:54","3696","14,260","1,030","1,500","7,99","1009",
" 52/3","3 dic 2025 13:41:08","3704","14,250","1,030","1,490","8,09","1012",
" 52/4","3 dic 2025 13:41:22","3712","14,250","1,030","1,500","8,10","1020",
" 52/5","3 dic 2025 13:41:37","3720","14,250","1,030","1,490","8,08","1011",
" 53/1","3 dic 2025 13:43:03","3768","14,220","1,030","1,490","8,08","1019",
" 53/2","3 dic 2025 13:43:17","3776","14,220","1,030","1,500","7,90","1020",
" 53/3","3 dic 2025 13:43:32","3784","14,220","1,030","1,490","8,12","1019",
" 53/4","3 dic 2025 13:43:46","3792","14,210","1,030","1,500","7,98","1011",
" 53/5","3 dic 2025 13:44:01","3800","14,240","1,030","1,500","8,02","1003",
" 54/1","3 dic 2025 13:45:27","3848","14,220","1,030","1,490","7,99","1014",
" 54/2","3 dic 2025 13:45:41","3856","14,220","1,030","1,490","7,98","1011",
" 54/3","3 dic 2025 13:45:56","3864","14,220","1,030","1,490","8,12","1016",
" 54/4","3 dic 2025 13:46:10","3872","14,210","1,030","1,510","7,97","1011",
" 54/5","3 dic 2025 13:46:24","3880","14,200","1,030","1,500","8,02","1014",
" 55/1","3 dic 2025 13:47:51","3928","14,210","1,030","1,480","8,17","1019",
" 55/2","3 dic 2025 13:48:05","3936","14,240","1,030","1,490","8,07","1017",
" 55/3","3 dic 2025 13:48:19","3944","14,200","1,030","1,490","8,11","1017",
" 55/4","3 dic 2025 13:48:34","3952","14,220","1,030","1,500","8,07","1020",
" 55/5","3 dic 2025 13:48:48","3960","14,250","1,030","1,490","8,13","1019",
" 56/1","3 dic 2025 13:50:07","4008","14,220","1,030","1,480","8,14","1017",
" 56/2","3 dic 2025 13:50:22","4016","14,240","1,030","1,490","8,11","1012",
" 56/3","3 dic 2025 13:50:36","4024","14,250","1,030","1,500","7,99","1011",
" 56/4","3 dic 2025 13:50:50","4032","14,220","1,030","1,480","8,15","1016",
" 56/5","3 dic 2025 13:51:05","4040","14,220","1,030","1,490","8,13","1016",
" 57/1","3 dic 2025 13:52:31","4088","14,200","1,030","1,490","8,11","1022",
" 57/2","3 dic 2025 13:52:45","4096","14,200","1,030","1,490","8,11","1016",
" 57/3","3 dic 2025 13:53:00","4104","14,210","1,030","1,500","7,89","1012",
" 57/4","3 dic 2025 13:53:14","4112","14,230","1,030","1,490","8,24","1020",
" 57/5","3 dic 2025 13:53:28","4120","14,210","1,030","1,490","8,00","1011",
" 58/1","3 dic 2025 13:54:55","4168","14,240","1,030","1,490","8,12","1011",
" 58/2","3 dic 2025 13:55:09","4176","14,220","1,030","1,490","8,08","1012",
" 58/3","3 dic 2025 13:55:23","4184","14,220","1,030","1,490","8,13","1014",
" 58/4","3 dic 2025 13:55:38","4192","14,230","1,030","1,490","8,16","1020",
" 58/5","3 dic 2025 13:55:52","4200","14,220","1,030","1,500","8,15","1022",
" 59/1","3 dic 2025 13:57:19","4248","14,220","1,030","1,490","8,07","1016",
" 59/2","3 dic 2025 13:57:33","4256","14,250","1,030","1,490","7,91","1012",
" 59/3","3 dic 2025 13:57:47","4264","14,250","1,030","1,510","8,05","1016",
" 59/4","3 dic 2025 13:58:02","4272","14,220","1,030","1,500","8,08","1012",
" 59/5","3 dic 2025 13:58:16","4280","14,230","1,030","1,500","8,06","1017",
" 60/1","3 dic 2025 13:59:42","4328","14,220","1,030","1,490","8,09","1020",
" 60/2","3 dic 2025 13:59:57","4336","14,260","1,030","1,480","8,06","1016",
" 60/3","3 dic 2025 14:00:11","4344","14,220","1,030","1,500","8,03","1011",
" 60/4","3 dic 2025 14:00:25","4352","14,220","1,030","1,500","8,01","1025",
" 60/5","3 dic 2025 14:00:40","4360","14,220","1,030","1,490","8,11","1022",
" 61/1","3 dic 2025 14:01:59","4408","14,200","1,030","1,490","8,10","1012",
" 61/2","3 dic 2025 14:02:13","4416","14,210","1,030","1,480","8,22","1014",
" 61/3","3 dic 2025 14:02:28","4424","14,240","1,030","1,500","8,00","1016",
" 61/4","3 dic 2025 14:02:42","4432","14,220","1,030","1,490","8,03","1016",
" 61/5","3 dic 2025 14:02:56","4440","14,250","1,030","1,500","8,00","1006",
" 62/1","3 dic 2025 14:04:23","4488","14,210","1,030","1,500","8,02","1008",
" 62/2","3 dic 2025 14:04:37","4496","14,210","1,030","1,490","7,91","1008",
" 62/3","3 dic 2025 14:04:51","4504","14,230","1,030","1,490","8,11","1016",
" 62/4","3 dic 2025 14:05:06","4512","14,260","1,030","1,480","8,28","1017",
" 62/5","3 dic 2025 14:05:20","4520","14,210","1,030","1,500","8,02","1012",
" 63/1","3 dic 2025 14:06:46","4568","14,200","1,030","1,510","7,92","1009",
" 63/2","3 dic 2025 14:07:01","4576","14,230","1,030","1,490","7,93","1014",
" 63/3","3 dic 2025 14:07:15","4584","14,210","1,030","1,500","8,03","1009",
" 63/4","3 dic 2025 14:07:30","4592","14,220","1,030","1,490","8,13","1020",
" 63/5","3 dic 2025 14:07:44","4600","14,220","1,030","1,490","8,20","1023",
" 64/1","3 dic 2025 14:09:10","4648","14,210","1,030","1,500","8,00","1014",
" 64/2","3 dic 2025 14:09:25","4656","14,220","1,030","1,490","8,00","1011",
" 64/3","3 dic 2025 14:09:39","4664","14,210","1,030","1,500","8,13","1014",
" 64/4","3 dic 2025 14:09:53","4672","14,250","1,030","1,490","8,03","1009",
" 64/5","3 dic 2025 14:10:08","4680","14,220","1,030","1,500","8,09","1016",
" 65/1","3 dic 2025 14:11:34","4728","14,210","1,030","1,480","8,13","1011",
" 65/2","3 dic 2025 14:11:49","4736","14,210","1,030","1,490","8,03","1008",
" 65/3","3 dic 2025 14:12:03","4744","14,210","1,030","1,490","8,08","1006",
" 65/4","3 dic 2025 14:12:17","4752","14,220","1,030","1,490","8,15","1017",
" 65/5","3 dic 2025 14:12:24","4760","14,220","1,030","1,490","8,15","1017",
" 66/1","3 dic 2025 14:13:51","4808","14,200","1,030","1,500","8,13","1017",
" 66/2","3 dic 2025 14:14:05","4816","14,200","1,030","1,520","8,00","1008",
" 66/3","3 dic 2025 14:14:19","4824","14,200","1,030","1,520","8,03","1008",
" 66/4","3 dic 2025 14:14:34","4832","14,200","1,030","1,490","8,28","1017",
" 66/5","3 dic 2025 14:14:48","4840","14,230","1,030","1,500","8,06","1011",
" 67/1","3 dic 2025 14:16:14","4888","14,200","1,030","1,500","8,18","1025",
" 67/2","3 dic 2025 14:16:29","4896","14,200","1,030","1,500","8,11","1017",
" 67/3","3 dic 2025 14:16:43","4904","14,200","1,030","1,500","8,11","1016",
" 67/4","3 dic 2025 14:16:57","4912","14,230","1,030","1,500","8,11","1008",
" 67/5","3 dic 2025 14:17:12","4920","14,200","1,030","1,500","8,09","1019",
" 68/1","3 dic 2025 14:18:38","4968","14,200","1,030","1,500","7,93","1014",
" 68/2","3 dic 2025 14:18:52","4976","14,210","1,030","1,490","8,22","1017",
" 68/3","3 dic 2025 14:19:07","4984","14,200","1,030","1,490","8,20","1016",
" 68/4","3 dic 2025 14:19:21","4992","14,210","1,030","1,480","8,12","1017",
" 68/5","3 dic 2025 14:19:36","5000","14,200","1,030","1,480","8,13","1014",
" 69/1","3 dic 2025 14:21:02","5048","14,210","1,030","1,480","8,24","1022",
" 69/2","3 dic 2025 14:21:16","5056","14,200","1,030","1,490","8,07","1006",
" 69/3","3 dic 2025 14:21:31","5064","14,200","1,030","1,490","8,07","1012",
" 69/4","3 dic 2025 14:21:45","5072","14,230","1,030","1,500","8,11","1011",
" 69/5","3 dic 2025 14:21:59","5080","14,230","1,030","1,500","8,08","1011",
" 70/1","3 dic 2025 14:23:18","5128","14,200","1,030","1,490","8,13","1016",
" 70/2","3 dic 2025 14:23:33","5136","14,210","1,030","1,500","8,09","1017",
" 70/3","3 dic 2025 14:23:47","5144","14,210","1,030","1,510","8,08","1011",
" 70/4","3 dic 2025 14:24:02","5152","14,200","1,030","1,490","8,13","1011",
" 70/5","3 dic 2025 14:24:16","5160","14,210","1,030","1,490","8,12","1014",
" 71/1","3 dic 2025 14:25:42","5208","14,190","1,030","1,490","8,11","1017",
" 71/2","3 dic 2025 14:25:57","5216","14,200","1,030","1,490","8,16","1016",
" 71/3","3 dic 2025 14:26:11","5224","14,210","1,030","1,500","8,12","1020",
" 71/4","3 dic 2025 14:26:25","5232","14,200","1,030","1,510","8,01","1017",
" 71/5","3 dic 2025 14:26:40","5240","14,210","1,030","1,490","8,14","1016",
" 72/1","3 dic 2025 14:28:06","5288","14,210","1,030","1,490","8,13","1019",
" 72/2","3 dic 2025 14:28:20","5296","14,190","1,030","1,500","7,94","1006",
" 72/3","3 dic 2025 14:28:35","5304","14,190","1,030","1,490","8,10","1019",
" 72/4","3 dic 2025 14:28:49","5312","14,220","1,030","1,480","8,24","1019",
" 72/5","3 dic 2025 14:29:04","5320","14,190","1,030","1,500","8,02","1011",
" 73/1","3 dic 2025 14:30:30","5368","14,200","1,030","1,500","8,09","1012",
" 73/2","3 dic 2025 14:30:44","5376","14,200","1,030","1,500","8,12","1014",
" 73/3","3 dic 2025 14:30:59","5384","14,200","1,030","1,500","8,11","1022",
" 73/4","3 dic 2025 14:31:13","5392","14,200","1,030","1,490","8,14","1012",
" 73/5","3 dic 2025 14:31:27","5400","14,200","1,030","1,510","8,00","1008",
" 74/1","3 dic 2025 14:32:54","5448","14,220","1,030","1,500","7,88","1009",
" 74/2","3 dic 2025 14:33:08","5456","14,190","1,030","1,500","8,13","1020",
" 74/3","3 dic 2025 14:33:22","5464","14,220","1,030","1,490","8,17","1014",
" 74/4","3 dic 2025 14:33:37","5472","14,190","1,030","1,490","8,11","1019",
" 74/5","3 dic 2025 14:33:44","5480","14,190","1,030","1,490","8,11","1019",
" 75/1","3 dic 2025 14:35:10","5528","14,190","1,030","1,510","7,93","1009",
" 75/2","3 dic 2025 14:35:24","5536","14,190","1,030","1,500","7,93","1020",
" 75/3","3 dic 2025 14:35:39","5544","14,190","1,030","1,510","8,03","1016",
" 75/4","3 dic 2025 14:35:53","5552","14,190","1,030","1,490","8,00","1011",
" 75/5","3 dic 2025 14:36:08","5560","14,190","1,030","1,490","8,08","1011",
" 76/1","3 dic 2025 14:37:34","5608","14,190","1,030","1,490","8,04","1009",
" 76/2","3 dic 2025 14:37:48","5616","14,190","1,030","1,510","8,00","1016",
" 76/3","3 dic 2025 14:38:03","5624","14,190","1,030","1,510","7,82","1005",
" 76/4","3 dic 2025 14:38:17","5632","14,190","1,030","1,490","8,18","1014",
" 76/5","3 dic 2025 14:38:31","5640","14,190","1,030","1,500","8,03","1008",
" 77/1","3 dic 2025 14:39:57","5688","14,190","1,030","1,480","8,19","1020",
" 77/2","3 dic 2025 14:40:12","5696","14,200","1,030","1,500","7,93","1009",
" 77/3","3 dic 2025 14:40:26","5704","14,230","1,030","1,490","8,25","1019",
" 77/4","3 dic 2025 14:40:41","5712","14,200","1,030","1,500","8,11","1012",
" 77/5","3 dic 2025 14:40:55","5720","14,200","1,030","1,490","8,12","1019",
" 78/1","3 dic 2025 14:42:21","5768","14,190","1,030","1,500","8,03","1017",
" 78/2","3 dic 2025 14:42:36","5776","14,190","1,030","1,490","8,11","1016",
" 78/3","3 dic 2025 14:42:50","5784","14,200","1,030","1,480","8,14","1017",
" 78/4","3 dic 2025 14:43:04","5792","14,210","1,030","1,490","8,13","1017",
" 78/5","3 dic 2025 14:43:19","5800","14,240","1,030","1,490","8,11","1011",
" 79/1","3 dic 2025 14:44:38","5848","14,200","1,030","1,490","8,11","1016",
" 79/2","3 dic 2025 14:44:52","5856","14,210","1,030","1,490","8,26","1017",
" 79/3","3 dic 2025 14:45:06","5864","14,210","1,030","1,490","8,26","1020",
" 79/4","3 dic 2025 14:45:21","5872","14,200","1,030","1,500","8,05","1011",
" 79/5","3 dic 2025 14:45:35","5880","14,190","1,030","1,510","8,06","1016",
" 80/1","3 dic 2025 14:47:01","5928","14,210","1,030","1,490","8,13","1017",
" 80/2","3 dic 2025 14:47:16","5936","14,210","1,030","1,520","7,94","1017",
" 80/3","3 dic 2025 14:47:30","5944","14,190","1,030","1,510","8,01","1019",
" 80/4","3 dic 2025 14:47:44","5952","14,200","1,030","1,490","8,18","1022",
" 80/5","3 dic 2025 14:47:59","5960","14,230","1,030","1,500","8,01","1019",
" 81/1","3 dic 2025 14:49:25","6008","14,200","1,030","1,510","8,01","1020",
" 81/2","3 dic 2025 14:49:39","6016","14,200","1,030","1,500","8,17","1016",
" 81/3","3 dic 2025 14:49:54","6024","14,200","1,030","1,500","8,13","1012",
" 81/4","3 dic 2025 14:50:08","6032","14,190","1,030","1,500","8,16","1014",
" 81/5","3 dic 2025 14:50:23","6040","14,190","1,030","1,490","8,13","1017",
" 82/1","3 dic 2025 14:51:49","6088","14,190","1,030","1,510","8,23","1011",
" 82/2","3 dic 2025 14:52:03","6096","14,180","1,030","1,500","8,23","1014",
" 82/3","3 dic 2025 14:52:17","6104","14,190","1,030","1,500","8,03","1011",
" 82/4","3 dic 2025 14:52:32","6112","14,200","1,030","1,520","8,10","1019",
" 82/5","3 dic 2025 14:52:46","6120","14,200","1,030","1,510","7,94","1011",
" 83/1","3 dic 2025 14:54:12","6168","14,250","1,030","1,520","7,95","1011",
" 83/2","3 dic 2025 14:54:27","6176","14,220","1,030","1,500","8,10","1020",
" 83/3","3 dic 2025 14:54:41","6184","14,220","1,030","1,500","8,14","1025",
" 83/4","3 dic 2025 14:54:56","6192","14,190","1,030","1,520","8,06","1014",
" 83/5","3 dic 2025 14:55:03","6200","14,190","1,030","1,520","8,06","1014",
" 84/1","3 dic 2025 14:56:29","6248","14,200","1,030","1,510","7,95","1008",
" 84/2","3 dic 2025 14:56:43","6256","14,210","1,030","1,510","8,03","1014",
" 84/3","3 dic 2025 14:56:58","6264","14,220","1,030","1,520","8,05","1016",
" 84/4","3 dic 2025 14:57:12","6272","14,230","1,030","1,500","8,01","1011",
" 84/5","3 dic 2025 14:57:27","6280","14,230","1,030","1,510","8,04","1019",
" 85/1","3 dic 2025 14:58:53","6328","14,230","1,030","1,510","8,08","1020",
" 85/2","3 dic 2025 14:59:07","6336","14,210","1,030","1,520","8,03","1025",
" 85/3","3 dic 2025 14:59:22","6344","14,240","1,030","1,500","8,11","1012",
" 85/4","3 dic 2025 14:59:36","6352","14,190","1,030","1,510","8,00","1011",
" 85/5","3 dic 2025 14:59:50","6360","14,200","1,030","1,510","7,89","1006",
" 86/1","3 dic 2025 15:01:16","6408","14,190","1,030","1,520","7,90","1006",
" 86/2","3 dic 2025 15:01:31","6416","14,210","1,030","1,520","8,04","1009",
" 86/3","3 dic 2025 15:01:45","6424","14,240","1,030","1,510","8,13","1022",
" 86/4","3 dic 2025 15:02:00","6432","14,210","1,030","1,510","8,11","1011",
" 86/5","3 dic 2025 15:02:14","6440","14,220","1,030","1,520","8,03","1025",
" 87/1","3 dic 2025 15:03:40","6488","14,190","1,030","1,520","8,08","1014",
" 87/2","3 dic 2025 15:03:55","6496","14,210","1,030","1,530","8,01","1005",
" 87/3","3 dic 2025 15:04:09","6504","14,200","1,030","1,520","8,03","1005",
" 87/4","3 dic 2025 15:04:23","6512","14,210","1,030","1,510","8,14","1017",
" 87/5","3 dic 2025 15:04:38","6520","14,220","1,030","1,500","8,09","1006",
" 88/1","3 dic 2025 15:06:04","6568","14,200","1,030","1,510","8,07","1009",
" 88/2","3 dic 2025 15:06:11","6576","14,200","1,030","1,510","8,07","1009",
" 88/3","3 dic 2025 15:06:26","6584","14,200","1,030","1,510","7,94","1009",
" 88/4","3 dic 2025 15:06:40","6592","14,200","1,030","1,510","8,17","1019",
" 88/5","3 dic 2025 15:06:54","6600","14,230","1,030","1,510","8,13","1011",
" 89/1","3 dic 2025 15:08:21","6648","14,230","1,030","1,500","8,03","1014",
" 89/2","3 dic 2025 15:08:35","6656","14,210","1,030","1,500","8,17","1016",
" 89/3","3 dic 2025 15:08:49","6664","14,210","1,030","1,510","8,09","1011",
" 89/4","3 dic 2025 15:09:04","6672","14,210","1,030","1,490","8,23","1016",
" 89/5","3 dic 2025 15:09:18","6680","14,200","1,030","1,500","8,06","1006",
" 90/1","3 dic 2025 15:10:44","6728","14,200","1,030","1,510","8,03","1020",
" 90/2","3 dic 2025 15:10:59","6736","14,230","1,030","1,510","8,14","1027",
" 90/3","3 dic 2025 15:11:13","6744","14,210","1,030","1,520","8,05","1016",
" 90/4","3 dic 2025 15:11:28","6752","14,190","1,030","1,520","8,13","1020",
" 90/5","3 dic 2025 15:11:42","6760","14,210","1,030","1,510","8,02","1023",
" 91/1","3 dic 2025 15:13:08","6808","14,220","1,030","1,520","8,07","1019",
" 91/2","3 dic 2025 15:13:23","6816","14,210","1,030","1,490","8,13","1014",
" 91/3","3 dic 2025 15:13:37","6824","14,200","1,030","1,510","8,11","1006",
" 91/4","3 dic 2025 15:13:51","6832","14,190","1,030","1,520","7,93","1006",
" 91/5","3 dic 2025 15:14:06","6840","14,210","1,030","1,520","7,92","1009",
" 92/1","3 dic 2025 15:15:32","6888","14,180","1,030","1,520","7,93","1006",
" 92/2","3 dic 2025 15:15:46","6896","14,190","1,030","1,530","7,93","1009",
" 92/3","3 dic 2025 15:16:01","6904","14,180","1,030","1,510","8,07","1017",
" 92/4","3 dic 2025 15:16:15","6912","14,200","1,030","1,520","8,19","1016",
" 92/5","3 dic 2025 15:16:29","6920","14,220","1,030","1,510","8,13","1016",
" 93/1","3 dic 2025 15:17:48","6968","14,200","1,030","1,510","8,02","1016",
" 93/2","3 dic 2025 15:18:03","6976","14,180","1,030","1,490","8,26","1019",
" 93/3","3 dic 2025 15:18:17","6984","14,190","1,030","1,500","8,02","1009",
" 93/4","3 dic 2025 15:18:32","6992","14,190","1,030","1,500","8,10","1016",
" 93/5","3 dic 2025 15:18:46","7000","14,220","1,030","1,520","7,94","1019",
" 94/1","3 dic 2025 15:20:12","7048","14,190","1,030","1,490","8,30","1022",
" 94/2","3 dic 2025 15:20:27","7056","14,180","1,030","1,510","7,94","1009",
" 94/3","3 dic 2025 15:20:41","7064","14,200","1,030","1,510","7,98","1005",
" 94/4","3 dic 2025 15:20:55","7072","14,230","1,030","1,500","8,12","1019",
" 94/5","3 dic 2025 15:21:10","7080","14,240","1,030","1,490","8,24","1020",
" 95/1","3 dic 2025 15:22:36","7128","14,200","1,030","1,510","8,01","1019",
" 95/2","3 dic 2025 15:22:50","7136","14,230","1,030","1,510","8,01","1025",
" 95/3","3 dic 2025 15:23:05","7144","14,190","1,030","1,510","8,10","1020",
" 95/4","3 dic 2025 15:23:19","7152","14,200","1,030","1,520","7,93","1017",
" 95/5","3 dic 2025 15:23:33","7160","14,190","1,030","1,500","8,08","1020",
" 96/1","3 dic 2025 15:25:00","7208","14,230","1,030","1,500","8,13","1011",
" 96/2","3 dic 2025 15:25:14","7216","14,210","1,030","1,510","7,93","1012",
" 96/3","3 dic 2025 15:25:28","7224","14,210","1,030","1,510","8,09","1027",
" 96/4","3 dic 2025 15:25:43","7232","14,210","1,030","1,500","8,16","1016",
" 96/5","3 dic 2025 15:25:57","7240","14,190","1,030","1,520","8,03","1009",
" 97/1","3 dic 2025 15:27:23","7288","14,200","1,030","1,520","8,08","1014",
" 97/2","3 dic 2025 15:27:38","7296","14,190","1,030","1,510","7,95","1011",
" 97/3","3 dic 2025 15:27:45","7304","14,190","1,030","1,510","7,95","1011",
" 97/4","3 dic 2025 15:27:59","7312","14,230","1,030","1,520","7,93","1011",
" 97/5","3 dic 2025 15:28:14","7320","14,220","1,030","1,500","8,23","1023",
" 98/1","3 dic 2025 15:29:40","7368","14,220","1,030","1,510","8,01","1006",
" 98/2","3 dic 2025 15:29:54","7376","14,230","1,030","1,510","8,00","1022",
" 98/3","3 dic 2025 15:30:09","7384","14,200","1,030","1,520","8,05","1009",
" 98/4","3 dic 2025 15:30:23","7392","14,220","1,030","1,530","7,93","1008",
" 98/5","3 dic 2025 15:30:37","7400","14,230","1,030","1,500","8,13","1017",
" 99/1","3 dic 2025 15:32:04","7448","14,190","1,030","1,520","8,03","1011",
" 99/2","3 dic 2025 15:32:18","7456","14,230","1,030","1,510","8,08","1011",
" 99/3","3 dic 2025 15:32:32","7464","14,240","1,030","1,500","8,17","1016",
" 99/4","3 dic 2025 15:32:47","7472","14,240","1,030","1,520","7,93","1009",
" 99/5","3 dic 2025 15:33:01","7480","14,230","1,030","1,530","7,97","1012",
" 100/1","3 dic 2025 15:34:27","7528","14,220","1,030","1,510","8,03","1003",
" 100/2","3 dic 2025 15:34:42","7536","14,230","1,030","1,500","8,03","1022",
" 100/3","3 dic 2025 15:34:56","7544","14,200","1,030","1,500","8,07","1023",
" 100/4","3 dic 2025 15:35:10","7552","14,220","1,030","1,520","8,03","1014",
" 100/5","3 dic 2025 15:35:25","7560","14,180","1,030","1,510","8,06","1023",
" 101/1","3 dic 2025 15:36:51","7608","14,200","1,030","1,520","8,11","1012",
" 101/2","3 dic 2025 15:37:05","7616","14,220","1,030","1,520","8,01","1011",
" 101/3","3 dic 2025 15:37:20","7624","14,200","1,030","1,520","8,06","1011",
" 101/4","3 dic 2025 15:37:34","7632","14,240","1,030","1,510","8,08","1016",
" 101/5","3 dic 2025 15:37:49","7640","14,210","1,030","1,510","7,93","1017",
" 102/1","3 dic 2025 15:39:08","7688","14,220","1,030","1,520","7,93","1006",
" 102/2","3 dic 2025 15:39:22","7696","14,190","1,030","1,510","8,07","1012",
" 102/3","3 dic 2025 15:39:36","7704","14,220","1,030","1,510","8,10","1019",
" 102/4","3 dic 2025 15:39:51","7712","14,200","1,030","1,500","8,15","1006",
" 102/5","3 dic 2025 15:40:05","7720","14,210","1,030","1,510","8,13","1008",
" 103/1","3 dic 2025 15:41:31","7768","14,180","1,030","1,510","8,00","1009",
" 103/2","3 dic 2025 15:41:46","7776","14,190","1,030","1,510","8,06","1014",
" 103/3","3 dic 2025 15:42:00","7784","14,180","1,030","1,510","8,11","1009",
" 103/4","3 dic 2025 15:42:15","7792","14,200","1,030","1,500","8,02","1016",
" 103/5","3 dic 2025 15:42:29","7800","14,230","1,030","1,510","8,11","1022",
" 104/1","3 dic 2025 15:43:55","7848","14,220","1,030","1,510","8,11","1009",
" 104/2","3 dic 2025 15:44:09","7856","14,210","1,030","1,510","8,03","1020",
" 104/3","3 dic 2025 15:44:24","7864","14,210","1,030","1,510","8,04","1006",
" 104/4","3 dic 2025 15:44:38","7872","14,200","1,030","1,510","7,95","1002",
" 104/5","3 dic 2025 15:44:53","7880","14,200","1,030","1,520","8,05","1011",
" 105/1","3 dic 2025 15:46:19","7928","14,230","1,030","1,510","8,22","1025",
" 105/2","3 dic 2025 15:46:33","7936","14,200","1,030","1,500","8,17","1017",
" 105/3","3 dic 2025 15:46:47","7944","14,210","1,030","1,500","8,23","1022",
" 105/4","3 dic 2025 15:47:02","7952","14,190","1,030","1,500","8,08","1014",
" 105/5","3 dic 2025 15:47:16","7960","14,190","1,030","1,510","7,91","1016",
" 106/1","3 dic 2025 15:48:42","8008","14,200","1,030","1,510","7,99","1022",
" 106/2","3 dic 2025 15:48:57","8016","14,200","1,030","1,500","7,91","1012",
" 106/3","3 dic 2025 15:49:11","8024","14,200","1,030","1,510","7,92","1012",
" 106/4","3 dic 2025 15:49:25","8032","14,210","1,030","1,500","8,17","1019",
" 106/5","3 dic 2025 15:49:40","8040","14,220","1,030","1,520","7,92","1016",
" 107/1","3 dic 2025 15:50:59","8088","14,210","1,030","1,490","8,00","1017",
" 107/2","3 dic 2025 15:51:13","8096","14,210","1,030","1,510","8,09","1023",
" 107/3","3 dic 2025 15:51:28","8104","14,200","1,030","1,500","8,14","1025",
" 107/4","3 dic 2025 15:51:42","8112","14,210","1,030","1,500","8,14","1020",
" 107/5","3 dic 2025 15:51:57","8120","14,220","1,030","1,510","8,10","1020",
" 108/1","3 dic 2025 15:53:23","8168","14,180","1,030","1,500","8,14","1019",
" 108/2","3 dic 2025 15:53:37","8176","14,190","1,030","1,510","7,92","1022",
" 108/3","3 dic 2025 15:53:51","8184","14,190","1,030","1,510","8,10","1025",
" 108/4","3 dic 2025 15:54:06","8192","14,210","1,030","1,510","7,93","1017",
" 108/5","3 dic 2025 15:54:20","8200","14,210","1,030","1,510","7,93","1019",
" 109/1","3 dic 2025 15:55:47","8248","14,200","1,030","1,520","7,92","1011",
" 109/2","3 dic 2025 15:56:01","8256","14,220","1,030","1,500","8,12","1031",
" 109/3","3 dic 2025 15:56:15","8264","14,220","1,030","1,520","7,94","1020",
" 109/4","3 dic 2025 15:56:30","8272","14,230","1,030","1,520","8,10","1020",
" 109/5","3 dic 2025 15:56:44","8280","14,180","1,030","1,530","7,84","1017",
" 110/1","3 dic 2025 15:58:10","8328","14,220","1,030","1,520","8,03","1012",
" 110/2","3 dic 2025 15:58:25","8336","14,250","1,030","1,520","8,08","1020",
" 110/3","3 dic 2025 15:58:39","8344","14,210","1,030","1,520","8,03","1012",
" 110/4","3 dic 2025 15:58:53","8352","14,230","1,030","1,520","8,02","1019",
" 110/5","3 dic 2025 15:59:08","8360","14,230","1,030","1,510","8,13","1016",
" 111/1","3 dic 2025 16:00:34","8408","14,190","1,030","1,530","7,82","1014",
" 111/2","3 dic 2025 16:00:48","8416","14,200","1,030","1,510","8,22","1017",
" 111/3","3 dic 2025 16:00:56","8424","14,200","1,030","1,510","8,22","1017",
" 111/4","3 dic 2025 16:01:10","8432","14,200","1,030","1,510","8,18","1016",
" 111/5","3 dic 2025 16:01:24","8440","14,210","1,030","1,510","8,10","1025",
" 112/1","3 dic 2025 16:02:51","8488","14,220","1,030","1,530","8,00","1008",
" 112/2","3 dic 2025 16:03:05","8496","14,220","1,030","1,530","7,90","1006",
" 112/3","3 dic 2025 16:03:20","8504","14,210","1,030","1,540","7,92","1009",
" 112/4","3 dic 2025 16:03:34","8512","14,210","1,030","1,520","8,00","1011",
" 112/5","3 dic 2025 16:03:48","8520","14,230","1,030","1,520","8,02","1019",
" 113/1","3 dic 2025 16:05:15","8568","14,220","1,030","1,530","7,99","1016",
" 113/2","3 dic 2025 16:05:29","8576","14,210","1,030","1,530","8,02","1016",
" 113/3","3 dic 2025 16:05:43","8584","14,210","1,030","1,520","7,92","1011",
" 113/4","3 dic 2025 16:05:58","8592","14,210","1,030","1,520","8,03","1022",
" 113/5","3 dic 2025 16:06:12","8600","14,220","1,030","1,520","7,94","1012",
" 114/1","3 dic 2025 16:07:38","8648","14,190","1,030","1,520","7,99","1014",
" 114/2","3 dic 2025 16:07:53","8656","14,210","1,030","1,500","8,12","1017",
" 114/3","3 dic 2025 16:08:07","8664","14,200","1,030","1,520","8,04","1011",
" 114/4","3 dic 2025 16:08:21","8672","14,230","1,030","1,520","7,94","1008",
" 114/5","3 dic 2025 16:08:36","8680","14,230","1,030","1,520","7,93","1014",
" 115/1","3 dic 2025 16:10:02","8728","14,220","1,030","1,530","8,10","1011",
" 115/2","3 dic 2025 16:10:17","8736","14,250","1,030","1,520","8,00","1012",
" 115/3","3 dic 2025 16:10:31","8744","14,210","1,030","1,520","7,96","1012",
" 115/4","3 dic 2025 16:10:45","8752","14,200","1,030","1,540","7,94","1011",
" 115/5","3 dic 2025 16:11:00","8760","14,200","1,030","1,530","8,01","1014",
" 116/1","3 dic 2025 16:12:19","8808","14,190","1,030","1,540","7,76","1002",
" 116/2","3 dic 2025 16:12:33","8816","14,210","1,030","1,540","7,98","1016",
" 116/3","3 dic 2025 16:12:47","8824","14,220","1,030","1,520","7,99","1011",
" 116/4","3 dic 2025 16:13:02","8832","14,190","1,030","1,540","7,92","1012",
" 116/5","3 dic 2025 16:13:16","8840","14,190","1,030","1,530","8,02","1017",
" 117/1","3 dic 2025 16:14:42","8888","14,220","1,030","1,530","8,07","1016",
" 117/2","3 dic 2025 16:14:57","8896","14,200","1,030","1,540","7,99","1019",
" 117/3","3 dic 2025 16:15:11","8904","14,240","1,030","1,540","7,93","1016",
" 117/4","3 dic 2025 16:15:26","8912","14,190","1,030","1,530","7,99","1009",
" 117/5","3 dic 2025 16:15:40","8920","14,200","1,030","1,530","7,95","1008",
" 118/1","3 dic 2025 16:17:06","8968","14,180","1,030","1,540","7,92","1014",
" 118/2","3 dic 2025 16:17:21","8976","14,190","1,030","1,540","7,87","1012",
" 118/3","3 dic 2025 16:17:35","8984","14,200","1,030","1,520","8,09","1016",
" 118/4","3 dic 2025 16:17:49","8992","14,200","1,030","1,550","7,79","1002",
" 118/5","3 dic 2025 16:18:04","9000","14,190","1,030","1,530","8,07","1011",
" 119/1","3 dic 2025 16:19:30","9048","14,220","1,030","1,540","7,88","1003",
" 119/2","3 dic 2025 16:19:44","9056","14,220","1,030","1,540","7,92","1009",
" 119/3","3 dic 2025 16:19:59","9064","14,200","1,030","1,540","8,02","998",
" 119/4","3 dic 2025 16:20:13","9072","14,190","1,030","1,540","7,92","1006",
" 119/5","3 dic 2025 16:20:27","9080","14,200","1,030","1,530","7,92","1009",
" 120/1","3 dic 2025 16:21:54","9128","14,190","1,030","1,530","8,02","1006",
" 120/2","3 dic 2025 16:22:08","9136","14,190","1,030","1,530","7,98","1003",
" 120/3","3 dic 2025 16:22:22","9144","14,200","1,030","1,530","8,10","1005",
" 120/4","3 dic 2025 16:22:37","9152","14,190","1,030","1,540","7,83","1003",
" 120/5","3 dic 2025 16:22:44","9160","14,190","1,030","1,540","7,83","1003",
" 121/1","3 dic 2025 16:24:10","9208","14,210","1,030","1,520","8,02","1014",
" 121/2","3 dic 2025 16:24:24","9216","14,210","1,030","1,540","7,88","995",
" 121/3","3 dic 2025 16:24:39","9224","14,200","1,030","1,540","7,92","1008",
" 121/4","3 dic 2025 16:24:53","9232","14,210","1,030","1,530","7,92","1006",
" 121/5","3 dic 2025 16:25:07","9240","14,190","1,030","1,540","7,98","1014",
" 122/1","3 dic 2025 16:26:34","9288","14,190","1,030","1,530","7,86","1011",
" 122/2","3 dic 2025 16:26:48","9296","14,190","1,030","1,520","8,01","1014",
" 122/3","3 dic 2025 16:27:02","9304","14,200","1,030","1,530","8,14","1009",
" 122/4","3 dic 2025 16:27:17","9312","14,200","1,030","1,540","7,94","1005",
" 122/5","3 dic 2025 16:27:31","9320","14,210","1,030","1,540","7,92","1012",
" 123/1","3 dic 2025 16:28:57","9368","14,200","1,030","1,530","7,96","1019",
" 123/2","3 dic 2025 16:29:12","9376","14,200","1,030","1,540","8,10","1022",
" 123/3","3 dic 2025 16:29:26","9384","14,210","1,030","1,530","8,00","1003",
" 123/4","3 dic 2025 16:29:41","9392","14,190","1,030","1,550","7,93","1008",
" 123/5","3 dic 2025 16:29:55","9400","14,180","1,030","1,560","7,88","1002",
" 124/1","3 dic 2025 16:31:21","9448","14,190","1,030","1,540","7,91","1014",
" 124/2","3 dic 2025 16:31:35","9456","14,190","1,030","1,520","7,95","1008",
" 124/3","3 dic 2025 16:31:50","9464","14,190","1,030","1,530","7,92","1008",
" 124/4","3 dic 2025 16:32:04","9472","14,200","1,030","1,540","7,99","1012",
" 124/5","3 dic 2025 16:32:19","9480","14,200","1,030","1,530","7,82","994",
" 125/1","3 dic 2025 16:33:38","9528","14,200","1,030","1,530","7,92","1005",
" 125/2","3 dic 2025 16:33:52","9536","14,210","1,030","1,530","7,97","1005",
" 125/3","3 dic 2025 16:34:06","9544","14,190","1,030","1,520","7,79","997",
" 125/4","3 dic 2025 16:34:21","9552","14,200","1,030","1,530","8,02","1005",
" 125/5","3 dic 2025 16:34:35","9560","14,200","1,030","1,540","7,96","1009",
" 126/1","3 dic 2025 16:36:01","9608","14,200","1,030","1,520","7,84","1016",
" 126/2","3 dic 2025 16:36:16","9616","14,190","1,030","1,510","7,99","1014",
" 126/3","3 dic 2025 16:36:30","9624","14,200","1,030","1,520","7,99","1014",
" 126/4","3 dic 2025 16:36:44","9632","14,220","1,030","1,530","7,92","1003",
" 126/5","3 dic 2025 16:36:59","9640","14,200","1,030","1,540","7,92","1014",
" 127/1","3 dic 2025 16:38:25","9688","14,200","1,030","1,520","7,89","1006",
" 127/2","3 dic 2025 16:38:40","9696","14,200","1,030","1,520","8,02","1008",
" 127/3","3 dic 2025 16:38:54","9704","14,200","1,030","1,530","7,98","1005",
" 127/4","3 dic 2025 16:39:08","9712","14,200","1,030","1,520","8,02","1019",
" 127/5","3 dic 2025 16:39:23","9720","14,210","1,030","1,530","7,98","1000",
" 128/1","3 dic 2025 16:40:49","9768","14,190","1,030","1,530","7,92","1012",
" 128/2","3 dic 2025 16:41:03","9776","14,210","1,030","1,520","8,02","1017",
" 128/3","3 dic 2025 16:41:18","9784","14,230","1,030","1,530","7,87","1009",
" 128/4","3 dic 2025 16:41:32","9792","14,220","1,030","1,530","7,85","1009",
" 128/5","3 dic 2025 16:41:46","9800","14,200","1,030","1,540","7,92","1012",
" 129/1","3 dic 2025 16:43:13","9848","14,210","1,030","1,540","7,92","1005",
" 129/2","3 dic 2025 16:43:27","9856","14,230","1,030","1,530","8,18","1017",
" 129/3","3 dic 2025 16:43:42","9864","14,200","1,030","1,540","7,98","1011",
" 129/4","3 dic 2025 16:43:56","9872","14,210","1,030","1,540","7,88","1009",
" 129/5","3 dic 2025 16:44:03","9880","14,210","1,030","1,540","7,88","1009",
" 130/1","3 dic 2025 16:45:29","9928","14,230","1,030","1,540","8,08","1020",
" 130/2","3 dic 2025 16:45:44","9936","14,210","1,030","1,540","7,92","1006",
" 130/3","3 dic 2025 16:45:58","9944","14,200","1,030","1,530","8,15","1025",
" 130/4","3 dic 2025 16:46:12","9952","14,190","1,030","1,540","7,88","1000",
" 130/5","3 dic 2025 16:46:27","9960","14,190","1,030","1,540","7,92","1011",
" 131/1","3 dic 2025 16:47:53","10008","14,200","1,030","1,540","8,02","1016",
" 131/2","3 dic 2025 16:48:07","10016","14,200","1,030","1,530","8,02","1008",
" 131/3","3 dic 2025 16:48:22","10024","14,200","1,030","1,530","7,92","1008",
" 131/4","3 dic 2025 16:48:36","10032","14,220","1,030","1,520","8,09","1014",
" 131/5","3 dic 2025 16:48:50","10040","14,200","1,030","1,510","8,11","1009",
" 132/1","3 dic 2025 16:50:16","10088","14,200","1,030","1,540","7,88","1000",
" 132/2","3 dic 2025 16:50:31","10096","14,190","1,030","1,520","8,15","1014",
" 132/3","3 dic 2025 16:50:45","10104","14,210","1,030","1,530","8,01","1005",
" 132/4","3 dic 2025 16:51:00","10112","14,200","1,030","1,530","7,97","1000",
" 132/5","3 dic 2025 16:51:14","10120","14,180","1,030","1,530","7,92","1012",
" 133/1","3 dic 2025 16:52:40","10168","14,200","1,030","1,550","7,92","1003",
" 133/2","3 dic 2025 16:52:55","10176","14,200","1,030","1,530","7,94","1006",
" 133/3","3 dic 2025 16:53:09","10184","14,190","1,030","1,550","8,00","1014",
" 133/4","3 dic 2025 16:53:23","10192","14,210","1,030","1,550","7,92","1000",
" 133/5","3 dic 2025 16:53:38","10200","14,220","1,030","1,530","7,85","994",
" 134/1","3 dic 2025 16:55:04","10248","14,210","1,030","1,540","7,89","1002",
" 134/2","3 dic 2025 16:55:11","10256","14,210","1,030","1,540","7,89","1002",
" 134/3","3 dic 2025 16:55:25","10264","14,210","1,030","1,540","7,98","1006",
" 134/4","3 dic 2025 16:55:40","10272","14,210","1,030","1,530","7,94","1006",
" 134/5","3 dic 2025 16:55:54","10280","14,190","1,030","1,540","7,85","1006",
" 135/1","3 dic 2025 16:57:20","10328","14,220","1,030","1,530","8,02","1008",
" 135/2","3 dic 2025 16:57:35","10336","14,190","1,030","1,540","7,90","1011",
" 135/3","3 dic 2025 16:57:49","10344","14,210","1,030","1,530","7,82","1008",
" 135/4","3 dic 2025 16:58:04","10352","14,200","1,030","1,520","7,99","1023",
" 135/5","3 dic 2025 16:58:18","10360","14,190","1,030","1,530","8,03","1006",
" 136/1","3 dic 2025 16:59:44","10408","14,190","1,030","1,510","8,16","1003",
" 136/2","3 dic 2025 16:59:59","10416","14,190","1,030","1,530","7,88","1000",
" 136/3","3 dic 2025 17:00:13","10424","14,210","1,030","1,530","7,92","1012",
" 136/4","3 dic 2025 17:00:27","10432","14,220","1,030","1,530","7,99","1008",
" 136/5","3 dic 2025 17:00:42","10440","14,220","1,030","1,530","7,90","1016",
" 137/1","3 dic 2025 17:02:08","10488","14,210","1,030","1,520","7,87","1011",
" 137/2","3 dic 2025 17:02:22","10496","14,230","1,030","1,530","8,02","1014",
" 137/3","3 dic 2025 17:02:37","10504","14,200","1,030","1,540","7,84","1006",
" 137/4","3 dic 2025 17:02:51","10512","14,210","1,030","1,530","8,06","1016",
" 137/5","3 dic 2025 17:03:06","10520","14,200","1,030","1,520","7,98","1009",
" 138/1","3 dic 2025 17:04:32","10568","14,200","1,030","1,520","8,07","1011",
" 138/2","3 dic 2025 17:04:46","10576","14,210","1,030","1,540","7,98","1012",
" 138/3","3 dic 2025 17:05:00","10584","14,200","1,030","1,530","7,90","1000",
" 138/4","3 dic 2025 17:05:15","10592","14,200","1,030","1,550","8,02","1012",
" 138/5","3 dic 2025 17:05:29","10600","14,210","1,030","1,520","7,94","1009",
" 139/1","3 dic 2025 17:06:48","10648","14,200","1,030","1,540","7,87","1012",
" 139/2","3 dic 2025 17:07:03","10656","14,200","1,030","1,530","8,01","1019",
" 139/3","3 dic 2025 17:07:17","10664","14,190","1,030","1,520","7,98","1014",
" 139/4","3 dic 2025 17:07:31","10672","14,200","1,030","1,530","8,01","1014",
" 139/5","3 dic 2025 17:07:46","10680","14,220","1,030","1,550","7,93","1009",
" 140/1","3 dic 2025 17:09:12","10728","14,200","1,030","1,540","7,77","1008",
" 140/2","3 dic 2025 17:09:26","10736","14,220","1,030","1,530","7,92","1009",
" 140/3","3 dic 2025 17:09:41","10744","14,200","1,030","1,530","7,87","1016",
" 140/4","3 dic 2025 17:09:55","10752","14,200","1,030","1,530","7,88","1006",
" 140/5","3 dic 2025 17:10:09","10760","14,210","1,030","1,540","7,88","1006",
" 141/1","3 dic 2025 17:11:36","10808","14,210","1,030","1,540","8,01","1019",
" 141/2","3 dic 2025 17:11:50","10816","14,220","1,030","1,540","7,91","1012",
" 141/3","3 dic 2025 17:12:04","10824","14,210","1,030","1,550","7,78","1008",
" 141/4","3 dic 2025 17:12:19","10832","14,190","1,030","1,540","7,92","1014",
" 141/5","3 dic 2025 17:12:33","10840","14,190","1,030","1,530","8,10","1017",
" 142/1","3 dic 2025 17:13:59","10888","14,200","1,030","1,530","8,13","1011",
" 142/2","3 dic 2025 17:14:14","10896","14,200","1,030","1,530","7,87","1002",
" 142/3","3 dic 2025 17:14:28","10904","14,200","1,030","1,530","8,01","1014",
" 142/4","3 dic 2025 17:14:43","10912","14,210","1,030","1,530","7,92","1003",
" 142/5","3 dic 2025 17:14:57","10920","14,210","1,030","1,540","7,90","1016",
" 143/1","3 dic 2025 17:16:23","10968","14,200","1,030","1,530","7,89","1008",
" 143/2","3 dic 2025 17:16:30","10976","14,200","1,030","1,530","7,89","1008",
" 143/3","3 dic 2025 17:16:45","10984","14,200","1,030","1,530","7,90","1016",
" 143/4","3 dic 2025 17:16:59","10992","14,190","1,030","1,530","7,99","1016",
" 143/5","3 dic 2025 17:17:13","11000","14,220","1,030","1,540","7,88","1009",
" 144/1","3 dic 2025 17:18:40","11048","14,200","1,030","1,530","8,09","1020",
" 144/2","3 dic 2025 17:18:54","11056","14,210","1,030","1,540","8,01","1014",
" 144/3","3 dic 2025 17:19:08","11064","14,200","1,030","1,530","8,02","1011",
" 144/4","3 dic 2025 17:19:23","11072","14,200","1,030","1,540","7,90","1000",
" 144/5","3 dic 2025 17:19:37","11080","14,200","1,030","1,540","7,90","1014",
" 145/1","3 dic 2025 17:21:04","11128","14,220","1,030","1,540","8,00","1011",
" 145/2","3 dic 2025 17:21:18","11136","14,210","1,030","1,550","7,75","995",
" 145/3","3 dic 2025 17:21:32","11144","14,220","1,030","1,530","7,76","1009",
" 145/4","3 dic 2025 17:21:47","11152","14,220","1,030","1,510","8,23","1019",
" 145/5","3 dic 2025 17:22:01","11160","14,200","1,030","1,530","8,12","1022",
" 146/1","3 dic 2025 17:23:27","11208","14,200","1,030","1,540","7,98","1012",
" 146/2","3 dic 2025 17:23:42","11216","14,200","1,030","1,520","7,93","1014",
" 146/3","3 dic 2025 17:23:56","11224","14,200","1,030","1,530","8,05","1008",
" 146/4","3 dic 2025 17:24:10","11232","14,190","1,030","1,540","7,99","1011",
" 146/5","3 dic 2025 17:24:25","11240","14,200","1,030","1,530","7,92","1012",
" 147/1","3 dic 2025 17:25:51","11288","14,200","1,030","1,530","8,05","1009",
" 147/2","3 dic 2025 17:26:05","11296","14,210","1,030","1,560","7,85","1000",
" 147/3","3 dic 2025 17:26:20","11304","14,220","1,030","1,540","7,98","1012",
" 147/4","3 dic 2025 17:26:34","11312","14,200","1,030","1,530","7,91","1014",
" 147/5","3 dic 2025 17:26:48","11320","14,220","1,030","1,540","8,02","1014",
" 148/1","3 dic 2025 17:28:07","11368","14,200","1,030","1,520","7,93","1008",
" 148/2","3 dic 2025 17:28:22","11376","14,200","1,030","1,540","7,99","1009",
" 148/3","3 dic 2025 17:28:36","11384","14,200","1,030","1,540","7,85","1003",
" 148/4","3 dic 2025 17:28:51","11392","14,210","1,030","1,540","7,91","1012",
" 148/5","3 dic 2025 17:29:05","11400","14,220","1,030","1,540","7,92","1011",
" 149/1","3 dic 2025 17:30:31","11448","14,210","1,030","1,540","7,89","1005",
" 149/2","3 dic 2025 17:30:45","11456","14,210","1,030","1,550","7,90","1009",
" 149/3","3 dic 2025 17:31:00","11464","14,210","1,030","1,540","7,92","1009",
" 149/4","3 dic 2025 17:31:14","11472","14,180","1,030","1,550","7,88","1016",
" 149/5","3 dic 2025 17:31:29","11480","14,200","1,030","1,540","7,90","1008",
" 150/1","3 dic 2025 17:32:55","11528","14,190","1,030","1,540","7,90","1017",
" 150/2","3 dic 2025 17:33:09","11536","14,190","1,030","1,560","7,76","1003",
" 150/3","3 dic 2025 17:33:24","11544","14,210","1,030","1,540","7,92","1008",
" 150/4","3 dic 2025 17:33:38","11552","14,210","1,030","1,530","8,01","1003",
" 150/5","3 dic 2025 17:33:52","11560","14,210","1,030","1,540","7,92","1012",
" 151/1","3 dic 2025 17:35:19","11608","14,200","1,030","1,550","7,89","1011",
" 151/2","3 dic 2025 17:35:33","11616","14,200","1,030","1,530","8,00","1012",
" 151/3","3 dic 2025 17:35:47","11624","14,200","1,030","1,550","7,94","1006",
" 151/4","3 dic 2025 17:36:02","11632","14,200","1,030","1,530","8,00","1008",
" 151/5","3 dic 2025 17:36:16","11640","14,190","1,030","1,540","7,86","997",
" 152/1","3 dic 2025 17:37:42","11688","14,220","1,030","1,520","8,00","1011",
" 152/2","3 dic 2025 17:37:57","11696","14,210","1,030","1,530","8,01","1011",
" 152/3","3 dic 2025 17:38:04","11704","14,210","1,030","1,530","8,01","1011",
" 152/4","3 dic 2025 17:38:18","11712","14,210","1,030","1,550","7,89","1003",
" 152/5","3 dic 2025 17:38:33","11720","14,200","1,030","1,550","7,75","1003",
" 153/1","3 dic 2025 17:39:59","11768","14,230","1,030","1,550","7,89","1005",
" 153/2","3 dic 2025 17:40:13","11776","14,200","1,030","1,560","7,76","1014",
" 153/3","3 dic 2025 17:40:28","11784","14,210","1,030","1,550","7,98","1016",
" 153/4","3 dic 2025 17:40:42","11792","14,240","1,030","1,530","7,96","1016",
" 153/5","3 dic 2025 17:40:57","11800","14,210","1,030","1,550","7,93","1011",
" 154/1","3 dic 2025 17:42:23","11848","14,210","1,030","1,540","8,01","1019",
" 154/2","3 dic 2025 17:42:37","11856","14,220","1,030","1,530","8,00","1011",
" 154/3","3 dic 2025 17:42:51","11864","14,240","1,030","1,540","7,87","1019",
" 154/4","3 dic 2025 17:43:06","11872","14,210","1,030","1,540","7,93","1009",
" 154/5","3 dic 2025 17:43:20","11880","14,230","1,030","1,530","7,97","1008",
" 155/1","3 dic 2025 17:44:47","11928","14,230","1,030","1,540","7,98","1023",
" 155/2","3 dic 2025 17:45:01","11936","14,200","1,030","1,550","7,87","1011",
" 155/3","3 dic 2025 17:45:15","11944","14,190","1,030","1,540","7,87","1011",
" 155/4","3 dic 2025 17:45:30","11952","14,230","1,030","1,530","8,03","1019",
" 155/5","3 dic 2025 17:45:44","11960","14,200","1,030","1,540","7,86","1003",
" 156/1","3 dic 2025 17:47:10","12008","14,220","1,030","1,540","7,91","1009",
" 156/2","3 dic 2025 17:47:24","12016","14,240","1,030","1,540","7,86","1012",
" 156/3","3 dic 2025 17:47:39","12024","14,210","1,030","1,560","7,78","1003",
" 156/4","3 dic 2025 17:47:53","12032","14,230","1,030","1,540","7,89","1020",
" 156/5","3 dic 2025 17:48:08","12040","14,240","1,030","1,540","8,08","1023",
" 157/1","3 dic 2025 17:49:34","12088","14,230","1,030","1,530","7,97","1011",
" 157/2","3 dic 2025 17:49:48","12096","14,210","1,030","1,530","8,00","1016",
" 157/3","3 dic 2025 17:50:03","12104","14,240","1,030","1,540","7,93","1014",
" 157/4","3 dic 2025 17:50:10","12112","14,240","1,030","1,540","7,93","1014",
" 157/5","3 dic 2025 17:50:24","12120","14,210","1,030","1,540","7,86","1014",
" 158/1","3 dic 2025 17:51:51","12168","14,200","1,030","1,540","8,01","1017",
" 158/2","3 dic 2025 17:52:05","12176","14,210","1,030","1,540","8,01","1016",
" 158/3","3 dic 2025 17:52:19","12184","14,230","1,030","1,550","8,01","1009",
" 158/4","3 dic 2025 17:52:34","12192","14,210","1,030","1,530","7,80","1000",
" 158/5","3 dic 2025 17:52:48","12200","14,200","1,030","1,540","7,99","1017",
" 159/1","3 dic 2025 17:54:14","12248","14,210","1,030","1,550","7,86","1005",
" 159/2","3 dic 2025 17:54:29","12256","14,240","1,030","1,530","7,89","1017",
" 159/3","3 dic 2025 17:54:43","12264","14,210","1,030","1,530","8,10","1020",
" 159/4","3 dic 2025 17:54:57","12272","14,230","1,030","1,550","7,79","1003",
" 159/5","3 dic 2025 17:55:12","12280","14,240","1,030","1,550","7,87","1016",
" 160/1","3 dic 2025 17:56:38","12328","14,220","1,030","1,550","7,87","997",
" 160/2","3 dic 2025 17:56:52","12336","14,220","1,030","1,540","7,99","1008",
" 160/3","3 dic 2025 17:57:07","12344","14,210","1,030","1,550","7,78","1008",
" 160/4","3 dic 2025 17:57:21","12352","14,200","1,030","1,550","7,88","1005",
" 160/5","3 dic 2025 17:57:35","12360","14,210","1,030","1,570","7,88","1009",
" 161/1","3 dic 2025 17:59:02","12408","14,190","1,030","1,540","7,88","1005",
" 161/2","3 dic 2025 17:59:16","12416","14,200","1,030","1,540","8,00","1012",
" 161/3","3 dic 2025 17:59:30","12424","14,210","1,030","1,540","7,99","1016",
" 161/4","3 dic 2025 17:59:45","12432","14,210","1,030","1,550","7,89","1006",
" 161/5","3 dic 2025 17:59:59","12440","14,220","1,030","1,530","7,97","1006",
" 162/1","3 dic 2025 18:01:25","12488","14,210","1,030","1,550","8,11","1012",
" 162/2","3 dic 2025 18:01:40","12496","14,210","1,030","1,540","7,92","1003",
" 162/3","3 dic 2025 18:01:47","12504","14,210","1,030","1,540","7,92","1003",
" 162/4","3 dic 2025 18:02:01","12512","14,210","1,030","1,550","7,93","1012",
" 162/5","3 dic 2025 18:02:16","12520","14,200","1,030","1,550","7,88","1002",
" 163/1","3 dic 2025 18:03:42","12568","14,210","1,030","1,540","7,94","1014",
" 163/2","3 dic 2025 18:03:56","12576","14,210","1,030","1,530","7,99","1014",
" 163/3","3 dic 2025 18:04:10","12584","14,210","1,030","1,540","7,87","1008",
" 163/4","3 dic 2025 18:04:25","12592","14,220","1,030","1,530","7,92","1016",
" 163/5","3 dic 2025 18:04:39","12600","14,210","1,030","1,540","7,92","1012",
" 164/1","3 dic 2025 18:06:05","12648","14,190","1,030","1,550","7,86","1009",
" 164/2","3 dic 2025 18:06:20","12656","14,190","1,030","1,540","7,89","1014",
" 164/3","3 dic 2025 18:06:34","12664","14,210","1,030","1,530","7,92","1011",
" 164/4","3 dic 2025 18:06:48","12672","14,220","1,030","1,540","7,92","1019",
" 164/5","3 dic 2025 18:07:03","12680","14,220","1,030","1,560","7,69","1000",
" 165/1","3 dic 2025 18:08:29","12728","14,210","1,030","1,540","7,92","1014",
" 165/2","3 dic 2025 18:08:43","12736","14,190","1,030","1,540","7,91","1008",
" 165/3","3 dic 2025 18:08:58","12744","14,200","1,030","1,530","8,01","1014",
" 165/4","3 dic 2025 18:09:12","12752","14,210","1,030","1,540","7,92","1005",
" 165/5","3 dic 2025 18:09:26","12760","14,230","1,030","1,530","7,92","1008",
" 166/1","3 dic 2025 18:10:53","12808","14,200","1,030","1,530","7,91","1012",
" 166/2","3 dic 2025 18:11:07","12816","14,200","1,030","1,540","7,88","1005",
" 166/3","3 dic 2025 18:11:21","12824","14,210","1,030","1,560","7,76","1005",
" 166/4","3 dic 2025 18:11:36","12832","14,210","1,030","1,540","7,92","1008",
" 166/5","3 dic 2025 18:11:50","12840","14,220","1,030","1,540","7,77","1006",
" 167/1","3 dic 2025 18:13:09","12888","14,220","1,030","1,540","7,97","1005",
" 167/2","3 dic 2025 18:13:24","12896","14,230","1,030","1,550","7,78","994",
" 167/3","3 dic 2025 18:13:38","12904","14,200","1,030","1,520","7,99","1016",
" 167/4","3 dic 2025 18:13:52","12912","14,210","1,030","1,550","8,00","1014",
" 167/5","3 dic 2025 18:14:07","12920","14,200","1,030","1,530","7,97","1012",
" 168/1","3 dic 2025 18:15:33","12968","14,190","1,030","1,560","7,78","1009",
" 168/2","3 dic 2025 18:15:48","12976","14,210","1,030","1,540","7,85","1008",
" 168/3","3 dic 2025 18:16:02","12984","14,220","1,030","1,550","8,01","997",
" 168/4","3 dic 2025 18:16:16","12992","14,240","1,030","1,540","8,04","1017",
" 168/5","3 dic 2025 18:16:31","13000","14,200","1,030","1,540","7,97","1012",
" 169/1","3 dic 2025 18:17:57","13048","14,230","1,030","1,560","7,77","1017",
" 169/2","3 dic 2025 18:18:11","13056","14,200","1,030","1,560","7,89","1002",
" 169/3","3 dic 2025 18:18:26","13064","14,210","1,030","1,540","7,85","1008",
" 169/4","3 dic 2025 18:18:40","13072","14,250","1,030","1,560","7,97","1017",
" 169/5","3 dic 2025 18:18:54","13080","14,230","1,030","1,550","7,88","1006",
" 170/1","3 dic 2025 18:20:21","13128","14,200","1,030","1,550","7,92","1002",
" 170/2","3 dic 2025 18:20:35","13136","14,200","1,030","1,550","7,83","1009",
" 170/3","3 dic 2025 18:20:49","13144","14,200","1,030","1,550","7,84","1011",
" 170/4","3 dic 2025 18:21:04","13152","14,200","1,030","1,540","8,01","1012",
" 170/5","3 dic 2025 18:21:18","13160","14,200","1,030","1,540","7,89","997",
" 171/1","3 dic 2025 18:22:44","13208","14,220","1,030","1,560","7,86","997",
" 171/2","3 dic 2025 18:22:59","13216","14,220","1,030","1,560","7,92","1009",
" 171/3","3 dic 2025 18:23:13","13224","14,210","1,030","1,570","7,80","998",
" 171/4","3 dic 2025 18:23:27","13232","14,210","1,030","1,560","7,81","1006",
" 171/5","3 dic 2025 18:23:42","13240","14,200","1,030","1,530","7,99","1003",
" 172/1","3 dic 2025 18:25:01","13288","14,220","1,030","1,540","7,96","1008",
" 172/2","3 dic 2025 18:25:15","13296","14,200","1,030","1,550","7,92","1011",
" 172/3","3 dic 2025 18:25:30","13304","14,240","1,030","1,530","7,98","1006",
" 172/4","3 dic 2025 18:25:44","13312","14,200","1,030","1,550","7,92","1022",
" 172/5","3 dic 2025 18:25:58","13320","14,190","1,030","1,550","7,92","1014",
" 173/1","3 dic 2025 18:27:25","13368","14,220","1,030","1,540","8,00","1005",
" 173/2","3 dic 2025 18:27:39","13376","14,190","1,030","1,550","7,92","1017",
" 173/3","3 dic 2025 18:27:53","13384","14,210","1,030","1,570","7,78","1006",
" 173/4","3 dic 2025 18:28:08","13392","14,230","1,030","1,540","7,95","1008",
" 173/5","3 dic 2025 18:28:22","13400","14,260","1,030","1,560","7,69","1016",
" 174/1","3 dic 2025 18:29:48","13448","14,250","1,030","1,560","8,04","1017",
" 174/2","3 dic 2025 18:30:03","13456","14,230","1,030","1,540","8,01","1008",
" 174/3","3 dic 2025 18:30:17","13464","14,240","1,030","1,530","8,01","1012",
" 174/4","3 dic 2025 18:30:31","13472","14,210","1,030","1,550","7,79","1002",
" 174/5","3 dic 2025 18:30:46","13480","14,200","1,030","1,560","7,70","1002",
" 175/1","3 dic 2025 18:32:12","13528","14,230","1,030","1,550","7,92","1014",
" 175/2","3 dic 2025 18:32:26","13536","14,230","1,030","1,530","7,92","1003",
" 175/3","3 dic 2025 18:32:41","13544","14,210","1,030","1,540","8,04","1008",
" 175/4","3 dic 2025 18:32:55","13552","14,200","1,030","1,550","7,98","1017",
" 175/5","3 dic 2025 18:33:09","13560","14,240","1,030","1,560","7,80","1014",
" 176/1","3 dic 2025 18:34:36","13608","14,220","1,030","1,550","7,81","1005",
" 176/2","3 dic 2025 18:34:50","13616","14,240","1,030","1,540","7,88","1011",
" 176/3","3 dic 2025 18:35:04","13624","14,220","1,030","1,550","8,11","1019",
" 176/4","3 dic 2025 18:35:19","13632","14,200","1,030","1,560","7,80","1009",
" 176/5","3 dic 2025 18:35:33","13640","14,220","1,030","1,560","7,82","1003",
" 177/1","3 dic 2025 18:36:52","13688","14,200","1,030","1,550","7,87","1011",
" 177/2","3 dic 2025 18:37:07","13696","14,210","1,030","1,560","7,93","1005",
" 177/3","3 dic 2025 18:37:21","13704","14,220","1,030","1,540","7,87","1011",
" 177/4","3 dic 2025 18:37:35","13712","14,230","1,030","1,560","7,99","1012",
" 177/5","3 dic 2025 18:37:50","13720","14,220","1,030","1,560","7,77","1002",
" 178/1","3 dic 2025 18:39:16","13768","14,210","1,030","1,550","7,96","1008",
" 178/2","3 dic 2025 18:39:30","13776","14,250","1,030","1,540","7,98","1019",
" 178/3","3 dic 2025 18:39:45","13784","14,240","1,030","1,550","8,07","1017",
" 178/4","3 dic 2025 18:39:59","13792","14,230","1,030","1,550","7,73","1005",
" 178/5","3 dic 2025 18:40:13","13800","14,200","1,030","1,560","7,86","1009",
" 179/1","3 dic 2025 18:41:40","13848","14,260","1,030","1,540","7,93","1014",
" 179/2","3 dic 2025 18:41:54","13856","14,210","1,030","1,570","7,92","1008",
" 179/3","3 dic 2025 18:42:08","13864","14,240","1,030","1,550","7,88","1011",
" 179/4","3 dic 2025 18:42:23","13872","14,230","1,030","1,540","8,09","1028",
" 179/5","3 dic 2025 18:42:37","13880","14,230","1,030","1,560","7,87","1016",
" 180/1","3 dic 2025 18:44:03","13928","14,230","1,030","1,560","7,88","1011",
" 180/2","3 dic 2025 18:44:18","13936","14,240","1,030","1,540","7,92","1014",
" 180/3","3 dic 2025 18:44:32","13944","14,240","1,030","1,560","7,88","1016",
" 180/4","3 dic 2025 18:44:47","13952","14,220","1,030","1,550","7,78","1014",
" 180/5","3 dic 2025 18:45:01","13960","14,220","1,030","1,550","7,96","1022",
" 181/1","3 dic 2025 18:46:27","14008","14,240","1,030","1,560","7,88","1011",
" 181/2","3 dic 2025 18:46:42","14016","14,230","1,030","1,560","7,80","1012",
" 181/3","3 dic 2025 18:46:56","14024","14,230","1,030","1,570","7,82","1008",
" 181/4","3 dic 2025 18:47:10","14032","14,230","1,030","1,570","7,82","1011",
" 181/5","3 dic 2025 18:47:25","14040","14,230","1,030","1,550","7,81","1012",
" 182/1","3 dic 2025 18:48:44","14088","14,270","1,030","1,540","8,01","1016",
" 182/2","3 dic 2025 18:48:58","14096","14,250","1,030","1,540","7,92","1008",
" 182/3","3 dic 2025 18:49:13","14104","14,200","1,030","1,550","8,09","1022",
" 182/4","3 dic 2025 18:49:27","14112","14,240","1,030","1,540","7,92","1012",
" 182/5","3 dic 2025 18:49:41","14120","14,250","1,030","1,550","7,85","1009",
" 183/1","3 dic 2025 18:51:08","14168","14,250","1,030","1,550","7,76","1011",
" 183/2","3 dic 2025 18:51:22","14176","14,250","1,030","1,530","7,93","1027",
" 183/3","3 dic 2025 18:51:36","14184","14,250","1,030","1,550","7,92","1008",
" 183/4","3 dic 2025 18:51:51","14192","14,250","1,030","1,540","8,01","1019",
" 183/5","3 dic 2025 18:52:05","14200","14,240","1,030","1,550","7,92","1022",
" 184/1","3 dic 2025 18:53:31","14248","14,230","1,030","1,540","7,93","1009",
" 184/2","3 dic 2025 18:53:46","14256","14,230","1,030","1,550","7,91","1022",
" 184/3","3 dic 2025 18:54:00","14264","14,250","1,030","1,550","7,94","1016",
" 184/4","3 dic 2025 18:54:15","14272","14,260","1,030","1,560","7,84","1014",
" 184/5","3 dic 2025 18:54:29","14280","14,250","1,030","1,540","8,00","1022",
" 185/1","3 dic 2025 18:55:55","14328","14,240","1,030","1,550","7,92","1022",
" 185/2","3 dic 2025 18:56:10","14336","14,240","1,030","1,550","7,92","1019",
" 185/3","3 dic 2025 18:56:24","14344","14,240","1,030","1,550","7,92","1027",
" 185/4","3 dic 2025 18:56:38","14352","14,260","1,030","1,530","7,93","1009",
" 185/5","3 dic 2025 18:56:53","14360","14,240","1,030","1,550","7,94","1025",
" 186/1","3 dic 2025 18:58:19","14408","14,200","1,030","1,550","7,86","1012",
" 186/2","3 dic 2025 18:58:33","14416","14,210","1,030","1,550","7,81","1012",
" 186/3","3 dic 2025 18:58:48","14424","14,230","1,030","1,530","8,02","1012",
" 186/4","3 dic 2025 18:59:02","14432","14,250","1,030","1,540","7,96","1014",
" 186/5","3 dic 2025 18:59:17","14440","14,250","1,030","1,560","7,87","1012",
" 187/1","3 dic 2025 19:00:43","14488","14,230","1,030","1,560","7,86","1005",
" 187/2","3 dic 2025 19:00:57","14496","14,230","1,030","1,560","7,84","1014",
" 187/3","3 dic 2025 19:01:11","14504","14,200","1,030","1,540","7,91","1009",
" 187/4","3 dic 2025 19:01:26","14512","14,220","1,030","1,540","7,99","1014",
" 187/5","3 dic 2025 19:01:33","14520","14,220","1,030","1,540","7,99","1014",
" 188/1","3 dic 2025 19:02:59","14568","14,230","1,030","1,550","7,97","1012",
" 188/2","3 dic 2025 19:03:14","14576","14,250","1,030","1,540","7,88","1022",
" 188/3","3 dic 2025 19:03:28","14584","14,230","1,030","1,550","8,00","1030",
" 188/4","3 dic 2025 19:03:42","14592","14,230","1,030","1,550","7,94","1014",
" 188/5","3 dic 2025 19:03:57","14600","14,200","1,030","1,530","7,99","1014",
" 189/1","3 dic 2025 19:05:23","14648","14,200","1,030","1,560","7,92","1005",
" 189/2","3 dic 2025 19:05:37","14656","14,220","1,030","1,540","7,98","1027",
" 189/3","3 dic 2025 19:05:52","14664","14,200","1,030","1,540","7,80","1008",
" 189/4","3 dic 2025 19:06:06","14672","14,240","1,030","1,530","7,93","1020",
" 189/5","3 dic 2025 19:06:20","14680","14,200","1,030","1,540","7,84","1009",
" 190/1","3 dic 2025 19:07:47","14728","14,250","1,030","1,540","8,01","1020",
" 190/2","3 dic 2025 19:08:01","14736","14,220","1,030","1,540","7,96","1014",
" 190/3","3 dic 2025 19:08:15","14744","14,220","1,030","1,540","7,88","1016",
" 190/4","3 dic 2025 19:08:30","14752","14,250","1,030","1,540","8,08","1028",
" 190/5","3 dic 2025 19:08:44","14760","14,220","1,030","1,560","7,83","1008",
" 191/1","3 dic 2025 19:10:10","14808","14,190","1,030","1,540","7,91","1020",
" 191/2","3 dic 2025 19:10:25","14816","14,210","1,030","1,560","7,93","1009",
" 191/3","3 dic 2025 19:10:39","14824","14,220","1,030","1,560","7,84","1014",
" 191/4","3 dic 2025 19:10:53","14832","14,230","1,030","1,540","7,92","1022",
" 191/5","3 dic 2025 19:11:08","14840","14,240","1,030","1,540","8,10","1017",
" 192/1","3 dic 2025 19:12:34","14888","14,210","1,030","1,550","7,91","1005",
" 192/2","3 dic 2025 19:12:48","14896","14,230","1,030","1,550","7,84","1020",
" 192/3","3 dic 2025 19:13:03","14904","14,240","1,030","1,540","7,93","1020",
" 192/4","3 dic 2025 19:13:17","14912","14,270","1,030","1,540","8,03","1016",
" 192/5","3 dic 2025 19:13:32","14920","14,250","1,030","1,530","8,01","1033",
" 193/1","3 dic 2025 19:14:51","14968","14,240","1,030","1,540","7,96","1009",
" 193/2","3 dic 2025 19:15:05","14976","14,210","1,030","1,530","7,95","1012",
" 193/3","3 dic 2025 19:15:19","14984","14,200","1,030","1,530","8,07","1009",
" 193/4","3 dic 2025 19:15:34","14992","14,210","1,030","1,550","7,80","1016",
" 193/5","3 dic 2025 19:15:48","15000","14,230","1,030","1,550","8,01","1014",
" 194/1","3 dic 2025 19:17:14","15048","14,250","1,030","1,540","7,86","1016",
" 194/2","3 dic 2025 19:17:29","15056","14,240","1,030","1,550","7,95","1020",
" 194/3","3 dic 2025 19:17:43","15064","14,190","1,030","1,540","7,91","1014",
" 194/4","3 dic 2025 19:17:58","15072","14,190","1,030","1,540","7,92","1005",
" 194/5","3 dic 2025 19:18:12","15080","14,200","1,030","1,530","8,12","1017",
" 195/1","3 dic 2025 19:19:38","15128","14,240","1,030","1,540","7,92","1016",
" 195/2","3 dic 2025 19:19:53","15136","14,230","1,030","1,530","8,00","1019",
" 195/3","3 dic 2025 19:20:07","15144","14,230","1,030","1,540","7,92","1022",
" 195/4","3 dic 2025 19:20:21","15152","14,230","1,030","1,540","7,91","1017",
" 195/5","3 dic 2025 19:20:36","15160","14,230","1,030","1,540","7,84","1023",
" 196/1","3 dic 2025 19:22:02","15208","14,230","1,030","1,530","7,99","1020",
" 196/2","3 dic 2025 19:22:16","15216","14,230","1,030","1,540","8,01","1020",
" 196/3","3 dic 2025 19:22:31","15224","14,230","1,030","1,550","7,92","1020",
" 196/4","3 dic 2025 19:22:45","15232","14,210","1,030","1,540","8,01","1022",
" 196/5","3 dic 2025 19:23:00","15240","14,230","1,030","1,550","7,83","1019",
" 197/1","3 dic 2025 19:24:26","15288","14,240","1,030","1,550","7,82","1020",
" 197/2","3 dic 2025 19:24:40","15296","14,230","1,030","1,530","8,00","1016",
" 197/3","3 dic 2025 19:24:54","15304","14,230","1,030","1,530","8,12","1017",
" 197/4","3 dic 2025 19:25:09","15312","14,240","1,030","1,560","7,92","1019",
" 197/5","3 dic 2025 19:25:23","15320","14,240","1,030","1,540","7,92","1016",
" 198/1","3 dic 2025 19:26:49","15368","14,200","1,030","1,530","7,95","1019",
" 198/2","3 dic 2025 19:26:57","15376","14,200","1,030","1,530","7,95","1019",
" 198/3","3 dic 2025 19:27:11","15384","14,230","1,030","1,540","8,07","1023",
" 198/4","3 dic 2025 19:27:25","15392","14,200","1,030","1,540","8,00","1027",
" 198/5","3 dic 2025 19:27:40","15400","14,200","1,030","1,530","8,03","1025",
" 199/1","3 dic 2025 19:29:06","15448","14,260","1,030","1,530","7,84","1009",
" 199/2","3 dic 2025 19:29:20","15456","14,210","1,030","1,540","8,01","1020",
" 199/3","3 dic 2025 19:29:35","15464","14,210","1,030","1,540","7,93","1014",
" 199/4","3 dic 2025 19:29:49","15472","14,220","1,030","1,530","8,07","1020",
" 199/5","3 dic 2025 19:30:03","15480","14,230","1,030","1,530","7,98","1022",
" 200/1","3 dic 2025 19:31:30","15528","14,250","1,030","1,530","7,98","1028",
" 200/2","3 dic 2025 19:31:44","15536","14,210","1,030","1,540","7,95","1025",
" 200/3","3 dic 2025 19:31:59","15544","14,230","1,030","1,530","7,92","1020",
" 200/4","3 dic 2025 19:32:13","15552","14,190","1,030","1,550","7,92","1019",
" 200/5","3 dic 2025 19:32:27","15560","14,200","1,030","1,530","8,08","1022",
" 201/1","3 dic 2025 19:33:54","15608","14,210","1,030","1,540","7,94","1016",
" 201/2","3 dic 2025 19:34:08","15616","14,240","1,030","1,540","7,97","1023",
" 201/3","3 dic 2025 19:34:22","15624","14,210","1,030","1,540","8,01","1022",
" 201/4","3 dic 2025 19:34:37","15632","14,200","1,030","1,540","7,93","1031",
" 201/5","3 dic 2025 19:34:51","15640","14,230","1,030","1,530","8,03","1028",
" 202/1","3 dic 2025 19:36:17","15688","14,200","1,030","1,530","7,98","1017",
" 202/2","3 dic 2025 19:36:32","15696","14,190","1,030","1,530","7,88","1020",
" 202/3","3 dic 2025 19:36:46","15704","14,210","1,030","1,530","7,86","1014",
" 202/4","3 dic 2025 19:37:01","15712","14,220","1,030","1,540","8,01","1023",
" 202/5","3 dic 2025 19:37:15","15720","14,220","1,030","1,540","7,93","1022",
" 203/1","3 dic 2025 19:38:34","15768","14,200","1,030","1,530","7,96","1017",
" 203/2","3 dic 2025 19:38:48","15776","14,210","1,030","1,530","7,98","1009",
" 203/3","3 dic 2025 19:39:03","15784","14,220","1,030","1,530","7,98","1017",
" 203/4","3 dic 2025 19:39:17","15792","14,250","1,030","1,520","8,13","1012",
" 203/5","3 dic 2025 19:39:32","15800","14,220","1,030","1,540","7,86","1000",
" 204/1","3 dic 2025 19:40:58","15848","14,220","1,030","1,530","7,88","1011",
" 204/2","3 dic 2025 19:41:12","15856","14,220","1,030","1,520","8,13","1030",
" 204/3","3 dic 2025 19:41:27","15864","14,220","1,030","1,530","7,92","1014",
" 204/4","3 dic 2025 19:41:41","15872","14,260","1,030","1,520","8,20","1028",
" 204/5","3 dic 2025 19:41:55","15880","14,230","1,030","1,540","7,95","1016",
" 205/1","3 dic 2025 19:43:22","15928","14,240","1,030","1,540","7,88","1012",
" 205/2","3 dic 2025 19:43:36","15936","14,250","1,030","1,540","7,92","1016",
" 205/3","3 dic 2025 19:43:50","15944","14,240","1,030","1,530","7,93","1020",
" 205/4","3 dic 2025 19:44:05","15952","14,250","1,030","1,540","7,83","1023",
" 205/5","3 dic 2025 19:44:19","15960","14,250","1,030","1,540","7,96","1023",
" 206/1","3 dic 2025 19:45:45","16008","14,250","1,030","1,550","7,91","1025",
" 206/2","3 dic 2025 19:46:00","16016","14,240","1,030","1,530","7,98","1027",
" 206/3","3 dic 2025 19:46:14","16024","14,190","1,030","1,530","8,04","1020",
" 206/4","3 dic 2025 19:46:29","16032","14,180","1,030","1,530","8,01","1023",
" 206/5","3 dic 2025 19:46:43","16040","14,190","1,030","1,550","8,02","1020",
" 207/1","3 dic 2025 19:48:09","16088","14,250","1,030","1,530","8,13","1030",
" 207/2","3 dic 2025 19:48:24","16096","14,240","1,030","1,520","7,93","1020",
" 207/3","3 dic 2025 19:48:38","16104","14,190","1,030","1,520","8,03","1023",
" 207/4","3 dic 2025 19:48:52","16112","14,240","1,030","1,520","8,03","1025",
" 207/5","3 dic 2025 19:49:07","16120","14,240","1,030","1,530","8,09","1027",
" 208/1","3 dic 2025 19:50:26","16168","14,210","1,030","1,520","8,08","1023",
" 208/2","3 dic 2025 19:50:40","16176","14,240","1,030","1,540","7,92","1016",
" 208/3","3 dic 2025 19:50:54","16184","14,230","1,030","1,540","8,00","1014",
" 208/4","3 dic 2025 19:51:09","16192","14,250","1,030","1,530","8,06","1019",
" 208/5","3 dic 2025 19:51:23","16200","14,210","1,030","1,520","8,01","1019",
" 209/1","3 dic 2025 19:52:50","16248","14,250","1,030","1,530","8,06","1019",
" 209/2","3 dic 2025 19:53:04","16256","14,220","1,030","1,530","8,21","1022",
" 209/3","3 dic 2025 19:53:18","16264","14,220","1,030","1,520","7,92","1003",
" 209/4","3 dic 2025 19:53:33","16272","14,200","1,030","1,540","7,85","1005",
" 209/5","3 dic 2025 19:53:47","16280","14,220","1,030","1,530","7,92","1016",
" 210/1","3 dic 2025 19:55:13","16328","14,200","1,030","1,520","7,92","1016",
" 210/2","3 dic 2025 19:55:28","16336","14,240","1,030","1,530","7,91","1012",
" 210/3","3 dic 2025 19:55:42","16344","14,240","1,030","1,530","7,91","1020",
" 210/4","3 dic 2025 19:55:57","16352","14,240","1,030","1,520","8,17","1031",
" 210/5","3 dic 2025 19:56:11","16360","14,260","1,030","1,530","7,92","1011",
" 211/1","3 dic 2025 19:57:37","16408","14,240","1,030","1,550","7,99","1019",
" 211/2","3 dic 2025 19:57:51","16416","14,260","1,030","1,540","7,92","1012",
" 211/3","3 dic 2025 19:58:06","16424","14,220","1,030","1,520","8,08","1022",
" 211/4","3 dic 2025 19:58:20","16432","14,250","1,030","1,530","8,01","1011",
" 211/5","3 dic 2025 19:58:35","16440","14,200","1,030","1,520","7,96","1006",
" 212/1","3 dic 2025 20:00:01","16488","14,260","1,030","1,540","7,96","1016",
" 212/2","3 dic 2025 20:00:15","16496","14,210","1,030","1,540","7,88","1008",
" 212/3","3 dic 2025 20:00:30","16504","14,230","1,030","1,530","8,07","1020",
" 212/4","3 dic 2025 20:00:44","16512","14,220","1,030","1,520","8,09","1020",
" 212/5","3 dic 2025 20:00:58","16520","14,240","1,030","1,520","8,17","1022",
" 213/1","3 dic 2025 20:02:18","16568","14,190","1,030","1,540","7,96","1020",
" 213/2","3 dic 2025 20:02:32","16576","14,240","1,030","1,530","8,13","1025",
" 213/3","3 dic 2025 20:02:46","16584","14,240","1,030","1,550","7,87","1009",
" 213/4","3 dic 2025 20:03:01","16592","14,190","1,030","1,520","8,01","1020",
" 213/5","3 dic 2025 20:03:15","16600","14,230","1,030","1,530","8,08","1022",
" 214/1","3 dic 2025 20:04:41","16648","14,230","1,030","1,520","7,99","1030",
" 214/2","3 dic 2025 20:04:56","16656","14,240","1,030","1,540","8,09","1011",
" 214/3","3 dic 2025 20:05:10","16664","14,230","1,030","1,520","7,99","1014",
" 214/4","3 dic 2025 20:05:24","16672","14,230","1,030","1,520","7,97","1020",
" 214/5","3 dic 2025 20:05:39","16680","14,230","1,030","1,530","7,87","1020",
" 215/1","3 dic 2025 20:07:05","16728","14,230","1,030","1,540","8,02","1025",
" 215/2","3 dic 2025 20:07:19","16736","14,230","1,030","1,540","7,94","1019",
" 215/3","3 dic 2025 20:07:34","16744","14,240","1,030","1,540","7,88","1012",
" 215/4","3 dic 2025 20:07:48","16752","14,240","1,030","1,530","8,14","1017",
" 215/5","3 dic 2025 20:08:02","16760","14,240","1,030","1,530","8,00","1020",
" 216/1","3 dic 2025 20:09:29","16808","14,180","1,030","1,530","7,92","1009",
" 216/2","3 dic 2025 20:09:43","16816","14,180","1,030","1,550","7,92","1016",
" 216/3","3 dic 2025 20:09:57","16824","14,250","1,030","1,540","7,93","1019",
" 216/4","3 dic 2025 20:10:12","16832","14,250","1,030","1,520","8,07","1020",
" 216/5","3 dic 2025 20:10:26","16840","14,260","1,030","1,540","7,94","1014",
" 217/1","3 dic 2025 20:11:52","16888","14,250","1,030","1,540","7,87","1009",
" 217/2","3 dic 2025 20:12:07","16896","14,190","1,030","1,540","8,07","1012",
" 217/3","3 dic 2025 20:12:21","16904","14,260","1,030","1,550","7,97","998",
" 217/4","3 dic 2025 20:12:35","16912","14,250","1,030","1,540","7,92","1009",
" 217/5","3 dic 2025 20:12:50","16920","14,260","1,030","1,540","7,98","1009",
" 218/1","3 dic 2025 20:14:16","16968","14,230","1,030","1,530","8,01","1023",
" 218/2","3 dic 2025 20:14:30","16976","14,240","1,030","1,540","7,96","1023",
" 218/3","3 dic 2025 20:14:45","16984","14,250","1,030","1,530","8,06","1020",
" 218/4","3 dic 2025 20:14:59","16992","14,240","1,030","1,550","7,96","1022",
" 218/5","3 dic 2025 20:15:06","17000","14,240","1,030","1,550","7,96","1022",
" 219/1","3 dic 2025 20:16:33","17048","14,240","1,030","1,540","7,87","1016",
" 219/2","3 dic 2025 20:16:47","17056","14,260","1,030","1,550","7,93","1016",
" 219/3","3 dic 2025 20:17:01","17064","14,220","1,030","1,550","7,96","1017",
" 219/4","3 dic 2025 20:17:16","17072","14,210","1,030","1,540","8,03","1028",
" 219/5","3 dic 2025 20:17:30","17080","14,220","1,030","1,560","7,92","1019",
" 220/1","3 dic 2025 20:18:56","17128","14,230","1,030","1,550","7,91","1017",
" 220/2","3 dic 2025 20:19:11","17136","14,230","1,030","1,540","7,84","1016",
" 220/3","3 dic 2025 20:19:25","17144","14,240","1,030","1,540","8,01","1019",
" 220/4","3 dic 2025 20:19:40","17152","14,250","1,030","1,520","8,23","1025",
" 220/5","3 dic 2025 20:19:54","17160","14,260","1,030","1,530","8,08","1017",
" 221/1","3 dic 2025 20:21:20","17208","14,230","1,030","1,550","7,98","1027",
" 221/2","3 dic 2025 20:21:35","17216","14,230","1,030","1,550","7,90","1027",
" 221/3","3 dic 2025 20:21:49","17224","14,170","1,030","1,540","7,98","1017",
" 221/4","3 dic 2025 20:22:03","17232","14,230","1,030","1,550","7,87","1022",
" 221/5","3 dic 2025 20:22:18","17240","14,170","1,030","1,530","8,07","1025",
" 222/1","3 dic 2025 20:23:44","17288","14,230","1,030","1,530","8,06","1011",
" 222/2","3 dic 2025 20:23:58","17296","14,250","1,030","1,540","7,88","1016",
" 222/3","3 dic 2025 20:24:12","17304","14,230","1,030","1,540","7,93","1025",
" 222/4","3 dic 2025 20:24:27","17312","14,220","1,030","1,540","7,90","1022",
" 222/5","3 dic 2025 20:24:41","17320","14,230","1,030","1,540","7,91","1017",
" 223/1","3 dic 2025 20:26:07","17368","14,210","1,030","1,540","8,00","1017",
" 223/2","3 dic 2025 20:26:22","17376","14,220","1,030","1,530","8,01","1014",
" 223/3","3 dic 2025 20:26:36","17384","14,250","1,030","1,540","8,15","1033",
" 223/4","3 dic 2025 20:26:51","17392","14,250","1,030","1,550","8,07","1022",
" 223/5","3 dic 2025 20:27:05","17400","14,240","1,030","1,530","7,93","1023",
" 224/1","3 dic 2025 20:28:24","17448","14,260","1,030","1,540","7,98","1019",
" 224/2","3 dic 2025 20:28:39","17456","14,250","1,030","1,540","7,91","1016",
" 224/3","3 dic 2025 20:28:53","17464","14,260","1,030","1,540","8,09","1023",
" 224/4","3 dic 2025 20:29:07","17472","14,250","1,030","1,550","7,99","1020",
" 224/5","3 dic 2025 20:29:22","17480","14,240","1,030","1,550","7,99","1031",
" 225/1","3 dic 2025 20:30:48","17528","14,230","1,030","1,530","7,94","1016",
" 225/2","3 dic 2025 20:31:02","17536","14,230","1,030","1,530","8,04","1014",
" 225/3","3 dic 2025 20:31:17","17544","14,230","1,030","1,550","7,86","1016",
" 225/4","3 dic 2025 20:31:31","17552","14,230","1,030","1,550","7,81","1019",
" 225/5","3 dic 2025 20:31:45","17560","14,200","1,030","1,550","8,10","1028",
" 226/1","3 dic 2025 20:33:12","17608","14,220","1,030","1,560","7,93","1017",
" 226/2","3 dic 2025 20:33:26","17616","14,210","1,030","1,550","7,97","1023",
" 226/3","3 dic 2025 20:33:41","17624","14,230","1,030","1,550","7,92","1014",
" 226/4","3 dic 2025 20:33:55","17632","14,210","1,030","1,570","7,82","1006",
" 226/5","3 dic 2025 20:34:09","17640","14,200","1,030","1,540","8,07","1022",
" 227/1","3 dic 2025 20:35:36","17688","14,200","1,030","1,540","7,91","1009",
" 227/2","3 dic 2025 20:35:50","17696","14,200","1,030","1,550","7,91","1014",
" 227/3","3 dic 2025 20:36:04","17704","14,200","1,030","1,540","7,96","1016",
" 227/4","3 dic 2025 20:36:19","17712","14,200","1,030","1,560","7,96","1017",
" 227/5","3 dic 2025 20:36:33","17720","14,260","1,030","1,550","8,05","1028",
" 228/1","3 dic 2025 20:37:59","17768","14,240","1,030","1,550","7,91","1008",
" 228/2","3 dic 2025 20:38:14","17776","14,210","1,030","1,570","7,84","1016",
" 228/3","3 dic 2025 20:38:28","17784","14,220","1,030","1,560","7,97","1022",
" 228/4","3 dic 2025 20:38:42","17792","14,260","1,030","1,560","8,07","1022",
" 228/5","3 dic 2025 20:38:57","17800","14,220","1,030","1,540","7,95","1009",
" 229/1","3 dic 2025 20:40:16","17848","14,240","1,030","1,560","8,02","1025",
" 229/2","3 dic 2025 20:40:30","17856","14,240","1,030","1,540","7,89","1020",
" 229/3","3 dic 2025 20:40:45","17864","14,190","1,030","1,550","7,91","1020",
" 229/4","3 dic 2025 20:40:59","17872","14,260","1,030","1,560","8,00","1025",
" 229/5","3 dic 2025 20:41:13","17880","14,220","1,030","1,530","8,14","1028",
" 230/1","3 dic 2025 20:42:40","17928","14,210","1,030","1,550","8,04","1022",
" 230/2","3 dic 2025 20:42:54","17936","14,230","1,030","1,560","8,11","1012",
" 230/3","3 dic 2025 20:43:08","17944","14,210","1,030","1,550","7,92","1016",
" 230/4","3 dic 2025 20:43:23","17952","14,220","1,030","1,560","8,03","1020",
" 230/5","3 dic 2025 20:43:37","17960","14,220","1,030","1,560","7,99","1020",
" 231/1","3 dic 2025 20:45:04","18008","14,240","1,030","1,550","7,92","1020",
" 231/2","3 dic 2025 20:45:18","18016","14,210","1,030","1,550","7,92","1023",
" 231/3","3 dic 2025 20:45:32","18024","14,210","1,030","1,560","7,87","1014",
" 231/4","3 dic 2025 20:45:47","18032","14,220","1,030","1,570","7,96","1022",
" 231/5","3 dic 2025 20:46:01","18040","14,210","1,030","1,560","7,99","1027",
" 232/1","3 dic 2025 20:47:27","18088","14,200","1,030","1,570","7,80","1003",
" 232/2","3 dic 2025 20:47:42","18096","14,200","1,030","1,560","7,91","1012",
" 232/3","3 dic 2025 20:47:56","18104","14,210","1,030","1,560","7,80","998",
" 232/4","3 dic 2025 20:48:10","18112","14,230","1,030","1,560","7,91","1011",
" 232/5","3 dic 2025 20:48:25","18120","14,210","1,030","1,560","7,99","1003",
" 233/1","3 dic 2025 20:49:51","18168","14,210","1,030","1,550","7,91","997",
" 233/2","3 dic 2025 20:50:05","18176","14,200","1,030","1,550","7,82","997",
" 233/3","3 dic 2025 20:50:20","18184","14,210","1,030","1,570","7,95","1011",
" 233/4","3 dic 2025 20:50:34","18192","14,220","1,030","1,560","7,84","1008",
" 233/5","3 dic 2025 20:50:48","18200","14,230","1,030","1,560","7,87","1000",
" 234/1","3 dic 2025 20:52:08","18248","14,210","1,030","1,540","7,99","1005",
" 234/2","3 dic 2025 20:52:22","18256","14,210","1,030","1,560","7,91","1016",
" 234/3","3 dic 2025 20:52:36","18264","14,210","1,030","1,550","7,95","1012",
" 234/4","3 dic 2025 20:52:51","18272","14,210","1,030","1,570","7,82","1012",
" 234/5","3 dic 2025 20:53:05","18280","14,220","1,030","1,550","7,99","1022",
" 235/1","3 dic 2025 20:54:31","18328","14,200","1,030","1,550","8,08","1019",
" 235/2","3 dic 2025 20:54:46","18336","14,200","1,030","1,550","7,98","1012",
" 235/3","3 dic 2025 20:55:00","18344","14,240","1,030","1,550","8,00","1016",
" 235/4","3 dic 2025 20:55:14","18352","14,260","1,030","1,550","7,83","1014",
" 235/5","3 dic 2025 20:55:29","18360","14,260","1,030","1,560","8,02","1017",
" 236/1","3 dic 2025 20:56:55","18408","14,240","1,030","1,540","8,13","1012",
" 236/2","3 dic 2025 20:57:09","18416","14,240","1,030","1,560","7,95","1011",
" 236/3","3 dic 2025 20:57:24","18424","14,230","1,030","1,560","7,84","1011",
" 236/4","3 dic 2025 20:57:38","18432","14,220","1,030","1,550","7,96","1019",
" 236/5","3 dic 2025 20:57:52","18440","14,250","1,030","1,550","7,92","1023",
" 237/1","3 dic 2025 20:59:19","18488","14,230","1,030","1,540","8,11","1022",
" 237/2","3 dic 2025 20:59:33","18496","14,200","1,030","1,540","7,99","1014",
" 237/3","3 dic 2025 20:59:47","18504","14,230","1,030","1,550","7,99","1023",
" 237/4","3 dic 2025 21:00:02","18512","14,230","1,030","1,530","8,13","1023",
" 237/5","3 dic 2025 21:00:16","18520","14,230","1,030","1,550","8,00","1023",
" 238/1","3 dic 2025 21:01:42","18568","14,230","1,030","1,560","8,01","1022",
" 238/2","3 dic 2025 21:01:57","18576","14,230","1,030","1,570","7,82","1012",
" 238/3","3 dic 2025 21:02:11","18584","14,200","1,030","1,550","8,01","1028",
" 238/4","3 dic 2025 21:02:26","18592","14,200","1,030","1,540","8,10","1022",
" 238/5","3 dic 2025 21:02:40","18600","14,200","1,030","1,540","8,01","1019",
" 239/1","3 dic 2025 21:03:59","18648","14,200","1,030","1,530","8,08","1025",
" 239/2","3 dic 2025 21:04:13","18656","14,230","1,030","1,540","8,09","1020",
" 239/3","3 dic 2025 21:04:28","18664","14,230","1,030","1,530","8,09","1019",
" 239/4","3 dic 2025 21:04:42","18672","14,230","1,030","1,530","8,01","1022",
" 239/5","3 dic 2025 21:04:56","18680","14,200","1,030","1,540","8,00","1014",
" 240/1","3 dic 2025 21:06:22","18728","14,200","1,030","1,540","8,16","1019",
" 240/2","3 dic 2025 21:06:37","18736","14,230","1,030","1,540","8,00","1008",
" 240/3","3 dic 2025 21:06:51","18744","14,230","1,030","1,550","7,90","1014",
" 240/4","3 dic 2025 21:07:06","18752","14,230","1,030","1,560","7,93","1022",
" 240/5","3 dic 2025 21:07:20","18760","14,230","1,030","1,560","7,91","1019",
" 241/1","3 dic 2025 21:08:46","18808","14,210","1,030","1,540","7,84","1000",
" 241/2","3 dic 2025 21:09:01","18816","14,220","1,030","1,520","8,12","1012",
" 241/3","3 dic 2025 21:09:15","18824","14,220","1,030","1,540","8,01","1006",
" 241/4","3 dic 2025 21:09:29","18832","14,200","1,030","1,520","8,23","1019",
" 241/5","3 dic 2025 21:09:44","18840","14,230","1,030","1,540","8,10","1003",
" 242/1","3 dic 2025 21:11:10","18888","14,210","1,030","1,550","7,99","1006",
" 242/2","3 dic 2025 21:11:24","18896","14,210","1,030","1,530","7,96","994",
" 242/3","3 dic 2025 21:11:39","18904","14,200","1,030","1,550","7,96","1006",
" 242/4","3 dic 2025 21:11:53","18912","14,220","1,030","1,550","7,91","1000",
" 242/5","3 dic 2025 21:12:08","18920","14,210","1,030","1,550","7,88","1003",
" 243/1","3 dic 2025 21:13:34","18968","14,200","1,030","1,550","7,77","1006",
" 243/2","3 dic 2025 21:13:48","18976","14,210","1,030","1,540","8,18","1023",
" 243/3","3 dic 2025 21:14:03","18984","14,220","1,030","1,560","7,88","1005",
" 243/4","3 dic 2025 21:14:17","18992","14,220","1,030","1,550","8,13","1019",
" 243/5","3 dic 2025 21:14:31","19000","14,230","1,030","1,550","8,04","1012",
" 244/1","3 dic 2025 21:15:50","19048","14,210","1,030","1,540","8,02","1023",
" 244/2","3 dic 2025 21:16:05","19056","14,230","1,030","1,530","8,03","1022",
" 244/3","3 dic 2025 21:16:19","19064","14,200","1,030","1,550","7,93","1020",
" 244/4","3 dic 2025 21:16:34","19072","14,200","1,030","1,540","8,04","1020",
" 244/5","3 dic 2025 21:16:48","19080","14,200","1,030","1,550","7,91","1020",
" 245/1","3 dic 2025 21:18:14","19128","14,200","1,030","1,540","8,07","1017",
" 245/2","3 dic 2025 21:18:29","19136","14,200","1,030","1,560","7,92","1011",
" 245/3","3 dic 2025 21:18:43","19144","14,190","1,030","1,550","7,96","1023",
" 245/4","3 dic 2025 21:18:57","19152","14,220","1,030","1,550","8,08","1020",
" 245/5","3 dic 2025 21:19:12","19160","14,230","1,030","1,560","7,93","1011",
" 246/1","3 dic 2025 21:20:38","19208","14,210","1,030","1,550","8,01","1019",
" 246/2","3 dic 2025 21:20:52","19216","14,210","1,030","1,560","7,83","1009",
" 246/3","3 dic 2025 21:21:07","19224","14,210","1,030","1,530","8,00","1017",
" 246/4","3 dic 2025 21:21:21","19232","14,190","1,030","1,550","7,91","1022",
" 246/5","3 dic 2025 21:21:36","19240","14,230","1,030","1,560","8,00","1011",
" 247/1","3 dic 2025 21:23:02","19288","14,200","1,030","1,560","7,91","1022",
" 247/2","3 dic 2025 21:23:16","19296","14,200","1,030","1,560","8,01","1016",
" 247/3","3 dic 2025 21:23:31","19304","14,240","1,030","1,540","7,92","1016",
" 247/4","3 dic 2025 21:23:45","19312","14,220","1,030","1,550","8,01","1023",
" 247/5","3 dic 2025 21:23:59","19320","14,230","1,030","1,570","8,01","1014",
" 248/1","3 dic 2025 21:25:25","19368","14,210","1,030","1,550","8,00","1025",
" 248/2","3 dic 2025 21:25:40","19376","14,220","1,030","1,560","7,96","1020",
" 248/3","3 dic 2025 21:25:54","19384","14,200","1,030","1,560","7,84","1022",
" 248/4","3 dic 2025 21:26:09","19392","14,200","1,030","1,550","8,02","1014",
" 248/5","3 dic 2025 21:26:23","19400","14,200","1,030","1,570","7,86","1011",
" 249/1","3 dic 2025 21:27:42","19448","14,260","1,030","1,560","8,08","1020",
" 249/2","3 dic 2025 21:27:57","19456","14,260","1,030","1,560","7,82","1019",
" 249/3","3 dic 2025 21:28:11","19464","14,240","1,030","1,550","7,83","1016",
" 249/4","3 dic 2025 21:28:25","19472","14,230","1,030","1,550","8,01","1017",
" 249/5","3 dic 2025 21:28:40","19480","14,230","1,030","1,530","8,09","1025",
" 250/1","3 dic 2025 21:30:06","19528","14,180","1,030","1,550","7,88","1011",
" 250/2","3 dic 2025 21:30:20","19536","14,240","1,030","1,530","8,24","1027",
" 250/3","3 dic 2025 21:30:34","19544","14,250","1,030","1,540","8,07","1016",
" 250/4","3 dic 2025 21:30:49","19552","14,210","1,030","1,550","7,91","1016",
" 250/5","3 dic 2025 21:31:03","19560","14,250","1,030","1,540","8,00","1017",
" 251/1","3 dic 2025 21:32:29","19608","14,230","1,030","1,530","8,17","1022",
" 251/2","3 dic 2025 21:32:44","19616","14,210","1,030","1,560","8,17","1016",
" 251/3","3 dic 2025 21:32:58","19624","14,210","1,030","1,550","7,96","1003",
" 251/4","3 dic 2025 21:33:13","19632","14,230","1,030","1,540","8,13","1011",
" 251/5","3 dic 2025 21:33:27","19640","14,190","1,030","1,560","7,96","1003",
" 252/1","3 dic 2025 21:34:53","19688","14,180","1,030","1,560","7,91","1017",
" 252/2","3 dic 2025 21:35:08","19696","14,180","1,030","1,550","7,91","1017",
" 252/3","3 dic 2025 21:35:22","19704","14,260","1,030","1,550","7,92","1019",
" 252/4","3 dic 2025 21:35:36","19712","14,200","1,030","1,540","8,00","1023",
" 252/5","3 dic 2025 21:35:51","19720","14,260","1,030","1,550","8,01","1014",
" 253/1","3 dic 2025 21:37:17","19768","14,210","1,030","1,560","7,84","1016",
" 253/2","3 dic 2025 21:37:31","19776","14,210","1,030","1,550","7,88","1005",
" 253/3","3 dic 2025 21:37:46","19784","14,230","1,030","1,560","7,82","1014",
" 253/4","3 dic 2025 21:38:00","19792","14,230","1,030","1,550","7,93","1016",
" 253/5","3 dic 2025 21:38:15","19800","14,220","1,030","1,570","7,84","1006",
" 254/1","3 dic 2025 21:39:34","19848","14,210","1,030","1,560","7,89","1022",
" 254/2","3 dic 2025 21:39:48","19856","14,220","1,030","1,550","8,08","1023",
" 254/3","3 dic 2025 21:40:02","19864","14,230","1,030","1,550","8,02","1019",
" 254/4","3 dic 2025 21:40:17","19872","14,220","1,030","1,550","7,92","1019",
" 254/5","3 dic 2025 21:40:31","19880","14,230","1,030","1,550","7,99","1014",
" 255/1","3 dic 2025 21:41:57","19928","14,220","1,030","1,560","8,08","1016",
" 255/2","3 dic 2025 21:42:12","19936","14,230","1,030","1,570","7,88","1009",
" 255/3","3 dic 2025 21:42:26","19944","14,230","1,030","1,560","8,01","1014",
" 255/4","3 dic 2025 21:42:40","19952","14,210","1,030","1,570","7,99","1014",
" 255/5","3 dic 2025 21:42:55","19960","14,220","1,030","1,570","8,06","1014",
" 256/1","3 dic 2025 21:44:21","20008","14,220","1,030","1,560","7,86","1006",
" 256/2","3 dic 2025 21:44:35","20016","14,220","1,030","1,570","7,78","1008",
" 256/3","3 dic 2025 21:44:50","20024","14,220","1,030","1,550","7,93","1011",
" 256/4","3 dic 2025 21:45:04","20032","14,220","1,030","1,570","7,97","1016",
" 256/5","3 dic 2025 21:45:19","20040","14,220","1,030","1,560","7,88","1008",
" 257/1","3 dic 2025 21:46:45","20088","14,220","1,030","1,570","7,88","1011",
" 257/2","3 dic 2025 21:46:59","20096","14,230","1,030","1,550","8,01","1019",
" 257/3","3 dic 2025 21:47:14","20104","14,220","1,030","1,580","7,87","1006",
" 257/4","3 dic 2025 21:47:28","20112","14,220","1,030","1,550","7,99","1022",
" 257/5","3 dic 2025 21:47:42","20120","14,220","1,030","1,560","7,92","1017",
" 258/1","3 dic 2025 21:49:09","20168","14,210","1,030","1,570","7,89","1019",
" 258/2","3 dic 2025 21:49:23","20176","14,190","1,030","1,560","7,95","1012",
" 258/3","3 dic 2025 21:49:37","20184","14,220","1,030","1,560","7,92","1006",
" 258/4","3 dic 2025 21:49:52","20192","14,210","1,030","1,560","8,03","1019",
" 258/5","3 dic 2025 21:50:06","20200","14,220","1,030","1,570","7,83","1005",
" 259/1","3 dic 2025 21:51:25","20248","14,220","1,030","1,570","7,81","1014",
" 259/2","3 dic 2025 21:51:40","20256","14,210","1,030","1,580","7,90","1012",
" 259/3","3 dic 2025 21:51:54","20264","14,210","1,030","1,560","7,97","1009",
" 259/4","3 dic 2025 21:52:08","20272","14,220","1,030","1,590","7,66","1005",
" 259/5","3 dic 2025 21:52:23","20280","14,220","1,030","1,600","7,91","1012",
" 260/1","3 dic 2025 21:53:49","20328","14,220","1,030","1,580","7,85","1009",
" 260/2","3 dic 2025 21:54:03","20336","14,260","1,030","1,560","8,02","1008",
" 260/3","3 dic 2025 21:54:18","20344","14,220","1,030","1,560","7,99","1017",
" 260/4","3 dic 2025 21:54:32","20352","14,210","1,030","1,550","7,93","1019",
" 260/5","3 dic 2025 21:54:47","20360","14,210","1,030","1,570","8,07","1016",
" 261/1","3 dic 2025 21:56:13","20408","14,210","1,030","1,570","7,92","1016",
" 261/2","3 dic 2025 21:56:27","20416","14,210","1,030","1,570","7,84","1012",
" 261/3","3 dic 2025 21:56:42","20424","14,220","1,030","1,560","8,12","1022",
" 261/4","3 dic 2025 21:56:56","20432","14,230","1,030","1,560","8,07","1020",
" 261/5","3 dic 2025 21:57:10","20440","14,210","1,030","1,580","7,82","1019",
" 262/1","3 dic 2025 21:58:37","20488","14,220","1,030","1,560","7,69","1005",
" 262/2","3 dic 2025 21:58:51","20496","14,220","1,030","1,560","7,97","1012",
" 262/3","3 dic 2025 21:59:05","20504","14,210","1,030","1,560","8,04","1017",
" 262/4","3 dic 2025 21:59:20","20512","14,200","1,030","1,550","8,08","1014",
" 262/5","3 dic 2025 21:59:34","20520","14,210","1,030","1,560","7,97","1020",
" 263/1","3 dic 2025 22:01:00","20568","14,220","1,030","1,570","7,92","1008",
" 263/2","3 dic 2025 22:01:15","20576","14,230","1,030","1,570","7,77","1006",
" 263/3","3 dic 2025 22:01:29","20584","14,210","1,030","1,550","8,06","1011",
" 263/4","3 dic 2025 22:01:36","20592","14,210","1,030","1,550","8,06","1011",
" 263/5","3 dic 2025 22:01:51","20600","14,200","1,030","1,580","7,85","1006",
" 264/1","3 dic 2025 22:03:17","20648","14,200","1,030","1,570","7,88","1014",
" 264/2","3 dic 2025 22:03:31","20656","14,200","1,030","1,550","7,90","1022",
" 264/3","3 dic 2025 22:03:46","20664","14,210","1,030","1,580","7,92","1019",
" 264/4","3 dic 2025 22:04:00","20672","14,200","1,030","1,570","7,80","1009",
" 264/5","3 dic 2025 22:04:15","20680","14,210","1,030","1,570","7,93","1022",
" 265/1","3 dic 2025 22:05:41","20728","14,210","1,030","1,570","7,99","1022",
" 265/2","3 dic 2025 22:05:55","20736","14,200","1,030","1,580","8,00","1009",
" 265/3","3 dic 2025 22:06:09","20744","14,190","1,030","1,570","7,88","1012",
" 265/4","3 dic 2025 22:06:24","20752","14,200","1,030","1,560","8,04","1022",
" 265/5","3 dic 2025 22:06:38","20760","14,230","1,030","1,570","7,92","1014",
" 266/1","3 dic 2025 22:08:04","20808","14,200","1,030","1,550","7,93","1009",
" 266/2","3 dic 2025 22:08:19","20816","14,200","1,030","1,580","7,89","1009",
" 266/3","3 dic 2025 22:08:33","20824","14,200","1,030","1,570","7,93","1017",
" 266/4","3 dic 2025 22:08:48","20832","14,200","1,030","1,570","7,93","1011",
" 266/5","3 dic 2025 22:09:02","20840","14,210","1,030","1,560","7,97","1008",
" 267/1","3 dic 2025 22:10:28","20888","14,220","1,030","1,570","7,81","1008",
" 267/2","3 dic 2025 22:10:42","20896","14,210","1,030","1,570","7,92","1012",
" 267/3","3 dic 2025 22:10:57","20904","14,210","1,030","1,560","8,03","1016",
" 267/4","3 dic 2025 22:11:11","20912","14,200","1,030","1,560","7,99","1017",
" 267/5","3 dic 2025 22:11:26","20920","14,210","1,030","1,570","7,79","1005",
" 268/1","3 dic 2025 22:12:45","20968","14,210","1,030","1,590","7,88","1009",
" 268/2","3 dic 2025 22:12:59","20976","14,210","1,030","1,580","7,81","1014",
" 268/3","3 dic 2025 22:13:13","20984","14,200","1,030","1,570","8,01","1005",
" 268/4","3 dic 2025 22:13:28","20992","14,210","1,030","1,560","7,89","1008",
" 268/5","3 dic 2025 22:13:42","21000","14,200","1,030","1,580","7,84","1005",
" 269/1","3 dic 2025 22:15:08","21048","14,210","1,030","1,580","7,78","1008",
" 269/2","3 dic 2025 22:15:23","21056","14,210","1,030","1,600","7,75","1005",
" 269/3","3 dic 2025 22:15:37","21064","14,200","1,030","1,570","7,88","1014",
" 269/4","3 dic 2025 22:15:51","21072","14,210","1,030","1,570","7,91","1008",
" 269/5","3 dic 2025 22:16:06","21080","14,230","1,030","1,570","7,87","1002",
" 270/1","3 dic 2025 22:17:32","21128","14,200","1,030","1,570","7,99","1020",
" 270/2","3 dic 2025 22:17:46","21136","14,220","1,030","1,570","7,83","1009",
" 270/3","3 dic 2025 22:18:01","21144","14,190","1,030","1,560","7,99","1020",
" 270/4","3 dic 2025 22:18:15","21152","14,190","1,030","1,560","7,84","1016",
" 270/5","3 dic 2025 22:18:30","21160","14,200","1,030","1,570","7,89","1017",
" 271/1","3 dic 2025 22:19:56","21208","14,210","1,030","1,580","7,87","1014",
" 271/2","3 dic 2025 22:20:10","21216","14,200","1,030","1,570","7,96","1019",
" 271/3","3 dic 2025 22:20:25","21224","14,210","1,030","1,560","7,91","1011",
" 271/4","3 dic 2025 22:20:39","21232","14,210","1,030","1,570","7,89","1016",
" 271/5","3 dic 2025 22:20:53","21240","14,230","1,030","1,570","7,86","1011",
" 272/1","3 dic 2025 22:22:20","21288","14,210","1,030","1,570","7,87","1016",
" 272/2","3 dic 2025 22:22:34","21296","14,200","1,030","1,580","7,98","1017",
" 272/3","3 dic 2025 22:22:48","21304","14,210","1,030","1,580","7,92","1016",
" 272/4","3 dic 2025 22:23:03","21312","14,220","1,030","1,560","7,76","1016",
" 272/5","3 dic 2025 22:23:17","21320","14,220","1,030","1,570","7,92","1017",
" 273/1","3 dic 2025 22:24:36","21368","14,220","1,030","1,570","7,86","1014",
" 273/2","3 dic 2025 22:24:50","21376","14,230","1,030","1,570","7,89","1009",
" 273/3","3 dic 2025 22:25:05","21384","14,220","1,030","1,570","7,87","1006",
" 273/4","3 dic 2025 22:25:19","21392","14,230","1,030","1,560","7,93","1011",
" 273/5","3 dic 2025 22:25:34","21400","14,230","1,030","1,550","7,92","1008",
" 274/1","3 dic 2025 22:27:00","21448","14,200","1,030","1,560","7,81","1003",
" 274/2","3 dic 2025 22:27:14","21456","14,210","1,030","1,560","8,01","1014",
" 274/3","3 dic 2025 22:27:29","21464","14,210","1,030","1,560","7,88","1000",
" 274/4","3 dic 2025 22:27:43","21472","14,210","1,030","1,570","7,89","1008",
" 274/5","3 dic 2025 22:27:57","21480","14,200","1,030","1,570","7,81","1006",
" 275/1","3 dic 2025 22:29:23","21528","14,200","1,030","1,580","7,84","994",
" 275/2","3 dic 2025 22:29:38","21536","14,200","1,030","1,580","7,95","998",
" 275/3","3 dic 2025 22:29:52","21544","14,200","1,030","1,570","7,82","992",
" 275/4","3 dic 2025 22:30:06","21552","14,230","1,030","1,590","7,85","991",
" 275/5","3 dic 2025 22:30:21","21560","14,200","1,030","1,570","8,00","1008",
" 276/1","3 dic 2025 22:31:47","21608","14,220","1,030","1,570","7,88","1006",
" 276/2","3 dic 2025 22:32:01","21616","14,220","1,030","1,560","7,88","1011",
" 276/3","3 dic 2025 22:32:16","21624","14,230","1,030","1,560","7,94","1008",
" 276/4","3 dic 2025 22:32:30","21632","14,220","1,030","1,570","8,00","1012",
" 276/5","3 dic 2025 22:32:45","21640","14,220","1,030","1,580","7,84","1014",
" 277/1","3 dic 2025 22:34:11","21688","14,220","1,030","1,580","7,85","1016",
" 277/2","3 dic 2025 22:34:25","21696","14,210","1,030","1,560","7,87","1016",
" 277/3","3 dic 2025 22:34:40","21704","14,200","1,030","1,580","7,90","1011",
" 277/4","3 dic 2025 22:34:54","21712","14,200","1,030","1,570","7,84","1008",
" 277/5","3 dic 2025 22:35:08","21720","14,220","1,030","1,580","7,93","1020",
" 278/1","3 dic 2025 22:36:27","21768","14,210","1,030","1,590","7,83","1011",
" 278/2","3 dic 2025 22:36:42","21776","14,210","1,030","1,570","7,76","1005",
" 278/3","3 dic 2025 22:36:56","21784","14,200","1,030","1,570","7,80","1008",
" 278/4","3 dic 2025 22:37:11","21792","14,200","1,030","1,580","7,93","1017",
" 278/5","3 dic 2025 22:37:25","21800","14,220","1,030","1,560","7,85","997",
" 279/1","3 dic 2025 22:38:51","21848","14,220","1,030","1,580","7,83","994",
" 279/2","3 dic 2025 22:39:06","21856","14,220","1,030","1,580","7,83","997",
" 279/3","3 dic 2025 22:39:20","21864","14,220","1,030","1,560","7,93","1000",
" 279/4","3 dic 2025 22:39:34","21872","14,240","1,030","1,580","7,88","995",
" 279/5","3 dic 2025 22:39:49","21880","14,210","1,030","1,560","7,93","997",
" 280/1","3 dic 2025 22:41:15","21928","14,200","1,030","1,600","7,75","989",
" 280/2","3 dic 2025 22:41:29","21936","14,210","1,030","1,610","7,81","995",
" 280/3","3 dic 2025 22:41:44","21944","14,220","1,030","1,600","7,90","989",
" 280/4","3 dic 2025 22:41:58","21952","14,230","1,030","1,610","7,71","987",
" 280/5","3 dic 2025 22:42:12","21960","14,220","1,030","1,600","7,89","997",
" 281/1","3 dic 2025 22:43:39","22008","14,220","1,030","1,570","7,93","1012",
" 281/2","3 dic 2025 22:43:53","22016","14,220","1,030","1,570","7,93","1002",
" 281/3","3 dic 2025 22:44:07","22024","14,210","1,030","1,590","7,78","1000",
" 281/4","3 dic 2025 22:44:22","22032","14,210","1,030","1,570","7,84","1005",
" 281/5","3 dic 2025 22:44:36","22040","14,210","1,030","1,580","7,89","1002",
" 282/1","3 dic 2025 22:46:02","22088","14,200","1,030","1,590","7,78","1014",
" 282/2","3 dic 2025 22:46:17","22096","14,200","1,030","1,570","7,92","1005",
" 282/3","3 dic 2025 22:46:31","22104","14,220","1,030","1,590","7,86","1000",
" 282/4","3 dic 2025 22:46:38","22112","14,220","1,030","1,590","7,86","1000",
" 282/5","3 dic 2025 22:46:53","22120","14,210","1,030","1,600","7,64","1005",
" 283/1","3 dic 2025 22:48:19","22168","14,200","1,030","1,570","7,81","1012",
" 283/2","3 dic 2025 22:48:33","22176","14,200","1,030","1,590","7,77","1014",
" 283/3","3 dic 2025 22:48:48","22184","14,210","1,030","1,580","7,66","1006",
" 283/4","3 dic 2025 22:49:02","22192","14,200","1,030","1,580","8,00","1009",
" 283/5","3 dic 2025 22:49:16","22200","14,210","1,030","1,590","7,82","1009",
" 284/1","3 dic 2025 22:50:43","22248","14,200","1,030","1,580","7,89","1023",
" 284/2","3 dic 2025 22:50:57","22256","14,210","1,030","1,590","7,81","1008",
" 284/3","3 dic 2025 22:51:12","22264","14,230","1,030","1,570","7,88","1009",
" 284/4","3 dic 2025 22:51:26","22272","14,220","1,030","1,570","7,93","1008",
" 284/5","3 dic 2025 22:51:40","22280","14,230","1,030","1,570","7,84","1011",
" 285/1","3 dic 2025 22:53:07","22328","14,200","1,030","1,570","7,85","1005",
" 285/2","3 dic 2025 22:53:21","22336","14,220","1,030","1,580","7,84","1016",
" 285/3","3 dic 2025 22:53:35","22344","14,240","1,030","1,570","7,96","1014",
" 285/4","3 dic 2025 22:53:50","22352","14,230","1,030","1,580","7,98","1011",
" 285/5","3 dic 2025 22:54:04","22360","14,210","1,030","1,560","7,88","1000",
" 286/1","3 dic 2025 22:55:30","22408","14,210","1,030","1,550","7,91","1012",
" 286/2","3 dic 2025 22:55:44","22416","14,230","1,030","1,560","8,08","1011",
" 286/3","3 dic 2025 22:55:59","22424","14,210","1,030","1,560","7,81","1003",
" 286/4","3 dic 2025 22:56:13","22432","14,230","1,030","1,580","7,80","1008",
" 286/5","3 dic 2025 22:56:28","22440","14,210","1,030","1,580","7,86","1009",
" 287/1","3 dic 2025 22:57:54","22488","14,230","1,030","1,570","7,93","1005",
" 287/2","3 dic 2025 22:58:01","22496","14,230","1,030","1,570","7,93","1005",
" 287/3","3 dic 2025 22:58:15","22504","14,220","1,030","1,570","7,91","1006",
" 287/4","3 dic 2025 22:58:30","22512","14,210","1,030","1,570","7,84","1017",
" 287/5","3 dic 2025 22:58:44","22520","14,200","1,030","1,570","7,98","1011",
" 288/1","3 dic 2025 23:00:10","22568","14,200","1,030","1,570","7,96","1006",
" 288/2","3 dic 2025 23:00:25","22576","14,200","1,030","1,570","7,86","1005",
" 288/3","3 dic 2025 23:00:39","22584","14,200","1,030","1,560","7,92","1011",
" 288/4","3 dic 2025 23:00:53","22592","14,200","1,030","1,570","7,95","1012",
" 288/5","3 dic 2025 23:01:08","22600","14,200","1,030","1,580","7,89","1011",
" 289/1","3 dic 2025 23:02:34","22648","14,210","1,030","1,570","7,97","1016",
" 289/2","3 dic 2025 23:02:48","22656","14,210","1,030","1,560","8,01","1011",
" 289/3","3 dic 2025 23:03:03","22664","14,250","1,030","1,580","7,86","1006",
" 289/4","3 dic 2025 23:03:17","22672","14,220","1,030","1,570","7,84","1014",
" 289/5","3 dic 2025 23:03:31","22680","14,210","1,030","1,570","8,04","1012",
" 290/1","3 dic 2025 23:04:58","22728","14,230","1,030","1,580","7,92","1017",
" 290/2","3 dic 2025 23:05:12","22736","14,230","1,030","1,580","7,94","1008",
" 290/3","3 dic 2025 23:05:26","22744","14,260","1,030","1,570","8,06","1023",
" 290/4","3 dic 2025 23:05:41","22752","14,200","1,030","1,560","7,99","1022",
" 290/5","3 dic 2025 23:05:55","22760","14,210","1,030","1,580","8,00","1014",
" 291/1","3 dic 2025 23:07:21","22808","14,230","1,030","1,550","8,19","1031",
" 291/2","3 dic 2025 23:07:36","22816","14,230","1,030","1,580","7,98","1019",
" 291/3","3 dic 2025 23:07:50","22824","14,210","1,030","1,570","7,89","1016",
" 291/4","3 dic 2025 23:08:05","22832","14,220","1,030","1,570","8,00","1020",
" 291/5","3 dic 2025 23:08:19","22840","14,220","1,030","1,550","7,98","1016",
" 292/1","3 dic 2025 23:09:38","22888","14,210","1,030","1,540","8,05","1022",
" 292/2","3 dic 2025 23:09:52","22896","14,220","1,030","1,550","8,13","1019",
" 292/3","3 dic 2025 23:10:07","22904","14,220","1,030","1,570","7,91","1011",
" 292/4","3 dic 2025 23:10:21","22912","14,230","1,030","1,550","8,12","1023",
" 292/5","3 dic 2025 23:10:36","22920","14,230","1,030","1,550","8,00","1017",
" 293/1","3 dic 2025 23:12:02","22968","14,200","1,030","1,540","7,93","1025",
" 293/2","3 dic 2025 23:12:16","22976","14,200","1,030","1,550","8,00","1022",
" 293/3","3 dic 2025 23:12:30","22984","14,210","1,030","1,560","7,99","1020",
" 293/4","3 dic 2025 23:12:45","22992","14,210","1,030","1,560","8,10","1027",
" 293/5","3 dic 2025 23:12:59","23000","14,210","1,030","1,560","8,00","1014",
" 294/1","3 dic 2025 23:14:25","23048","14,230","1,030","1,560","7,92","1014",
" 294/2","3 dic 2025 23:14:40","23056","14,200","1,030","1,550","8,08","1025",
" 294/3","3 dic 2025 23:14:54","23064","14,190","1,030","1,560","7,96","1020",
" 294/4","3 dic 2025 23:15:09","23072","14,220","1,030","1,560","7,96","1022",
" 294/5","3 dic 2025 23:15:23","23080","14,230","1,030","1,550","7,92","1022",
" 295/1","3 dic 2025 23:16:49","23128","14,210","1,030","1,570","7,75","1009",
" 295/2","3 dic 2025 23:17:04","23136","14,230","1,030","1,550","8,00","1008",
" 295/3","3 dic 2025 23:17:18","23144","14,210","1,030","1,540","8,19","1028",
" 295/4","3 dic 2025 23:17:32","23152","14,220","1,030","1,560","7,87","1003",
" 295/5","3 dic 2025 23:17:47","23160","14,210","1,030","1,550","8,16","1023",
" 296/1","3 dic 2025 23:19:13","23208","14,220","1,030","1,540","7,98","1012",
" 296/2","3 dic 2025 23:19:27","23216","14,210","1,030","1,550","7,92","1009",
" 296/3","3 dic 2025 23:19:42","23224","14,200","1,030","1,530","8,00","1017",
" 296/4","3 dic 2025 23:19:56","23232","14,240","1,030","1,540","8,16","1031",
" 296/5","3 dic 2025 23:20:10","23240","14,220","1,030","1,560","7,93","1009",
" 297/1","3 dic 2025 23:21:30","23288","14,210","1,030","1,580","7,87","1011",
" 297/2","3 dic 2025 23:21:44","23296","14,210","1,030","1,560","8,00","1017",
" 297/3","3 dic 2025 23:21:58","23304","14,220","1,030","1,560","8,00","1022",
" 297/4","3 dic 2025 23:22:13","23312","14,220","1,030","1,560","7,92","1009",
" 297/5","3 dic 2025 23:22:27","23320","14,220","1,030","1,550","7,88","1011",
" 298/1","3 dic 2025 23:23:53","23368","14,250","1,030","1,550","7,97","1014",
" 298/2","3 dic 2025 23:24:08","23376","14,210","1,030","1,550","8,00","1016",
" 298/3","3 dic 2025 23:24:22","23384","14,220","1,030","1,550","7,81","1012",
" 298/4","3 dic 2025 23:24:36","23392","14,200","1,030","1,560","7,94","1022",
" 298/5","3 dic 2025 23:24:51","23400","14,200","1,030","1,560","7,98","1016",
" 299/1","3 dic 2025 23:26:17","23448","14,230","1,030","1,550","8,06","1017",
" 299/2","3 dic 2025 23:26:31","23456","14,220","1,030","1,550","7,98","1019",
" 299/3","3 dic 2025 23:26:46","23464","14,220","1,030","1,540","8,05","1019",
" 299/4","3 dic 2025 23:27:00","23472","14,240","1,030","1,570","7,88","1016",
" 299/5","3 dic 2025 23:27:14","23480","14,210","1,030","1,540","7,96","1016",
" 300/1","3 dic 2025 23:28:41","23528","14,200","1,030","1,570","7,86","1008",
" 300/2","3 dic 2025 23:28:55","23536","14,220","1,030","1,560","7,98","1016",
" 300/3","3 dic 2025 23:29:09","23544","14,210","1,030","1,560","7,80","1012",
" 300/4","3 dic 2025 23:29:24","23552","14,230","1,030","1,550","8,13","1022",
" 300/5","3 dic 2025 23:29:38","23560","14,210","1,030","1,560","7,92","1014",
" 301/1","3 dic 2025 23:31:05","23608","14,220","1,030","1,550","7,81","1022",
" 301/2","3 dic 2025 23:31:19","23616","14,220","1,030","1,550","7,81","1019",
" 301/3","3 dic 2025 23:31:33","23624","14,220","1,030","1,550","8,01","1028",
" 301/4","3 dic 2025 23:31:48","23632","14,210","1,030","1,540","8,09","1019",
" 301/5","3 dic 2025 23:32:02","23640","14,210","1,030","1,560","8,08","1014",
" 302/1","3 dic 2025 23:33:21","23688","14,230","1,030","1,550","7,83","1012",
" 302/2","3 dic 2025 23:33:36","23696","14,230","1,030","1,530","8,13","1027",
" 302/3","3 dic 2025 23:33:50","23704","14,250","1,030","1,540","7,98","1017",
" 302/4","3 dic 2025 23:34:04","23712","14,220","1,030","1,540","8,06","1016",
" 302/5","3 dic 2025 23:34:19","23720","14,240","1,030","1,550","7,98","998",
" 303/1","3 dic 2025 23:35:45","23768","14,220","1,030","1,550","7,81","997",
" 303/2","3 dic 2025 23:35:59","23776","14,220","1,030","1,560","7,81","998",
" 303/3","3 dic 2025 23:36:14","23784","14,220","1,030","1,540","8,00","1008",
" 303/4","3 dic 2025 23:36:28","23792","14,220","1,030","1,570","7,89","997",
" 303/5","3 dic 2025 23:36:42","23800","14,220","1,030","1,550","7,92","994",
" 304/1","3 dic 2025 23:38:09","23848","14,210","1,030","1,550","7,92","994",
" 304/2","3 dic 2025 23:38:23","23856","14,220","1,030","1,560","8,03","1002",
" 304/3","3 dic 2025 23:38:37","23864","14,220","1,030","1,560","7,97","1005",
" 304/4","3 dic 2025 23:38:52","23872","14,210","1,030","1,550","7,83","1000",
" 304/5","3 dic 2025 23:39:06","23880","14,220","1,030","1,550","8,07","1017",
" 305/1","3 dic 2025 23:40:32","23928","14,220","1,030","1,550","7,99","1016",
" 305/2","3 dic 2025 23:40:47","23936","14,220","1,030","1,540","8,08","1017",
" 305/3","3 dic 2025 23:41:01","23944","14,220","1,030","1,540","8,08","1020",
" 305/4","3 dic 2025 23:41:15","23952","14,230","1,030","1,540","7,99","1017",
" 305/5","3 dic 2025 23:41:30","23960","14,230","1,030","1,540","8,06","1023",
" 306/1","3 dic 2025 23:42:56","24008","14,210","1,030","1,540","8,00","1028",
" 306/2","3 dic 2025 23:43:10","24016","14,220","1,030","1,520","8,12","1025",
" 306/3","3 dic 2025 23:43:25","24024","14,220","1,030","1,520","8,02","1023",
" 306/4","3 dic 2025 23:43:39","24032","14,230","1,030","1,510","8,14","1014",
" 306/5","3 dic 2025 23:43:54","24040","14,230","1,030","1,510","8,21","1016",
" 307/1","3 dic 2025 23:45:13","24088","14,220","1,030","1,530","7,92","1014",
" 307/2","3 dic 2025 23:45:27","24096","14,220","1,030","1,540","7,87","1014",
" 307/3","3 dic 2025 23:45:41","24104","14,220","1,030","1,520","8,06","1028",
" 307/4","3 dic 2025 23:45:56","24112","14,220","1,030","1,520","7,99","1017",
" 307/5","3 dic 2025 23:46:10","24120","14,230","1,030","1,530","8,08","1012",
" 308/1","3 dic 2025 23:47:36","24168","14,210","1,030","1,510","8,13","1017",
" 308/2","3 dic 2025 23:47:51","24176","14,210","1,030","1,530","7,98","1003",
" 308/3","3 dic 2025 23:48:05","24184","14,200","1,030","1,530","7,99","1003",
" 308/4","3 dic 2025 23:48:19","24192","14,200","1,030","1,530","8,10","1022",
" 308/5","3 dic 2025 23:48:34","24200","14,200","1,030","1,520","8,13","1016",
" 309/1","3 dic 2025 23:50:00","24248","14,220","1,030","1,520","8,05","1017",
" 309/2","3 dic 2025 23:50:14","24256","14,230","1,030","1,540","7,95","1019",
" 309/3","3 dic 2025 23:50:29","24264","14,230","1,030","1,520","8,07","1033",
" 309/4","3 dic 2025 23:50:43","24272","14,220","1,030","1,530","7,92","1017",
" 309/5","3 dic 2025 23:50:58","24280","14,230","1,030","1,530","7,91","1016",
" 310/1","3 dic 2025 23:52:24","24328","14,220","1,030","1,510","8,13","1028",
" 310/2","3 dic 2025 23:52:38","24336","14,250","1,030","1,520","8,00","1031",
" 310/3","3 dic 2025 23:52:53","24344","14,210","1,030","1,510","8,13","1039",
" 310/4","3 dic 2025 23:53:07","24352","14,200","1,030","1,510","8,05","1022",
" 310/5","3 dic 2025 23:53:21","24360","14,210","1,030","1,520","8,09","1028",
" 311/1","3 dic 2025 23:54:48","24408","14,220","1,030","1,530","8,13","1028",
" 311/2","3 dic 2025 23:55:02","24416","14,220","1,030","1,500","8,12","1022",
" 311/3","3 dic 2025 23:55:17","24424","14,210","1,030","1,510","8,19","1020",
" 311/4","3 dic 2025 23:55:31","24432","14,240","1,030","1,510","8,16","1027",
" 311/5","3 dic 2025 23:55:45","24440","14,220","1,030","1,520","8,02","1025",
" 312/1","3 dic 2025 23:57:04","24488","14,200","1,030","1,520","8,02","1022",
" 312/2","3 dic 2025 23:57:19","24496","14,210","1,030","1,520","8,08","1023",
" 312/3","3 dic 2025 23:57:33","24504","14,230","1,030","1,510","8,17","1033",
" 312/4","3 dic 2025 23:57:48","24512","14,220","1,030","1,520","8,06","1027",
" 312/5","3 dic 2025 23:58:02","24520","14,210","1,030","1,520","8,02","1025",
" 313/1","3 dic 2025 23:59:28","24568","14,220","1,030","1,520","8,12","1023",
" 313/2","3 dic 2025 23:59:42","24576","14,210","1,030","1,530","8,06","1028",
" 313/3","3 dic 2025 23:59:57","24584","14,200","1,030","1,530","8,06","1023",
" 313/4","4 dic 2025 0:00:11","24592","14,210","1,030","1,510","8,10","1022",
" 313/5","4 dic 2025 0:00:25","24600","14,210","1,030","1,530","8,00","1014",
" 314/1","4 dic 2025 0:01:52","24648","14,230","1,030","1,520","8,05","1009",
" 314/2","4 dic 2025 0:02:06","24656","14,240","1,030","1,520","8,06","1027",
" 314/3","4 dic 2025 0:02:20","24664","14,210","1,030","1,540","8,07","1020",
" 314/4","4 dic 2025 0:02:35","24672","14,200","1,030","1,520","8,09","1025",
" 314/5","4 dic 2025 0:02:49","24680","14,210","1,030","1,530","8,07","1023",
" 315/1","4 dic 2025 0:04:15","24728","14,220","1,030","1,530","8,06","1030",
" 315/2","4 dic 2025 0:04:30","24736","14,210","1,030","1,530","8,10","1025",
" 315/3","4 dic 2025 0:04:44","24744","14,200","1,030","1,540","7,91","1022",
" 315/4","4 dic 2025 0:04:59","24752","14,220","1,030","1,520","8,13","1027",
" 315/5","4 dic 2025 0:05:13","24760","14,210","1,030","1,530","7,99","1022",
" 316/1","4 dic 2025 0:06:39","24808","14,210","1,030","1,520","7,95","1022",
" 316/2","4 dic 2025 0:06:54","24816","14,200","1,030","1,540","8,09","1033",
" 316/3","4 dic 2025 0:07:08","24824","14,210","1,030","1,530","7,98","1020",
" 316/4","4 dic 2025 0:07:22","24832","14,190","1,030","1,530","7,98","1028",
" 316/5","4 dic 2025 0:07:37","24840","14,200","1,030","1,530","8,03","1017",
" 317/1","4 dic 2025 0:08:56","24888","14,200","1,030","1,510","8,13","1028",
" 317/2","4 dic 2025 0:09:10","24896","14,200","1,030","1,520","8,09","1023",
" 317/3","4 dic 2025 0:09:24","24904","14,200","1,030","1,520","8,20","1031",
" 317/4","4 dic 2025 0:09:39","24912","14,200","1,030","1,520","8,09","1025",
" 317/5","4 dic 2025 0:09:53","24920","14,200","1,030","1,530","7,92","1022",
" 318/1","4 dic 2025 0:11:19","24968","14,210","1,030","1,530","8,07","1030",
" 318/2","4 dic 2025 0:11:34","24976","14,200","1,030","1,530","8,02","1025",
" 318/3","4 dic 2025 0:11:48","24984","14,200","1,030","1,530","8,00","1025",
" 318/4","4 dic 2025 0:12:03","24992","14,200","1,030","1,540","8,01","1023",
" 318/5","4 dic 2025 0:12:17","25000","14,200","1,030","1,540","7,98","1016",
" 319/1","4 dic 2025 0:13:43","25048","14,200","1,030","1,520","8,05","1030",
" 319/2","4 dic 2025 0:13:58","25056","14,200","1,030","1,540","8,07","1019",
" 319/3","4 dic 2025 0:14:12","25064","14,200","1,030","1,530","8,06","1025",
" 319/4","4 dic 2025 0:14:26","25072","14,200","1,030","1,530","7,98","1027",
" 319/5","4 dic 2025 0:14:41","25080","14,200","1,030","1,540","7,90","1019",
" 320/1","4 dic 2025 0:16:07","25128","14,230","1,030","1,520","8,18","1031",
" 320/2","4 dic 2025 0:16:21","25136","14,220","1,030","1,510","8,16","1027",
" 320/3","4 dic 2025 0:16:35","25144","14,220","1,030","1,510","8,13","1025",
" 320/4","4 dic 2025 0:16:50","25152","14,220","1,030","1,530","7,97","1028",
" 320/5","4 dic 2025 0:17:04","25160","14,220","1,030","1,530","8,07","1030",
" 321/1","4 dic 2025 0:18:30","25208","14,220","1,030","1,530","7,95","1028",
" 321/2","4 dic 2025 0:18:45","25216","14,210","1,030","1,530","8,05","1027",
" 321/3","4 dic 2025 0:18:59","25224","14,220","1,030","1,520","8,18","1027",
" 321/4","4 dic 2025 0:19:13","25232","14,230","1,030","1,520","8,14","1019",
" 321/5","4 dic 2025 0:19:28","25240","14,220","1,030","1,530","8,01","1019",
" 322/1","4 dic 2025 0:20:47","25288","14,250","1,030","1,530","8,06","1019",
" 322/2","4 dic 2025 0:21:01","25296","14,220","1,030","1,530","7,97","1028",
" 322/3","4 dic 2025 0:21:15","25304","14,210","1,030","1,540","7,99","1028",
" 322/4","4 dic 2025 0:21:30","25312","14,200","1,030","1,520","8,01","1020",
" 322/5","4 dic 2025 0:21:44","25320","14,200","1,030","1,530","7,99","1030",
" 323/1","4 dic 2025 0:23:11","25368","14,220","1,030","1,530","8,02","1023",
" 323/2","4 dic 2025 0:23:25","25376","14,200","1,030","1,550","7,94","1020",
" 323/3","4 dic 2025 0:23:39","25384","14,210","1,030","1,540","8,32","1033",
" 323/4","4 dic 2025 0:23:54","25392","14,230","1,030","1,550","7,90","1008",
" 323/5","4 dic 2025 0:24:08","25400","14,230","1,030","1,560","7,91","1012",
" 324/1","4 dic 2025 0:25:34","25448","14,230","1,030","1,540","7,92","1016",
" 324/2","4 dic 2025 0:25:49","25456","14,230","1,030","1,550","7,87","1016",
" 324/3","4 dic 2025 0:26:03","25464","14,230","1,030","1,540","8,02","1020",
" 324/4","4 dic 2025 0:26:17","25472","14,220","1,030","1,550","7,89","1023",
" 324/5","4 dic 2025 0:26:32","25480","14,230","1,030","1,560","7,84","1012",
" 325/1","4 dic 2025 0:27:58","25528","14,260","1,030","1,550","7,95","1017",
" 325/2","4 dic 2025 0:28:12","25536","14,230","1,030","1,540","7,93","1019",
" 325/3","4 dic 2025 0:28:27","25544","14,230","1,030","1,540","8,07","1020",
" 325/4","4 dic 2025 0:28:41","25552","14,210","1,030","1,530","8,00","1022",
" 325/5","4 dic 2025 0:28:56","25560","14,200","1,030","1,530","8,05","1030",
" 326/1","4 dic 2025 0:30:22","25608","14,220","1,030","1,530","8,09","1028",
" 326/2","4 dic 2025 0:30:36","25616","14,240","1,030","1,540","7,92","1019",
" 326/3","4 dic 2025 0:30:50","25624","14,220","1,030","1,520","8,10","1025",
" 326/4","4 dic 2025 0:31:05","25632","14,220","1,030","1,550","7,91","1019",
" 326/5","4 dic 2025 0:31:19","25640","14,210","1,030","1,530","8,08","1027",
" 327/1","4 dic 2025 0:32:38","25688","14,220","1,030","1,530","8,05","1022",
" 327/2","4 dic 2025 0:32:53","25696","14,220","1,030","1,550","7,91","1016",
" 327/3","4 dic 2025 0:33:07","25704","14,230","1,030","1,540","7,98","1023",
" 327/4","4 dic 2025 0:33:21","25712","14,230","1,030","1,540","7,84","1014",
" 327/5","4 dic 2025 0:33:36","25720","14,210","1,030","1,540","8,11","1025",
" 328/1","4 dic 2025 0:35:02","25768","14,210","1,030","1,560","7,91","1009",
" 328/2","4 dic 2025 0:35:16","25776","14,210","1,030","1,530","8,08","1025",
" 328/3","4 dic 2025 0:35:31","25784","14,210","1,030","1,540","8,10","1019",
" 328/4","4 dic 2025 0:35:45","25792","14,200","1,030","1,540","7,92","1014",
" 328/5","4 dic 2025 0:35:59","25800","14,210","1,030","1,540","8,08","1022",
" 329/1","4 dic 2025 0:37:26","25848","14,220","1,030","1,540","7,92","1009",
" 329/2","4 dic 2025 0:37:40","25856","14,220","1,030","1,550","7,89","1014",
" 329/3","4 dic 2025 0:37:55","25864","14,210","1,030","1,540","8,06","1022",
" 329/4","4 dic 2025 0:38:09","25872","14,210","1,030","1,530","8,17","1016",
" 329/5","4 dic 2025 0:38:23","25880","14,220","1,030","1,530","8,08","1014",
" 330/1","4 dic 2025 0:39:49","25928","14,210","1,030","1,530","8,11","1027",
" 330/2","4 dic 2025 0:40:04","25936","14,220","1,030","1,560","7,84","1006",
" 330/3","4 dic 2025 0:40:18","25944","14,220","1,030","1,540","8,00","1022",
" 330/4","4 dic 2025 0:40:33","25952","14,220","1,030","1,530","8,21","1025",
" 330/5","4 dic 2025 0:40:47","25960","14,220","1,030","1,530","7,91","1008",
" 331/1","4 dic 2025 0:42:13","26008","14,220","1,030","1,520","7,99","1027",
" 331/2","4 dic 2025 0:42:28","26016","14,220","1,030","1,530","7,99","1020",
" 331/3","4 dic 2025 0:42:42","26024","14,230","1,030","1,540","7,97","1017",
" 331/4","4 dic 2025 0:42:56","26032","14,220","1,030","1,530","8,08","1023",
" 331/5","4 dic 2025 0:43:04","26040","14,220","1,030","1,530","8,08","1023",
" 332/1","4 dic 2025 0:44:30","26088","14,230","1,030","1,530","7,97","1022",
" 332/2","4 dic 2025 0:44:44","26096","14,230","1,030","1,550","7,96","1023",
" 332/3","4 dic 2025 0:44:58","26104","14,240","1,030","1,530","8,13","1016",
" 332/4","4 dic 2025 0:45:13","26112","14,250","1,030","1,530","8,11","1020",
" 332/5","4 dic 2025 0:45:27","26120","14,210","1,030","1,540","8,00","1022",
" 333/1","4 dic 2025 0:46:53","26168","14,240","1,030","1,530","8,04","1017",
" 333/2","4 dic 2025 0:47:08","26176","14,190","1,030","1,540","7,99","1023",
" 333/3","4 dic 2025 0:47:22","26184","14,240","1,030","1,540","8,06","1014",
" 333/4","4 dic 2025 0:47:36","26192","14,210","1,030","1,550","7,83","1017",
" 333/5","4 dic 2025 0:47:51","26200","14,200","1,030","1,540","7,92","1014",
" 334/1","4 dic 2025 0:49:17","26248","14,250","1,030","1,550","7,89","1008",
" 334/2","4 dic 2025 0:49:32","26256","14,220","1,030","1,550","8,01","1016",
" 334/3","4 dic 2025 0:49:46","26264","14,230","1,030","1,530","7,90","1019",
" 334/4","4 dic 2025 0:50:00","26272","14,210","1,030","1,540","7,96","1014",
" 334/5","4 dic 2025 0:50:15","26280","14,200","1,030","1,520","8,07","1022",
" 335/1","4 dic 2025 0:51:41","26328","14,200","1,030","1,540","7,84","1005",
" 335/2","4 dic 2025 0:51:55","26336","14,210","1,030","1,540","7,92","1017",
" 335/3","4 dic 2025 0:52:10","26344","14,220","1,030","1,540","8,06","1022",
" 335/4","4 dic 2025 0:52:24","26352","14,210","1,030","1,540","7,91","1019",
" 335/5","4 dic 2025 0:52:38","26360","14,220","1,030","1,530","8,01","1016",
" 336/1","4 dic 2025 0:54:05","26408","14,250","1,030","1,530","7,96","1019",
" 336/2","4 dic 2025 0:54:19","26416","14,230","1,030","1,530","8,13","1033",
" 336/3","4 dic 2025 0:54:33","26424","14,230","1,030","1,520","8,10","1022",
" 336/4","4 dic 2025 0:54:48","26432","14,220","1,030","1,530","7,97","1019",
" 336/5","4 dic 2025 0:55:02","26440","14,240","1,030","1,540","7,92","1016",
" 337/1","4 dic 2025 0:56:21","26488","14,200","1,030","1,520","8,13","1028",
" 337/2","4 dic 2025 0:56:36","26496","14,210","1,030","1,540","7,96","1014",
" 337/3","4 dic 2025 0:56:50","26504","14,200","1,030","1,540","7,94","1014",
" 337/4","4 dic 2025 0:57:04","26512","14,220","1,030","1,530","8,20","1025",
" 337/5","4 dic 2025 0:57:19","26520","14,230","1,030","1,540","7,91","1012",
" 338/1","4 dic 2025 0:58:45","26568","14,210","1,030","1,530","8,01","1020",
" 338/2","4 dic 2025 0:58:59","26576","14,260","1,030","1,530","7,92","1017",
" 338/3","4 dic 2025 0:59:14","26584","14,230","1,030","1,520","8,12","1020",
" 338/4","4 dic 2025 0:59:28","26592","14,260","1,030","1,530","8,19","1023",
" 338/5","4 dic 2025 0:59:42","26600","14,210","1,030","1,520","8,08","1025",
" 339/1","4 dic 2025 1:01:08","26648","14,230","1,030","1,530","8,06","1033",
" 339/2","4 dic 2025 1:01:23","26656","14,220","1,030","1,540","7,97","1023",
" 339/3","4 dic 2025 1:01:37","26664","14,210","1,030","1,530","8,07","1031",
" 339/4","4 dic 2025 1:01:52","26672","14,210","1,030","1,530","7,96","1025",
" 339/5","4 dic 2025 1:02:06","26680","14,230","1,030","1,520","8,13","1031",
" 340/1","4 dic 2025 1:03:32","26728","14,210","1,030","1,520","7,99","1017",
" 340/2","4 dic 2025 1:03:47","26736","14,210","1,030","1,520","8,03","1014",
" 340/3","4 dic 2025 1:04:01","26744","14,220","1,030","1,530","8,01","1027",
" 340/4","4 dic 2025 1:04:15","26752","14,220","1,030","1,530","8,08","1025",
" 340/5","4 dic 2025 1:04:30","26760","14,230","1,030","1,520","8,05","1033",
" 341/1","4 dic 2025 1:05:56","26808","14,220","1,030","1,540","7,98","1025",
" 341/2","4 dic 2025 1:06:11","26816","14,230","1,030","1,520","8,16","1025",
" 341/3","4 dic 2025 1:06:25","26824","14,230","1,030","1,510","8,13","1025",
" 341/4","4 dic 2025 1:06:39","26832","14,230","1,030","1,540","7,88","1009",
" 341/5","4 dic 2025 1:06:46","26840","14,230","1,030","1,540","7,88","1009",
" 342/1","4 dic 2025 1:08:13","26888","14,220","1,030","1,530","7,99","1019",
" 342/2","4 dic 2025 1:08:27","26896","14,220","1,030","1,540","7,98","1020",
" 342/3","4 dic 2025 1:08:42","26904","14,220","1,030","1,540","8,05","1019",
" 342/4","4 dic 2025 1:08:56","26912","14,220","1,030","1,530","7,99","1014",
" 342/5","4 dic 2025 1:09:10","26920","14,220","1,030","1,520","8,09","1022",
" 343/1","4 dic 2025 1:10:37","26968","14,220","1,030","1,530","8,07","1023",
" 343/2","4 dic 2025 1:10:51","26976","14,230","1,030","1,540","8,00","1022",
" 343/3","4 dic 2025 1:11:05","26984","14,230","1,030","1,550","7,96","1017",
" 343/4","4 dic 2025 1:11:20","26992","14,230","1,030","1,550","8,00","1017",
" 343/5","4 dic 2025 1:11:34","27000","14,220","1,030","1,540","7,96","1017",
" 344/1","4 dic 2025 1:13:00","27048","14,210","1,030","1,550","8,01","1014",
" 344/2","4 dic 2025 1:13:15","27056","14,220","1,030","1,540","8,07","1023",
" 344/3","4 dic 2025 1:13:29","27064","14,210","1,030","1,520","8,16","1014",
" 344/4","4 dic 2025 1:13:43","27072","14,200","1,030","1,550","7,98","1020",
" 344/5","4 dic 2025 1:13:58","27080","14,220","1,030","1,550","7,95","1022",
" 345/1","4 dic 2025 1:15:24","27128","14,210","1,030","1,550","7,85","1011",
" 345/2","4 dic 2025 1:15:38","27136","14,200","1,030","1,550","7,92","1019",
" 345/3","4 dic 2025 1:15:53","27144","14,230","1,030","1,540","7,96","1014",
" 345/4","4 dic 2025 1:16:07","27152","14,230","1,030","1,540","8,06","1012",
" 345/5","4 dic 2025 1:16:22","27160","14,210","1,030","1,560","7,90","1017",
" 346/1","4 dic 2025 1:17:48","27208","14,220","1,030","1,540","8,08","1017",
" 346/2","4 dic 2025 1:18:02","27216","14,240","1,030","1,550","7,89","1009",
" 346/3","4 dic 2025 1:18:17","27224","14,260","1,030","1,550","7,99","1020",
" 346/4","4 dic 2025 1:18:24","27232","14,260","1,030","1,550","7,99","1020",
" 346/5","4 dic 2025 1:18:38","27240","14,230","1,030","1,520","8,12","1020",
" 347/1","4 dic 2025 1:20:04","27288","14,220","1,030","1,540","7,87","1014",
" 347/2","4 dic 2025 1:20:19","27296","14,210","1,030","1,550","7,92","1023",
" 347/3","4 dic 2025 1:20:33","27304","14,210","1,030","1,540","7,96","1022",
" 347/4","4 dic 2025 1:20:48","27312","14,200","1,030","1,530","8,07","1022",
" 347/5","4 dic 2025 1:21:02","27320","14,200","1,030","1,550","8,00","1022",
" 348/1","4 dic 2025 1:22:28","27368","14,210","1,030","1,550","7,98","1025",
" 348/2","4 dic 2025 1:22:43","27376","14,220","1,030","1,540","8,00","1022",
" 348/3","4 dic 2025 1:22:57","27384","14,230","1,030","1,530","8,21","1030",
" 348/4","4 dic 2025 1:23:11","27392","14,220","1,030","1,540","8,08","1019",
" 348/5","4 dic 2025 1:23:26","27400","14,220","1,030","1,530","8,10","1016",
" 349/1","4 dic 2025 1:24:52","27448","14,220","1,030","1,540","7,92","1014",
" 349/2","4 dic 2025 1:25:06","27456","14,240","1,030","1,550","8,09","1023",
" 349/3","4 dic 2025 1:25:21","27464","14,220","1,030","1,550","7,96","1022",
" 349/4","4 dic 2025 1:25:35","27472","14,230","1,030","1,560","7,91","1019",
" 349/5","4 dic 2025 1:25:49","27480","14,220","1,030","1,550","7,98","1014",
" 350/1","4 dic 2025 1:27:15","27528","14,240","1,030","1,550","8,00","1019",
" 350/2","4 dic 2025 1:27:30","27536","14,210","1,030","1,550","8,01","1016",
" 350/3","4 dic 2025 1:27:44","27544","14,200","1,030","1,540","7,99","1028",
" 350/4","4 dic 2025 1:27:59","27552","14,200","1,030","1,540","7,91","1025",
" 350/5","4 dic 2025 1:28:13","27560","14,220","1,030","1,560","8,00","1011",
" 351/1","4 dic 2025 1:29:39","27608","14,220","1,030","1,530","8,09","1016",
" 351/2","4 dic 2025 1:29:54","27616","14,210","1,030","1,560","7,92","1016",
" 351/3","4 dic 2025 1:30:01","27624","14,210","1,030","1,560","7,92","1016",
" 351/4","4 dic 2025 1:30:15","27632","14,220","1,030","1,550","7,91","1011",
" 351/5","4 dic 2025 1:30:30","27640","14,220","1,030","1,550","8,12","1014",
" 352/1","4 dic 2025 1:31:56","27688","14,230","1,030","1,560","7,96","1005",
" 352/2","4 dic 2025 1:32:10","27696","14,240","1,030","1,550","8,01","1008",
" 352/3","4 dic 2025 1:32:25","27704","14,210","1,030","1,560","7,92","1009",
" 352/4","4 dic 2025 1:32:39","27712","14,210","1,030","1,560","8,00","1022",
" 352/5","4 dic 2025 1:32:54","27720","14,220","1,030","1,570","7,89","1020",
" 353/1","4 dic 2025 1:34:20","27768","14,230","1,030","1,560","7,90","1006",
" 353/2","4 dic 2025 1:34:34","27776","14,220","1,030","1,550","7,91","1012",
" 353/3","4 dic 2025 1:34:49","27784","14,220","1,030","1,550","8,04","1022",
" 353/4","4 dic 2025 1:35:03","27792","14,220","1,030","1,550","7,92","1009",
" 353/5","4 dic 2025 1:35:17","27800","14,220","1,030","1,540","8,09","1020",
" 354/1","4 dic 2025 1:36:43","27848","14,220","1,030","1,540","7,96","1014",
" 354/2","4 dic 2025 1:36:58","27856","14,230","1,030","1,550","7,94","1014",
" 354/3","4 dic 2025 1:37:12","27864","14,200","1,030","1,560","7,91","1017",
" 354/4","4 dic 2025 1:37:27","27872","14,210","1,030","1,550","8,03","1020",
" 354/5","4 dic 2025 1:37:41","27880","14,230","1,030","1,560","8,00","1023",
" 355/1","4 dic 2025 1:39:07","27928","14,210","1,030","1,550","8,07","1022",
" 355/2","4 dic 2025 1:39:22","27936","14,230","1,030","1,540","7,97","1008",
" 355/3","4 dic 2025 1:39:36","27944","14,240","1,030","1,550","8,06","1020",
" 355/4","4 dic 2025 1:39:50","27952","14,260","1,030","1,560","7,91","1016",
" 355/5","4 dic 2025 1:40:05","27960","14,230","1,030","1,540","8,08","1023",
" 356/1","4 dic 2025 1:41:31","28008","14,200","1,030","1,570","7,90","1017",
" 356/2","4 dic 2025 1:41:45","28016","14,230","1,030","1,560","7,99","1019",
" 356/3","4 dic 2025 1:41:52","28024","14,230","1,030","1,560","7,99","1019",
" 356/4","4 dic 2025 1:42:07","28032","14,210","1,030","1,560","7,98","1016",
" 356/5","4 dic 2025 1:42:21","28040","14,210","1,030","1,560","7,80","1009",
" 357/1","4 dic 2025 1:43:47","28088","14,220","1,030","1,560","7,83","1006",
" 357/2","4 dic 2025 1:44:02","28096","14,260","1,030","1,560","7,98","1014",
" 357/3","4 dic 2025 1:44:16","28104","14,220","1,030","1,580","7,80","1006",
" 357/4","4 dic 2025 1:44:31","28112","14,240","1,030","1,570","7,96","1017",
" 357/5","4 dic 2025 1:44:45","28120","14,220","1,030","1,560","7,91","1011",
" 358/1","4 dic 2025 1:46:11","28168","14,210","1,030","1,550","7,94","1003",
" 358/2","4 dic 2025 1:46:25","28176","14,230","1,030","1,550","7,88","1006",
" 358/3","4 dic 2025 1:46:40","28184","14,220","1,030","1,560","7,93","1008",
" 358/4","4 dic 2025 1:46:54","28192","14,230","1,030","1,570","7,88","1009",
" 358/5","4 dic 2025 1:47:09","28200","14,240","1,030","1,560","7,99","1019",
" 359/1","4 dic 2025 1:48:35","28248","14,220","1,030","1,550","7,98","1014",
" 359/2","4 dic 2025 1:48:49","28256","14,210","1,030","1,550","8,10","1016",
" 359/3","4 dic 2025 1:49:04","28264","14,210","1,030","1,570","7,88","1009",
" 359/4","4 dic 2025 1:49:18","28272","14,210","1,030","1,550","7,92","1016",
" 359/5","4 dic 2025 1:49:32","28280","14,200","1,030","1,550","8,12","1020",
" 360/1","4 dic 2025 1:50:59","28328","14,220","1,030","1,540","7,91","1016",
" 360/2","4 dic 2025 1:51:13","28336","14,210","1,030","1,550","7,99","1020",
" 360/3","4 dic 2025 1:51:27","28344","14,200","1,030","1,540","7,95","1008",
" 360/4","4 dic 2025 1:51:42","28352","14,210","1,030","1,550","8,04","1022",
" 360/5","4 dic 2025 1:51:56","28360","14,220","1,030","1,560","7,93","1008",
" 361/1","4 dic 2025 1:53:22","28408","14,210","1,030","1,580","7,82","1006",
" 361/2","4 dic 2025 1:53:29","28416","14,210","1,030","1,580","7,82","1006",
" 361/3","4 dic 2025 1:53:44","28424","14,200","1,030","1,560","7,79","1008",
" 361/4","4 dic 2025 1:53:58","28432","14,200","1,030","1,550","8,13","1019",
" 361/5","4 dic 2025 1:54:13","28440","14,220","1,030","1,560","7,71","997",
" 362/1","4 dic 2025 1:55:39","28488","14,230","1,030","1,560","8,01","1003",
" 362/2","4 dic 2025 1:55:53","28496","14,230","1,030","1,560","7,99","1011",
" 362/3","4 dic 2025 1:56:08","28504","14,210","1,030","1,540","7,91","1008",
" 362/4","4 dic 2025 1:56:22","28512","14,220","1,030","1,560","8,00","1011",
" 362/5","4 dic 2025 1:56:36","28520","14,200","1,030","1,560","7,84","1009",
" 363/1","4 dic 2025 1:58:03","28568","14,200","1,030","1,550","7,92","1009",
" 363/2","4 dic 2025 1:58:17","28576","14,230","1,030","1,550","7,89","1014",
" 363/3","4 dic 2025 1:58:32","28584","14,200","1,030","1,560","8,03","1019",
" 363/4","4 dic 2025 1:58:46","28592","14,200","1,030","1,560","7,90","1002",
" 363/5","4 dic 2025 1:59:00","28600","14,200","1,030","1,570","8,00","1012",
" 364/1","4 dic 2025 2:00:26","28648","14,220","1,030","1,560","7,98","1009",
" 364/2","4 dic 2025 2:00:41","28656","14,220","1,030","1,570","7,77","1009",
" 364/3","4 dic 2025 2:00:55","28664","14,210","1,030","1,550","8,01","1022",
" 364/4","4 dic 2025 2:01:10","28672","14,220","1,030","1,540","7,96","1019",
" 364/5","4 dic 2025 2:01:24","28680","14,210","1,030","1,570","7,93","1012",
" 365/1","4 dic 2025 2:02:50","28728","14,230","1,030","1,570","8,09","1014",
" 365/2","4 dic 2025 2:03:05","28736","14,210","1,030","1,570","7,93","1012",
" 365/3","4 dic 2025 2:03:19","28744","14,220","1,030","1,580","7,82","998",
" 365/4","4 dic 2025 2:03:33","28752","14,210","1,030","1,570","7,96","1016",
" 365/5","4 dic 2025 2:03:48","28760","14,210","1,030","1,550","7,92","1005",
" 366/1","4 dic 2025 2:05:07","28808","14,210","1,030","1,570","7,96","1014",
" 366/2","4 dic 2025 2:05:21","28816","14,200","1,030","1,570","7,83","1020",
" 366/3","4 dic 2025 2:05:36","28824","14,200","1,030","1,570","7,91","1019",
" 366/4","4 dic 2025 2:05:50","28832","14,200","1,030","1,560","7,89","1011",
" 366/5","4 dic 2025 2:06:04","28840","14,250","1,030","1,550","8,07","1011",
" 367/1","4 dic 2025 2:07:31","28888","14,210","1,030","1,570","7,99","1016",
" 367/2","4 dic 2025 2:07:45","28896","14,210","1,030","1,560","7,93","1009",
" 367/3","4 dic 2025 2:07:59","28904","14,250","1,030","1,560","7,96","1008",
" 367/4","4 dic 2025 2:08:14","28912","14,220","1,030","1,550","8,13","1012",
" 367/5","4 dic 2025 2:08:28","28920","14,220","1,030","1,580","7,82","1006",
" 368/1","4 dic 2025 2:09:54","28968","14,230","1,030","1,570","7,91","1014",
" 368/2","4 dic 2025 2:10:09","28976","14,210","1,030","1,570","7,93","1011",
" 368/3","4 dic 2025 2:10:23","28984","14,220","1,030","1,550","8,09","1020",
" 368/4","4 dic 2025 2:10:37","28992","14,240","1,030","1,580","7,92","1002",
" 368/5","4 dic 2025 2:10:52","29000","14,220","1,030","1,560","7,88","1003",
" 369/1","4 dic 2025 2:12:18","29048","14,220","1,030","1,570","7,81","997",
" 369/2","4 dic 2025 2:12:33","29056","14,230","1,030","1,540","7,97","1017",
" 369/3","4 dic 2025 2:12:47","29064","14,220","1,030","1,560","7,99","1009",
" 369/4","4 dic 2025 2:13:01","29072","14,200","1,030","1,550","7,89","1005",
" 369/5","4 dic 2025 2:13:16","29080","14,220","1,030","1,570","7,93","1008",
" 370/1","4 dic 2025 2:14:42","29128","14,230","1,030","1,570","8,01","1008",
" 370/2","4 dic 2025 2:14:56","29136","14,210","1,030","1,570","7,97","1012",
" 370/3","4 dic 2025 2:15:11","29144","14,200","1,030","1,580","7,83","1003",
" 370/4","4 dic 2025 2:15:25","29152","14,210","1,030","1,560","8,13","1022",
" 370/5","4 dic 2025 2:15:39","29160","14,210","1,030","1,560","7,93","1012",
" 371/1","4 dic 2025 2:16:58","29208","14,210","1,030","1,570","7,98","1012",
" 371/2","4 dic 2025 2:17:13","29216","14,190","1,030","1,560","8,03","1017",
" 371/3","4 dic 2025 2:17:27","29224","14,200","1,030","1,570","7,85","1009",
" 371/4","4 dic 2025 2:17:41","29232","14,200","1,030","1,550","8,06","1016",
" 371/5","4 dic 2025 2:17:56","29240","14,230","1,030","1,550","7,97","1008",
" 372/1","4 dic 2025 2:19:22","29288","14,220","1,030","1,570","7,92","1008",
" 372/2","4 dic 2025 2:19:36","29296","14,220","1,030","1,580","7,80","1003",
" 372/3","4 dic 2025 2:19:51","29304","14,230","1,030","1,550","8,01","1005",
" 372/4","4 dic 2025 2:20:05","29312","14,230","1,030","1,550","7,93","1016",
" 372/5","4 dic 2025 2:20:20","29320","14,200","1,030","1,550","7,92","1014",
" 373/1","4 dic 2025 2:21:46","29368","14,230","1,030","1,550","8,00","1005",
" 373/2","4 dic 2025 2:22:00","29376","14,240","1,030","1,560","7,91","1014",
" 373/3","4 dic 2025 2:22:14","29384","14,210","1,030","1,560","8,01","1019",
" 373/4","4 dic 2025 2:22:29","29392","14,210","1,030","1,570","7,80","1009",
" 373/5","4 dic 2025 2:22:43","29400","14,210","1,030","1,550","8,09","1017",
" 374/1","4 dic 2025 2:24:10","29448","14,220","1,030","1,550","8,08","1011",
" 374/2","4 dic 2025 2:24:24","29456","14,270","1,030","1,560","7,81","1019",
" 374/3","4 dic 2025 2:24:38","29464","14,220","1,030","1,570","7,94","1011",
" 374/4","4 dic 2025 2:24:53","29472","14,250","1,030","1,540","7,98","1014",
" 374/5","4 dic 2025 2:25:07","29480","14,210","1,030","1,560","7,87","1019",
" 375/1","4 dic 2025 2:26:33","29528","14,200","1,030","1,560","8,04","1022",
" 375/2","4 dic 2025 2:26:47","29536","14,230","1,030","1,540","8,08","1016",
" 375/3","4 dic 2025 2:27:02","29544","14,200","1,030","1,550","8,00","1006",
" 375/4","4 dic 2025 2:27:16","29552","14,210","1,030","1,560","8,01","1014",
" 375/5","4 dic 2025 2:27:31","29560","14,200","1,030","1,560","8,00","1020",
" 376/1","4 dic 2025 2:28:50","29608","14,200","1,030","1,570","7,80","1005",
" 376/2","4 dic 2025 2:29:04","29616","14,200","1,030","1,570","7,97","1011",
" 376/3","4 dic 2025 2:29:18","29624","14,200","1,030","1,560","7,96","1011",
" 376/4","4 dic 2025 2:29:33","29632","14,230","1,030","1,570","7,80","1009",
" 376/5","4 dic 2025 2:29:47","29640","14,210","1,030","1,550","8,06","1017",
" 377/1","4 dic 2025 2:31:13","29688","14,260","1,030","1,550","7,99","1009",
" 377/2","4 dic 2025 2:31:28","29696","14,210","1,030","1,570","7,79","1003",
" 377/3","4 dic 2025 2:31:42","29704","14,260","1,030","1,550","7,93","1008",
" 377/4","4 dic 2025 2:31:57","29712","14,210","1,030","1,550","8,00","1012",
" 377/5","4 dic 2025 2:32:11","29720","14,210","1,030","1,550","7,97","1000",
" 378/1","4 dic 2025 2:33:37","29768","14,190","1,030","1,550","7,91","1008",
" 378/2","4 dic 2025 2:33:52","29776","14,230","1,030","1,540","8,08","1008",
" 378/3","4 dic 2025 2:34:06","29784","14,210","1,030","1,560","7,83","1003",
" 378/4","4 dic 2025 2:34:20","29792","14,190","1,030","1,550","7,94","1012",
" 378/5","4 dic 2025 2:34:35","29800","14,230","1,030","1,550","7,88","1006",
" 379/1","4 dic 2025 2:36:01","29848","14,210","1,030","1,540","8,08","1020",
" 379/2","4 dic 2025 2:36:15","29856","14,240","1,030","1,560","8,03","1009",
" 379/3","4 dic 2025 2:36:30","29864","14,230","1,030","1,560","7,83","1000",
" 379/4","4 dic 2025 2:36:44","29872","14,210","1,030","1,570","7,92","1014",
" 379/5","4 dic 2025 2:36:59","29880","14,200","1,030","1,540","7,89","1005",
" 380/1","4 dic 2025 2:38:25","29928","14,200","1,030","1,550","7,96","1003",
" 380/2","4 dic 2025 2:38:39","29936","14,210","1,030","1,550","7,98","1011",
" 380/3","4 dic 2025 2:38:53","29944","14,210","1,030","1,550","8,05","1014",
" 380/4","4 dic 2025 2:39:08","29952","14,220","1,030","1,550","8,09","1012",
" 380/5","4 dic 2025 2:39:22","29960","14,220","1,030","1,570","7,89","1008",
" 381/1","4 dic 2025 2:40:41","30008","14,210","1,030","1,570","7,90","1002",
" 381/2","4 dic 2025 2:40:56","30016","14,220","1,030","1,560","7,93","1012",
" 381/3","4 dic 2025 2:41:10","30024","14,210","1,030","1,540","8,06","1017",
" 381/4","4 dic 2025 2:41:24","30032","14,210","1,030","1,570","7,83","1006",
" 381/5","4 dic 2025 2:41:39","30040","14,230","1,030","1,580","7,76","1002",
" 382/1","4 dic 2025 2:43:05","30088","14,220","1,030","1,550","7,89","1005",
" 382/2","4 dic 2025 2:43:19","30096","14,240","1,030","1,570","8,01","1005",
" 382/3","4 dic 2025 2:43:34","30104","14,200","1,030","1,560","7,91","1000",
" 382/4","4 dic 2025 2:43:48","30112","14,210","1,030","1,570","7,91","1009",
" 382/5","4 dic 2025 2:44:02","30120","14,220","1,030","1,570","7,89","997",
" 383/1","4 dic 2025 2:45:28","30168","14,190","1,030","1,550","8,01","1003",
" 383/2","4 dic 2025 2:45:43","30176","14,190","1,030","1,580","7,86","1006",
" 383/3","4 dic 2025 2:45:57","30184","14,220","1,030","1,550","7,91","1011",
" 383/4","4 dic 2025 2:46:12","30192","14,220","1,030","1,560","7,89","1005",
" 383/5","4 dic 2025 2:46:26","30200","14,210","1,030","1,550","7,90","1012",
" 384/1","4 dic 2025 2:47:52","30248","14,230","1,030","1,570","7,97","1014",
" 384/2","4 dic 2025 2:48:07","30256","14,200","1,030","1,560","7,92","1012",
" 384/3","4 dic 2025 2:48:21","30264","14,210","1,030","1,570","7,92","1016",
" 384/4","4 dic 2025 2:48:35","30272","14,210","1,030","1,570","7,97","1011",
" 384/5","4 dic 2025 2:48:50","30280","14,200","1,030","1,570","7,89","1005",
" 385/1","4 dic 2025 2:50:16","30328","14,210","1,030","1,550","8,04","1011",
" 385/2","4 dic 2025 2:50:30","30336","14,200","1,030","1,570","7,89","1003",
" 385/3","4 dic 2025 2:50:45","30344","14,210","1,030","1,560","7,86","1006",
" 385/4","4 dic 2025 2:50:59","30352","14,210","1,030","1,560","8,00","1011",
" 385/5","4 dic 2025 2:51:06","30360","14,210","1,030","1,560","8,00","1011",
" 386/1","4 dic 2025 2:52:33","30408","14,200","1,030","1,550","8,11","1012",
" 386/2","4 dic 2025 2:52:47","30416","14,210","1,030","1,560","7,84","1008",
" 386/3","4 dic 2025 2:53:01","30424","14,210","1,030","1,550","7,90","1012",
" 386/4","4 dic 2025 2:53:16","30432","14,190","1,030","1,550","8,08","1014",
" 386/5","4 dic 2025 2:53:30","30440","14,210","1,030","1,560","7,85","1003",
" 387/1","4 dic 2025 2:54:56","30488","14,220","1,030","1,580","7,89","1014",
" 387/2","4 dic 2025 2:55:11","30496","14,230","1,030","1,580","7,91","1005",
" 387/3","4 dic 2025 2:55:25","30504","14,220","1,030","1,550","7,98","1014",
" 387/4","4 dic 2025 2:55:39","30512","14,200","1,030","1,580","7,97","1014",
" 387/5","4 dic 2025 2:55:54","30520","14,200","1,030","1,580","7,84","1009",
" 388/1","4 dic 2025 2:57:20","30568","14,210","1,030","1,570","8,08","1006",
" 388/2","4 dic 2025 2:57:34","30576","14,220","1,030","1,570","7,84","995",
" 388/3","4 dic 2025 2:57:49","30584","14,200","1,030","1,570","7,91","1002",
" 388/4","4 dic 2025 2:58:03","30592","14,200","1,030","1,540","7,97","992",
" 388/5","4 dic 2025 2:58:17","30600","14,200","1,030","1,560","8,02","1003",
" 389/1","4 dic 2025 2:59:44","30648","14,230","1,030","1,550","7,85","992",
" 389/2","4 dic 2025 2:59:58","30656","14,220","1,030","1,580","7,91","992",
" 389/3","4 dic 2025 3:00:12","30664","14,220","1,030","1,570","7,87","991",
" 389/4","4 dic 2025 3:00:27","30672","14,220","1,030","1,580","7,89","992",
" 389/5","4 dic 2025 3:00:41","30680","14,210","1,030","1,550","7,85","994",
" 390/1","4 dic 2025 3:02:07","30728","14,200","1,030","1,560","7,83","984",
" 390/2","4 dic 2025 3:02:22","30736","14,220","1,030","1,580","7,87","991",
" 390/3","4 dic 2025 3:02:36","30744","14,230","1,030","1,570","7,80","986",
" 390/4","4 dic 2025 3:02:43","30752","14,230","1,030","1,570","7,80","986",
" 390/5","4 dic 2025 3:02:58","30760","14,220","1,030","1,560","7,92","992",
" 391/1","4 dic 2025 3:04:24","30808","14,240","1,030","1,560","7,85","987",
" 391/2","4 dic 2025 3:04:38","30816","14,220","1,030","1,550","7,92","987",
" 391/3","4 dic 2025 3:04:53","30824","14,230","1,030","1,550","7,97","984",
" 391/4","4 dic 2025 3:05:07","30832","14,230","1,030","1,560","8,07","992",
" 391/5","4 dic 2025 3:05:21","30840","14,220","1,030","1,570","7,80","989",
" 392/1","4 dic 2025 3:06:48","30888","14,200","1,030","1,540","8,13","986",
" 392/2","4 dic 2025 3:07:02","30896","14,200","1,030","1,560","7,89","986",
" 392/3","4 dic 2025 3:07:16","30904","14,210","1,030","1,550","7,99","989",
" 392/4","4 dic 2025 3:07:31","30912","14,210","1,030","1,570","7,87","986",
" 392/5","4 dic 2025 3:07:45","30920","14,240","1,030","1,570","7,85","994",
" 393/1","4 dic 2025 3:09:11","30968","14,200","1,030","1,560","7,98","1002",
" 393/2","4 dic 2025 3:09:26","30976","14,200","1,030","1,550","7,74","998",
" 393/3","4 dic 2025 3:09:40","30984","14,230","1,030","1,560","8,07","1009",
" 393/4","4 dic 2025 3:09:54","30992","14,210","1,030","1,540","7,91","998",
" 393/5","4 dic 2025 3:10:09","31000","14,260","1,030","1,550","7,87","1005",
" 394/1","4 dic 2025 3:11:35","31048","14,210","1,030","1,560","8,01","1005",
" 394/2","4 dic 2025 3:11:49","31056","14,210","1,030","1,550","7,92","1008",
" 394/3","4 dic 2025 3:12:04","31064","14,220","1,030","1,550","7,93","1009",
" 394/4","4 dic 2025 3:12:18","31072","14,250","1,030","1,540","7,93","1011",
" 394/5","4 dic 2025 3:12:32","31080","14,220","1,030","1,550","7,91","998",
" 395/1","4 dic 2025 3:13:59","31128","14,220","1,030","1,550","8,01","1008",
" 395/2","4 dic 2025 3:14:13","31136","14,220","1,030","1,560","7,91","1002",
" 395/3","4 dic 2025 3:14:28","31144","14,220","1,030","1,550","7,88","1009",
" 395/4","4 dic 2025 3:14:35","31152","14,220","1,030","1,550","7,88","1009",
" 395/5","4 dic 2025 3:14:49","31160","14,270","1,030","1,570","7,87","1009",
" 396/1","4 dic 2025 3:16:15","31208","14,260","1,030","1,550","8,00","1006",
" 396/2","4 dic 2025 3:16:30","31216","14,230","1,030","1,550","8,01","1014",
" 396/3","4 dic 2025 3:16:44","31224","14,230","1,030","1,570","7,96","1008",
" 396/4","4 dic 2025 3:16:59","31232","14,210","1,030","1,550","7,95","1002",
" 396/5","4 dic 2025 3:17:13","31240","14,210","1,030","1,560","7,99","1014",
" 397/1","4 dic 2025 3:18:39","31288","14,240","1,030","1,550","8,02","1008",
" 397/2","4 dic 2025 3:18:54","31296","14,210","1,030","1,550","7,97","1005",
" 397/3","4 dic 2025 3:19:08","31304","14,250","1,030","1,540","8,07","1019",
" 397/4","4 dic 2025 3:19:23","31312","14,230","1,030","1,560","7,89","1011",
" 397/5","4 dic 2025 3:19:37","31320","14,260","1,030","1,530","8,09","1009",
" 398/1","4 dic 2025 3:21:03","31368","14,230","1,030","1,570","7,96","1012",
" 398/2","4 dic 2025 3:21:18","31376","14,220","1,030","1,560","7,89","1003",
" 398/3","4 dic 2025 3:21:32","31384","14,250","1,030","1,550","7,91","1016",
" 398/4","4 dic 2025 3:21:46","31392","14,260","1,030","1,550","7,90","1012",
" 398/5","4 dic 2025 3:22:01","31400","14,220","1,030","1,550","8,07","1005",
" 399/1","4 dic 2025 3:23:27","31448","14,240","1,030","1,550","7,99","1011",
" 399/2","4 dic 2025 3:23:41","31456","14,240","1,030","1,570","7,93","1009",
" 399/3","4 dic 2025 3:23:56","31464","14,190","1,030","1,560","7,93","1014",
" 399/4","4 dic 2025 3:24:10","31472","14,240","1,030","1,550","7,88","1009",
" 399/5","4 dic 2025 3:24:24","31480","14,210","1,030","1,550","8,04","1014",
" 400/1","4 dic 2025 3:25:51","31528","14,220","1,030","1,570","7,84","1006",
" 400/2","4 dic 2025 3:26:05","31536","14,230","1,030","1,570","7,91","998",
" 400/3","4 dic 2025 3:26:19","31544","14,260","1,030","1,570","7,89","1014",
" 400/4","4 dic 2025 3:26:34","31552","14,220","1,030","1,570","7,91","1008",
" 400/5","4 dic 2025 3:26:41","31560","14,220","1,030","1,570","7,91","1008",
" 401/1","4 dic 2025 3:28:07","31608","14,210","1,030","1,550","8,01","1011",
" 401/2","4 dic 2025 3:28:22","31616","14,220","1,030","1,550","8,01","1005",
" 401/3","4 dic 2025 3:28:36","31624","14,230","1,030","1,560","8,01","1012",
" 401/4","4 dic 2025 3:28:51","31632","14,250","1,030","1,560","7,90","1012",
" 401/5","4 dic 2025 3:29:05","31640","14,220","1,030","1,570","8,01","1017",
" 402/1","4 dic 2025 3:30:31","31688","14,260","1,030","1,570","7,91","1009",
" 402/2","4 dic 2025 3:30:45","31696","14,230","1,030","1,570","7,76","995",
" 402/3","4 dic 2025 3:31:00","31704","14,220","1,030","1,610","7,96","1014",
" 402/4","4 dic 2025 3:31:14","31712","14,250","1,030","1,580","7,75","1002",
" 402/5","4 dic 2025 3:31:29","31720","14,230","1,030","1,580","7,82","1009",
" 403/1","4 dic 2025 3:32:55","31768","14,210","1,030","1,580","7,91","1014",
" 403/2","4 dic 2025 3:33:09","31776","14,210","1,030","1,580","7,87","1006",
" 403/3","4 dic 2025 3:33:24","31784","14,210","1,030","1,580","7,87","1008",
" 403/4","4 dic 2025 3:33:38","31792","14,250","1,030","1,570","7,81","1005",
" 403/5","4 dic 2025 3:33:52","31800","14,220","1,030","1,580","7,82","1006",
" 404/1","4 dic 2025 3:35:19","31848","14,250","1,030","1,580","7,92","1002",
" 404/2","4 dic 2025 3:35:33","31856","14,220","1,030","1,570","7,92","1006",
" 404/3","4 dic 2025 3:35:47","31864","14,250","1,030","1,570","8,06","1008",
" 404/4","4 dic 2025 3:36:02","31872","14,250","1,030","1,580","7,89","1011",
" 404/5","4 dic 2025 3:36:16","31880","14,260","1,030","1,560","7,98","1011",
" 405/1","4 dic 2025 3:37:43","31928","14,240","1,030","1,560","7,84","1003",
" 405/2","4 dic 2025 3:37:57","31936","14,240","1,030","1,570","7,93","1012",
" 405/3","4 dic 2025 3:38:11","31944","14,210","1,030","1,580","7,89","1002",
" 405/4","4 dic 2025 3:38:26","31952","14,240","1,030","1,580","7,80","1005",
" 405/5","4 dic 2025 3:38:40","31960","14,210","1,030","1,580","7,91","1008",
" 406/1","4 dic 2025 3:39:59","32008","14,210","1,030","1,570","7,81","1009",
" 406/2","4 dic 2025 3:40:14","32016","14,220","1,030","1,560","8,02","1014",
" 406/3","4 dic 2025 3:40:28","32024","14,220","1,030","1,560","7,97","1006",
" 406/4","4 dic 2025 3:40:42","32032","14,210","1,030","1,580","7,89","1011",
" 406/5","4 dic 2025 3:40:57","32040","14,250","1,030","1,550","7,80","997",
" 407/1","4 dic 2025 3:42:23","32088","14,220","1,030","1,560","7,98","1009",
" 407/2","4 dic 2025 3:42:37","32096","14,250","1,030","1,560","7,99","1011",
" 407/3","4 dic 2025 3:42:52","32104","14,210","1,030","1,580","7,87","1008",
" 407/4","4 dic 2025 3:43:06","32112","14,200","1,030","1,570","7,98","1011",
" 407/5","4 dic 2025 3:43:21","32120","14,230","1,030","1,560","7,96","1017",
" 408/1","4 dic 2025 3:44:47","32168","14,240","1,030","1,590","7,96","1009",
" 408/2","4 dic 2025 3:45:01","32176","14,210","1,030","1,570","7,92","1011",
" 408/3","4 dic 2025 3:45:15","32184","14,250","1,030","1,550","8,07","1017",
" 408/4","4 dic 2025 3:45:30","32192","14,270","1,030","1,550","7,93","1008",
" 408/5","4 dic 2025 3:45:44","32200","14,260","1,030","1,560","7,98","1014",
" 409/1","4 dic 2025 3:47:11","32248","14,210","1,030","1,560","8,05","1012",
" 409/2","4 dic 2025 3:47:25","32256","14,220","1,030","1,570","7,97","1006",
" 409/3","4 dic 2025 3:47:39","32264","14,210","1,030","1,560","7,84","1008",
" 409/4","4 dic 2025 3:47:54","32272","14,200","1,030","1,560","7,99","1008",
" 409/5","4 dic 2025 3:48:08","32280","14,200","1,030","1,570","7,87","1005",
" 410/1","4 dic 2025 3:49:34","32328","14,200","1,030","1,590","7,93","1011",
" 410/2","4 dic 2025 3:49:49","32336","14,200","1,030","1,580","7,96","1005",
" 410/3","4 dic 2025 3:50:03","32344","14,190","1,030","1,570","7,81","998",
" 410/4","4 dic 2025 3:50:17","32352","14,200","1,030","1,580","7,92","1005",
" 410/5","4 dic 2025 3:50:25","32360","14,200","1,030","1,580","7,92","1005",
" 411/1","4 dic 2025 3:51:51","32408","14,210","1,030","1,570","8,10","1009",
" 411/2","4 dic 2025 3:52:05","32416","14,210","1,030","1,570","7,99","1006",
" 411/3","4 dic 2025 3:52:19","32424","14,230","1,030","1,570","7,77","997",
" 411/4","4 dic 2025 3:52:34","32432","14,210","1,030","1,550","7,92","1009",
" 411/5","4 dic 2025 3:52:48","32440","14,210","1,030","1,570","7,99","1014",
" 412/1","4 dic 2025 3:54:14","32488","14,240","1,030","1,580","8,06","1005",
" 412/2","4 dic 2025 3:54:29","32496","14,220","1,030","1,580","7,80","994",
" 412/3","4 dic 2025 3:54:43","32504","14,220","1,030","1,580","7,90","1005",
" 412/4","4 dic 2025 3:54:58","32512","14,240","1,030","1,580","7,87","995",
" 412/5","4 dic 2025 3:55:12","32520","14,220","1,030","1,580","7,94","1008",
" 413/1","4 dic 2025 3:56:38","32568","14,200","1,030","1,560","7,96","1012",
" 413/2","4 dic 2025 3:56:53","32576","14,240","1,030","1,580","7,89","1008",
" 413/3","4 dic 2025 3:57:07","32584","14,210","1,030","1,570","7,96","1009",
" 413/4","4 dic 2025 3:57:21","32592","14,230","1,030","1,580","7,88","998",
" 413/5","4 dic 2025 3:57:36","32600","14,220","1,030","1,560","7,90","997",
" 414/1","4 dic 2025 3:59:02","32648","14,210","1,030","1,580","7,93","1006",
" 414/2","4 dic 2025 3:59:16","32656","14,220","1,030","1,570","7,93","1005",
" 414/3","4 dic 2025 3:59:31","32664","14,200","1,030","1,590","7,89","1002",
" 414/4","4 dic 2025 3:59:45","32672","14,220","1,030","1,570","7,87","1003",
" 414/5","4 dic 2025 3:59:59","32680","14,200","1,030","1,580","7,90","1006",
" 415/1","4 dic 2025 4:01:26","32728","14,200","1,030","1,570","7,89","1003",
" 415/2","4 dic 2025 4:01:40","32736","14,230","1,030","1,560","7,93","1002",
" 415/3","4 dic 2025 4:01:55","32744","14,250","1,030","1,570","7,92","1009",
" 415/4","4 dic 2025 4:02:02","32752","14,250","1,030","1,570","7,92","1009",
" 415/5","4 dic 2025 4:02:16","32760","14,230","1,030","1,590","7,80","1006",
" 416/1","4 dic 2025 4:03:42","32808","14,200","1,030","1,560","8,08","1005",
" 416/2","4 dic 2025 4:03:57","32816","14,200","1,030","1,550","7,98","1008",
" 416/3","4 dic 2025 4:04:11","32824","14,260","1,030","1,570","7,93","1012",
" 416/4","4 dic 2025 4:04:25","32832","14,230","1,030","1,550","8,00","1006",
" 416/5","4 dic 2025 4:04:40","32840","14,210","1,030","1,560","8,01","1009",
" 417/1","4 dic 2025 4:06:06","32888","14,220","1,030","1,550","7,99","1006",
" 417/2","4 dic 2025 4:06:21","32896","14,210","1,030","1,550","8,06","1009",
" 417/3","4 dic 2025 4:06:35","32904","14,210","1,030","1,560","7,88","1008",
" 417/4","4 dic 2025 4:06:49","32912","14,210","1,030","1,570","7,93","1006",
" 417/5","4 dic 2025 4:07:04","32920","14,200","1,030","1,580","7,79","998",
" 418/1","4 dic 2025 4:08:30","32968","14,230","1,030","1,580","8,07","1011",
" 418/2","4 dic 2025 4:08:44","32976","14,200","1,030","1,580","7,88","1009",
" 418/3","4 dic 2025 4:08:59","32984","14,190","1,030","1,560","7,99","1016",
" 418/4","4 dic 2025 4:09:13","32992","14,200","1,030","1,600","7,93","1011",
" 418/5","4 dic 2025 4:09:28","33000","14,210","1,030","1,560","8,08","1011",
" 419/1","4 dic 2025 4:10:54","33048","14,230","1,030","1,580","7,83","1005",
" 419/2","4 dic 2025 4:11:08","33056","14,260","1,030","1,560","7,98","1016",
" 419/3","4 dic 2025 4:11:22","33064","14,200","1,030","1,600","7,87","1000",
" 419/4","4 dic 2025 4:11:37","33072","14,210","1,030","1,590","7,63","998",
" 419/5","4 dic 2025 4:11:51","33080","14,200","1,030","1,620","7,80","1005",
" 420/1","4 dic 2025 4:13:17","33128","14,240","1,030","1,630","7,91","1009",
" 420/2","4 dic 2025 4:13:25","33136","14,240","1,030","1,630","7,91","1009",
" 420/3","4 dic 2025 4:13:39","33144","14,230","1,030","1,610","8,01","1011",
" 420/4","4 dic 2025 4:13:53","33152","14,230","1,030","1,590","7,92","1016",
" 420/5","4 dic 2025 4:14:08","33160","14,210","1,030","1,600","8,01","1019",
" 421/1","4 dic 2025 4:15:34","33208","14,210","1,030","1,570","7,94","1019",
" 421/2","4 dic 2025 4:15:49","33216","14,240","1,030","1,560","7,98","1016",
" 421/3","4 dic 2025 4:16:03","33224","14,200","1,030","1,570","7,86","1005",
" 421/4","4 dic 2025 4:16:17","33232","14,240","1,030","1,570","7,98","1016",
" 421/5","4 dic 2025 4:16:32","33240","14,230","1,030","1,560","7,80","1005",
" 422/1","4 dic 2025 4:17:58","33288","14,220","1,030","1,560","7,78","1006",
" 422/2","4 dic 2025 4:18:12","33296","14,210","1,030","1,550","8,06","1009",
" 422/3","4 dic 2025 4:18:27","33304","14,210","1,030","1,560","7,99","1017",
" 422/4","4 dic 2025 4:18:41","33312","14,200","1,030","1,550","7,81","1009",
" 422/5","4 dic 2025 4:18:56","33320","14,260","1,030","1,560","7,99","1006",
" 423/1","4 dic 2025 4:20:22","33368","14,220","1,030","1,550","8,01","1008",
" 423/2","4 dic 2025 4:20:36","33376","14,210","1,030","1,560","7,88","1005",
" 423/3","4 dic 2025 4:20:50","33384","14,220","1,030","1,550","8,07","1009",
" 423/4","4 dic 2025 4:21:05","33392","14,200","1,030","1,550","7,83","1005",
" 423/5","4 dic 2025 4:21:19","33400","14,230","1,030","1,570","8,06","1006",
" 424/1","4 dic 2025 4:22:45","33448","14,260","1,030","1,540","8,06","1009",
" 424/2","4 dic 2025 4:23:00","33456","14,260","1,030","1,560","7,96","1000",
" 424/3","4 dic 2025 4:23:14","33464","14,210","1,030","1,550","7,91","1008",
" 424/4","4 dic 2025 4:23:28","33472","14,250","1,030","1,540","8,05","1014",
" 424/5","4 dic 2025 4:23:43","33480","14,250","1,030","1,530","7,99","1006",
" 425/1","4 dic 2025 4:25:09","33528","14,200","1,030","1,560","7,90","1005",
" 425/2","4 dic 2025 4:25:16","33536","14,200","1,030","1,560","7,90","1005",
" 425/3","4 dic 2025 4:25:31","33544","14,240","1,030","1,550","8,06","1012",
" 425/4","4 dic 2025 4:25:45","33552","14,210","1,030","1,550","7,80","1005",
" 425/5","4 dic 2025 4:25:59","33560","14,200","1,030","1,560","7,99","1012",
" 426/1","4 dic 2025 4:27:26","33608","14,190","1,030","1,560","7,91","1008",
" 426/2","4 dic 2025 4:27:40","33616","14,230","1,030","1,550","8,05","1008",
" 426/3","4 dic 2025 4:27:54","33624","14,250","1,030","1,570","7,91","1005",
" 426/4","4 dic 2025 4:28:09","33632","14,230","1,030","1,560","7,89","1005",
" 426/5","4 dic 2025 4:28:23","33640","14,210","1,030","1,550","8,02","1011",
" 427/1","4 dic 2025 4:29:49","33688","14,210","1,030","1,580","7,83","1000",
" 427/2","4 dic 2025 4:30:04","33696","14,220","1,030","1,580","7,91","1009",
" 427/3","4 dic 2025 4:30:18","33704","14,250","1,030","1,580","7,98","1012",
" 427/4","4 dic 2025 4:30:32","33712","14,260","1,030","1,560","7,89","1000",
" 427/5","4 dic 2025 4:30:47","33720","14,210","1,030","1,580","7,97","1014",
" 428/1","4 dic 2025 4:32:13","33768","14,230","1,030","1,570","7,83","1000",
" 428/2","4 dic 2025 4:32:27","33776","14,200","1,030","1,570","7,92","998",
" 428/3","4 dic 2025 4:32:42","33784","14,250","1,030","1,580","7,96","1006",
" 428/4","4 dic 2025 4:32:56","33792","14,210","1,030","1,590","7,85","1006",
" 428/5","4 dic 2025 4:33:10","33800","14,210","1,030","1,590","7,84","1006",
" 429/1","4 dic 2025 4:34:37","33848","14,250","1,030","1,550","8,01","1011",
" 429/2","4 dic 2025 4:34:51","33856","14,250","1,030","1,560","7,91","1005",
" 429/3","4 dic 2025 4:35:05","33864","14,210","1,030","1,550","7,98","1011",
" 429/4","4 dic 2025 4:35:20","33872","14,260","1,030","1,560","8,03","1012",
" 429/5","4 dic 2025 4:35:34","33880","14,210","1,030","1,570","7,91","1003",
" 430/1","4 dic 2025 4:37:00","33928","14,210","1,030","1,570","7,96","1006",
" 430/2","4 dic 2025 4:37:15","33936","14,230","1,030","1,570","7,98","1002",
" 430/3","4 dic 2025 4:37:29","33944","14,230","1,030","1,570","7,76","1000",
" 430/4","4 dic 2025 4:37:44","33952","14,230","1,030","1,580","7,91","1002",
" 430/5","4 dic 2025 4:37:51","33960","14,230","1,030","1,580","7,91","1002",
" 431/1","4 dic 2025 4:39:17","34008","14,210","1,030","1,580","7,78","1000",
" 431/2","4 dic 2025 4:39:31","34016","14,200","1,030","1,580","7,81","1000",
" 431/3","4 dic 2025 4:39:46","34024","14,200","1,030","1,570","7,98","1012",
" 431/4","4 dic 2025 4:40:00","34032","14,200","1,030","1,590","7,96","1002",
" 431/5","4 dic 2025 4:40:15","34040","14,230","1,030","1,540","7,99","1008",
" 432/1","4 dic 2025 4:41:41","34088","14,220","1,030","1,570","7,89","1008",
" 432/2","4 dic 2025 4:41:55","34096","14,200","1,030","1,560","8,07","1012",
" 432/3","4 dic 2025 4:42:09","34104","14,240","1,030","1,550","7,90","1008",
" 432/4","4 dic 2025 4:42:24","34112","14,240","1,030","1,580","7,88","1008",
" 432/5","4 dic 2025 4:42:38","34120","14,210","1,030","1,550","7,95","997",
" 433/1","4 dic 2025 4:44:04","34168","14,230","1,030","1,590","7,80","1008",
" 433/2","4 dic 2025 4:44:19","34176","14,240","1,030","1,560","7,81","1008",
" 433/3","4 dic 2025 4:44:33","34184","14,240","1,030","1,550","8,01","1002",
" 433/4","4 dic 2025 4:44:47","34192","14,220","1,030","1,580","7,82","998",
" 433/5","4 dic 2025 4:45:02","34200","14,270","1,030","1,560","7,87","1006",
" 434/1","4 dic 2025 4:46:28","34248","14,220","1,030","1,610","7,94","997",
" 434/2","4 dic 2025 4:46:42","34256","14,260","1,030","1,620","7,85","997",
" 434/3","4 dic 2025 4:46:57","34264","14,240","1,030","1,620","7,81","1000",
" 434/4","4 dic 2025 4:47:11","34272","14,240","1,030","1,610","7,75","997",
" 434/5","4 dic 2025 4:47:26","34280","14,200","1,030","1,580","7,88","1000",
" 435/1","4 dic 2025 4:48:52","34328","14,210","1,030","1,610","7,84","1000",
" 435/2","4 dic 2025 4:49:06","34336","14,230","1,030","1,610","7,70","1002",
" 435/3","4 dic 2025 4:49:21","34344","14,210","1,030","1,620","7,78","1003",
" 435/4","4 dic 2025 4:49:35","34352","14,210","1,030","1,630","7,82","1009",
" 435/5","4 dic 2025 4:49:42","34360","14,210","1,030","1,630","7,82","1009",
" 436/1","4 dic 2025 4:51:08","34408","14,200","1,030","1,600","7,79","998",
" 436/2","4 dic 2025 4:51:23","34416","14,210","1,030","1,590","7,79","1003",
" 436/3","4 dic 2025 4:51:37","34424","14,220","1,030","1,590","7,96","998",
" 436/4","4 dic 2025 4:51:52","34432","14,220","1,030","1,580","7,94","1003",
" 436/5","4 dic 2025 4:52:06","34440","14,210","1,030","1,590","7,86","1000",
" 437/1","4 dic 2025 4:53:32","34488","14,210","1,030","1,600","7,92","1009",
" 437/2","4 dic 2025 4:53:47","34496","14,200","1,030","1,580","7,77","1000",
" 437/3","4 dic 2025 4:54:01","34504","14,220","1,030","1,590","7,71","1002",
" 437/4","4 dic 2025 4:54:16","34512","14,200","1,030","1,620","7,93","1014",
" 437/5","4 dic 2025 4:54:30","34520","14,200","1,030","1,600","7,79","1012",
" 438/1","4 dic 2025 4:55:56","34568","14,210","1,030","1,600","7,80","997",
" 438/2","4 dic 2025 4:56:11","34576","14,200","1,030","1,590","7,83","1009",
" 438/3","4 dic 2025 4:56:25","34584","14,230","1,030","1,590","7,93","1012",
" 438/4","4 dic 2025 4:56:39","34592","14,240","1,030","1,580","7,79","1005",
" 438/5","4 dic 2025 4:56:54","34600","14,210","1,030","1,580","7,86","1011",
" 439/1","4 dic 2025 4:58:20","34648","14,260","1,030","1,570","8,00","1008",
" 439/2","4 dic 2025 4:58:34","34656","14,210","1,030","1,570","7,95","1002",
" 439/3","4 dic 2025 4:58:49","34664","14,210","1,030","1,590","7,91","1009",
" 439/4","4 dic 2025 4:59:03","34672","14,260","1,030","1,580","7,88","1012",
" 439/5","4 dic 2025 4:59:17","34680","14,240","1,030","1,580","7,78","1006",
" 440/1","4 dic 2025 5:00:44","34728","14,220","1,030","1,570","7,94","1005",
" 440/2","4 dic 2025 5:00:51","34736","14,220","1,030","1,570","7,94","1005",
" 440/3","4 dic 2025 5:01:05","34744","14,280","1,030","1,580","7,97","997",
" 440/4","4 dic 2025 5:01:20","34752","14,240","1,030","1,560","7,97","1000",
" 440/5","4 dic 2025 5:01:34","34760","14,210","1,030","1,590","7,83","1009",
" 441/1","4 dic 2025 5:03:00","34808","14,220","1,030","1,570","7,80","1002",
" 441/2","4 dic 2025 5:03:15","34816","14,250","1,030","1,550","7,91","1000",
" 441/3","4 dic 2025 5:03:29","34824","14,200","1,030","1,560","7,83","1003",
" 441/4","4 dic 2025 5:03:44","34832","14,210","1,030","1,570","7,98","1006",
" 441/5","4 dic 2025 5:03:58","34840","14,230","1,030","1,580","7,91","1000",
" 442/1","4 dic 2025 5:05:24","34888","14,210","1,030","1,610","7,76","1002",
" 442/2","4 dic 2025 5:05:39","34896","14,220","1,030","1,590","7,98","998",
" 442/3","4 dic 2025 5:05:53","34904","14,230","1,030","1,590","7,92","1002",
" 442/4","4 dic 2025 5:06:07","34912","14,210","1,030","1,590","7,88","1008",
" 442/5","4 dic 2025 5:06:22","34920","14,260","1,030","1,590","7,87","1011",
" 443/1","4 dic 2025 5:07:48","34968","14,210","1,030","1,610","7,67","998",
" 443/2","4 dic 2025 5:08:02","34976","14,200","1,030","1,610","7,72","997",
" 443/3","4 dic 2025 5:08:17","34984","14,200","1,030","1,630","7,87","992",
" 443/4","4 dic 2025 5:08:31","34992","14,210","1,030","1,640","7,70","994",
" 443/5","4 dic 2025 5:08:46","35000","14,210","1,030","1,670","7,71","995",
" 444/1","4 dic 2025 5:10:12","35048","14,220","1,030","1,700","7,73","998",
" 444/2","4 dic 2025 5:10:26","35056","14,220","1,030","1,700","7,65","1016",
" 444/3","4 dic 2025 5:10:41","35064","14,220","1,030","1,690","7,67","1003",
" 444/4","4 dic 2025 5:10:55","35072","14,220","1,030","1,670","7,60","1006",
" 444/5","4 dic 2025 5:11:09","35080","14,240","1,030","1,640","7,82","1014",
" 445/1","4 dic 2025 5:12:28","35128","14,230","1,030","1,600","7,83","1006",
" 445/2","4 dic 2025 5:12:43","35136","14,230","1,030","1,580","7,99","1014",
" 445/3","4 dic 2025 5:12:57","35144","14,220","1,030","1,590","7,83","1003",
" 445/4","4 dic 2025 5:13:12","35152","14,240","1,030","1,590","7,76","1006",
" 445/5","4 dic 2025 5:13:26","35160","14,210","1,030","1,580","7,97","1011",
" 446/1","4 dic 2025 5:14:52","35208","14,220","1,030","1,600","7,77","1003",
" 446/2","4 dic 2025 5:15:07","35216","14,230","1,030","1,600","7,83","1000",
" 446/3","4 dic 2025 5:15:21","35224","14,220","1,030","1,590","7,82","997",
" 446/4","4 dic 2025 5:15:35","35232","14,240","1,030","1,610","7,66","998",
" 446/5","4 dic 2025 5:15:50","35240","14,210","1,030","1,620","7,92","1008",
" 447/1","4 dic 2025 5:17:16","35288","14,240","1,030","1,580","7,91","1011",
" 447/2","4 dic 2025 5:17:31","35296","14,220","1,030","1,580","7,84","1009",
" 447/3","4 dic 2025 5:17:45","35304","14,220","1,030","1,590","7,91","1006",
" 447/4","4 dic 2025 5:17:59","35312","14,240","1,030","1,580","7,83","1008",
" 447/5","4 dic 2025 5:18:14","35320","14,240","1,030","1,580","7,90","1005",
" 448/1","4 dic 2025 5:19:40","35368","14,240","1,030","1,560","7,97","1006",
" 448/2","4 dic 2025 5:19:54","35376","14,210","1,030","1,570","8,03","1006",
" 448/3","4 dic 2025 5:20:09","35384","14,210","1,030","1,560","7,86","1002",
" 448/4","4 dic 2025 5:20:23","35392","14,210","1,030","1,570","8,06","1009",
" 448/5","4 dic 2025 5:20:37","35400","14,210","1,030","1,580","7,80","1002",
" 449/1","4 dic 2025 5:22:04","35448","14,190","1,030","1,580","7,72","994",
" 449/2","4 dic 2025 5:22:18","35456","14,220","1,030","1,570","7,99","1006",
" 449/3","4 dic 2025 5:22:32","35464","14,220","1,030","1,580","7,89","998",
" 449/4","4 dic 2025 5:22:47","35472","14,220","1,030","1,570","8,00","1006",
" 449/5","4 dic 2025 5:23:01","35480","14,230","1,030","1,580","7,91","1002",
" 450/1","4 dic 2025 5:24:20","35528","14,220","1,030","1,590","7,81","1006",
" 450/2","4 dic 2025 5:24:35","35536","14,220","1,030","1,590","7,80","1006",
" 450/3","4 dic 2025 5:24:49","35544","14,210","1,030","1,570","8,08","1014",
" 450/4","4 dic 2025 5:25:04","35552","14,250","1,030","1,580","7,98","1003",
" 450/5","4 dic 2025 5:25:18","35560","14,230","1,030","1,580","7,88","1000",
" 451/1","4 dic 2025 5:26:44","35608","14,210","1,030","1,570","8,01","1009",
" 451/2","4 dic 2025 5:26:59","35616","14,220","1,030","1,570","8,08","1005",
" 451/3","4 dic 2025 5:27:13","35624","14,220","1,030","1,570","8,03","1006",
" 451/4","4 dic 2025 5:27:27","35632","14,220","1,030","1,580","7,84","998",
" 451/5","4 dic 2025 5:27:42","35640","14,200","1,030","1,590","7,84","995",
" 452/1","4 dic 2025 5:29:08","35688","14,250","1,030","1,650","7,77","995",
" 452/2","4 dic 2025 5:29:22","35696","14,230","1,030","1,620","7,83","989",
" 452/3","4 dic 2025 5:29:37","35704","14,220","1,030","1,630","7,80","992",
" 452/4","4 dic 2025 5:29:51","35712","14,230","1,030","1,630","7,80","1000",
" 452/5","4 dic 2025 5:30:06","35720","14,200","1,030","1,640","7,85","1003",
" 453/1","4 dic 2025 5:31:32","35768","14,220","1,030","1,590","7,95","1009",
" 453/2","4 dic 2025 5:31:46","35776","14,220","1,030","1,590","7,92","1009",
" 453/3","4 dic 2025 5:32:01","35784","14,220","1,030","1,560","8,03","1014",
" 453/4","4 dic 2025 5:32:15","35792","14,220","1,030","1,550","8,15","1017",
" 453/5","4 dic 2025 5:32:29","35800","14,220","1,030","1,580","7,87","1003",
" 454/1","4 dic 2025 5:33:55","35848","14,200","1,030","1,590","7,95","1011",
" 454/2","4 dic 2025 5:34:10","35856","14,210","1,030","1,580","7,99","1006",
" 454/3","4 dic 2025 5:34:24","35864","14,200","1,030","1,570","7,92","1002",
" 454/4","4 dic 2025 5:34:39","35872","14,210","1,030","1,580","7,95","1005",
" 454/5","4 dic 2025 5:34:46","35880","14,210","1,030","1,580","7,95","1005",
" 455/1","4 dic 2025 5:36:12","35928","14,190","1,030","1,560","7,91","1012",
" 455/2","4 dic 2025 5:36:26","35936","14,200","1,030","1,570","7,91","1012",
" 455/3","4 dic 2025 5:36:41","35944","14,210","1,030","1,570","7,93","1003",
" 455/4","4 dic 2025 5:36:55","35952","14,210","1,030","1,560","8,04","1008",
" 455/5","4 dic 2025 5:37:10","35960","14,210","1,030","1,570","7,91","1003",
" 456/1","4 dic 2025 5:38:36","36008","14,210","1,030","1,570","7,83","1003",
" 456/2","4 dic 2025 5:38:50","36016","14,240","1,030","1,560","7,95","1006",
" 456/3","4 dic 2025 5:39:05","36024","14,200","1,030","1,570","7,92","1003",
" 456/4","4 dic 2025 5:39:19","36032","14,190","1,030","1,580","7,89","1008",
" 456/5","4 dic 2025 5:39:33","36040","14,210","1,030","1,590","7,92","1005",
" 457/1","4 dic 2025 5:41:00","36088","14,200","1,030","1,580","7,83","997",
" 457/2","4 dic 2025 5:41:14","36096","14,200","1,030","1,590","7,80","1003",
" 457/3","4 dic 2025 5:41:28","36104","14,190","1,030","1,560","8,01","1009",
" 457/4","4 dic 2025 5:41:43","36112","14,200","1,030","1,580","7,88","1002",
" 457/5","4 dic 2025 5:41:57","36120","14,230","1,030","1,580","7,79","1000",
" 458/1","4 dic 2025 5:43:23","36168","14,190","1,030","1,560","7,91","1008",
" 458/2","4 dic 2025 5:43:38","36176","14,200","1,030","1,550","7,98","1008",
" 458/3","4 dic 2025 5:43:52","36184","14,200","1,030","1,580","7,79","1003",
" 458/4","4 dic 2025 5:44:06","36192","14,190","1,030","1,570","8,01","1011",
" 458/5","4 dic 2025 5:44:21","36200","14,190","1,030","1,550","7,90","1006",
" 459/1","4 dic 2025 5:45:40","36248","14,190","1,030","1,570","7,83","1008",
" 459/2","4 dic 2025 5:45:54","36256","14,200","1,030","1,560","7,88","1009",
" 459/3","4 dic 2025 5:46:09","36264","14,190","1,030","1,550","7,99","1012",
" 459/4","4 dic 2025 5:46:23","36272","14,190","1,030","1,570","7,89","1002",
" 459/5","4 dic 2025 5:46:37","36280","14,230","1,030","1,580","7,79","1008",
" 460/1","4 dic 2025 5:48:03","36328","14,200","1,030","1,560","7,96","1008",
" 460/2","4 dic 2025 5:48:18","36336","14,200","1,030","1,570","8,00","1012",
" 460/3","4 dic 2025 5:48:32","36344","14,210","1,030","1,570","8,10","1014",
" 460/4","4 dic 2025 5:48:47","36352","14,240","1,030","1,570","8,01","1009",
" 460/5","4 dic 2025 5:49:01","36360","14,220","1,030","1,590","7,71","998",
" 461/1","4 dic 2025 5:50:27","36408","14,200","1,030","1,560","7,90","998",
" 461/2","4 dic 2025 5:50:42","36416","14,190","1,030","1,580","7,89","1008",
" 461/3","4 dic 2025 5:50:56","36424","14,210","1,030","1,590","7,88","1002",
" 461/4","4 dic 2025 5:51:10","36432","14,210","1,030","1,560","7,88","1003",
" 461/5","4 dic 2025 5:51:25","36440","14,220","1,030","1,550","7,99","1003",
" 462/1","4 dic 2025 5:52:51","36488","14,210","1,030","1,570","7,86","1000",
" 462/2","4 dic 2025 5:53:05","36496","14,230","1,030","1,570","7,94","1005",
" 462/3","4 dic 2025 5:53:20","36504","14,210","1,030","1,570","7,97","1005",
" 462/4","4 dic 2025 5:53:34","36512","14,210","1,030","1,580","7,83","991",
" 462/5","4 dic 2025 5:53:48","36520","14,250","1,030","1,570","7,88","995",
" 463/1","4 dic 2025 5:55:15","36568","14,210","1,030","1,570","7,84","983",
" 463/2","4 dic 2025 5:55:29","36576","14,200","1,030","1,580","7,84","989",
" 463/3","4 dic 2025 5:55:43","36584","14,190","1,030","1,570","7,91","995",
" 463/4","4 dic 2025 5:55:58","36592","14,220","1,030","1,590","7,78","995",
" 463/5","4 dic 2025 5:56:12","36600","14,210","1,030","1,600","7,96","994",
" 464/1","4 dic 2025 5:57:31","36648","14,190","1,030","1,620","7,83","1003",
" 464/2","4 dic 2025 5:57:46","36656","14,210","1,030","1,630","7,74","1002",
" 464/3","4 dic 2025 5:58:00","36664","14,210","1,030","1,600","7,82","1011",
" 464/4","4 dic 2025 5:58:14","36672","14,230","1,030","1,590","7,93","1009",
" 464/5","4 dic 2025 5:58:29","36680","14,220","1,030","1,620","7,91","1008",
" 465/1","4 dic 2025 5:59:55","36728","14,200","1,030","1,560","8,09","1020",
" 465/2","4 dic 2025 6:00:09","36736","14,190","1,030","1,580","7,98","1008",
" 465/3","4 dic 2025 6:00:24","36744","14,220","1,030","1,590","7,80","998",
" 465/4","4 dic 2025 6:00:38","36752","14,200","1,030","1,580","7,86","1003",
" 465/5","4 dic 2025 6:00:52","36760","14,200","1,030","1,560","8,01","1009",
" 466/1","4 dic 2025 6:02:19","36808","14,230","1,030","1,570","7,79","1005",
" 466/2","4 dic 2025 6:02:33","36816","14,220","1,030","1,600","7,90","1009",
" 466/3","4 dic 2025 6:02:47","36824","14,230","1,030","1,570","7,99","1008",
" 466/4","4 dic 2025 6:03:02","36832","14,240","1,030","1,560","7,96","997",
" 466/5","4 dic 2025 6:03:16","36840","14,200","1,030","1,580","7,98","1009",
" 467/1","4 dic 2025 6:04:42","36888","14,230","1,030","1,580","7,91","1000",
" 467/2","4 dic 2025 6:04:57","36896","14,200","1,030","1,590","7,74","1003",
" 467/3","4 dic 2025 6:05:11","36904","14,220","1,030","1,580","8,08","1006",
" 467/4","4 dic 2025 6:05:26","36912","14,220","1,030","1,580","7,86","1003",
" 467/5","4 dic 2025 6:05:40","36920","14,230","1,030","1,580","7,93","1012",
" 468/1","4 dic 2025 6:07:06","36968","14,230","1,030","1,560","7,99","1012",
" 468/2","4 dic 2025 6:07:21","36976","14,240","1,030","1,560","7,91","1005",
" 468/3","4 dic 2025 6:07:35","36984","14,210","1,030","1,540","7,91","1008",
" 468/4","4 dic 2025 6:07:49","36992","14,250","1,030","1,570","7,91","1012",
" 468/5","4 dic 2025 6:08:04","37000","14,250","1,030","1,560","7,91","1011",
" 469/1","4 dic 2025 6:09:23","37048","14,240","1,030","1,560","7,91","994",
" 469/2","4 dic 2025 6:09:37","37056","14,240","1,030","1,570","7,98","1016",
" 469/3","4 dic 2025 6:09:52","37064","14,220","1,030","1,560","7,89","1009",
" 469/4","4 dic 2025 6:10:06","37072","14,210","1,030","1,540","8,10","1009",
" 469/5","4 dic 2025 6:10:20","37080","14,200","1,030","1,580","7,77","1003",
" 470/1","4 dic 2025 6:11:46","37128","14,250","1,030","1,540","8,08","1009",
" 470/2","4 dic 2025 6:12:01","37136","14,230","1,030","1,560","8,01","1003",
" 470/3","4 dic 2025 6:12:15","37144","14,200","1,030","1,550","7,97","1003",
" 470/4","4 dic 2025 6:12:30","37152","14,250","1,030","1,570","7,88","1016",
" 470/5","4 dic 2025 6:12:44","37160","14,250","1,030","1,560","7,92","1012",
" 471/1","4 dic 2025 6:14:10","37208","14,250","1,030","1,580","7,77","1012",
" 471/2","4 dic 2025 6:14:25","37216","14,240","1,030","1,560","7,91","1011",
" 471/3","4 dic 2025 6:14:39","37224","14,220","1,030","1,560","8,07","1009",
" 471/4","4 dic 2025 6:14:53","37232","14,220","1,030","1,560","7,82","1003",
" 471/5","4 dic 2025 6:15:08","37240","14,220","1,030","1,560","8,10","1014",
" 472/1","4 dic 2025 6:16:34","37288","14,230","1,030","1,570","8,10","1016",
" 472/2","4 dic 2025 6:16:48","37296","14,240","1,030","1,580","8,01","1009",
" 472/3","4 dic 2025 6:17:03","37304","14,220","1,030","1,590","7,88","1000",
" 472/4","4 dic 2025 6:17:17","37312","14,210","1,030","1,590","7,82","1000",
" 472/5","4 dic 2025 6:17:32","37320","14,230","1,030","1,570","8,01","1006",
" 473/1","4 dic 2025 6:18:58","37368","14,250","1,030","1,590","7,85","1006",
" 473/2","4 dic 2025 6:19:12","37376","14,210","1,030","1,580","7,81","1006",
" 473/3","4 dic 2025 6:19:27","37384","14,240","1,030","1,560","8,01","1012",
" 473/4","4 dic 2025 6:19:41","37392","14,240","1,030","1,570","7,95","1003",
" 473/5","4 dic 2025 6:19:55","37400","14,240","1,030","1,560","8,01","1011",
" 474/1","4 dic 2025 6:21:14","37448","14,210","1,030","1,600","7,92","1009",
" 474/2","4 dic 2025 6:21:29","37456","14,240","1,030","1,600","7,80","1005",
" 474/3","4 dic 2025 6:21:43","37464","14,220","1,030","1,560","7,99","1005",
" 474/4","4 dic 2025 6:21:58","37472","14,250","1,030","1,570","8,07","1012",
" 474/5","4 dic 2025 6:22:12","37480","14,210","1,030","1,580","7,88","1003",
" 475/1","4 dic 2025 6:23:38","37528","14,220","1,030","1,580","8,09","1008",
" 475/2","4 dic 2025 6:23:53","37536","14,260","1,030","1,570","7,80","994",
" 475/3","4 dic 2025 6:24:07","37544","14,250","1,030","1,600","7,95","1006",
" 475/4","4 dic 2025 6:24:21","37552","14,250","1,030","1,610","7,73","1000",
" 475/5","4 dic 2025 6:24:36","37560","14,210","1,030","1,590","7,88","1006",
" 476/1","4 dic 2025 6:26:02","37608","14,250","1,030","1,590","7,90","1005",
" 476/2","4 dic 2025 6:26:16","37616","14,200","1,030","1,580","7,81","1005",
" 476/3","4 dic 2025 6:26:31","37624","14,200","1,030","1,570","7,90","1009",
" 476/4","4 dic 2025 6:26:45","37632","14,210","1,030","1,570","7,94","997",
" 476/5","4 dic 2025 6:26:59","37640","14,220","1,030","1,570","7,83","997",
" 477/1","4 dic 2025 6:28:26","37688","14,220","1,030","1,560","7,96","1003",
" 477/2","4 dic 2025 6:28:40","37696","14,200","1,030","1,570","7,95","1009",
" 477/3","4 dic 2025 6:28:54","37704","14,250","1,030","1,560","7,87","1008",
" 477/4","4 dic 2025 6:29:09","37712","14,210","1,030","1,570","8,06","1009",
" 477/5","4 dic 2025 6:29:23","37720","14,220","1,030","1,570","7,89","1003",
" 478/1","4 dic 2025 6:30:49","37768","14,210","1,030","1,560","8,06","1011",
" 478/2","4 dic 2025 6:31:04","37776","14,250","1,030","1,560","8,02","1000",
" 478/3","4 dic 2025 6:31:18","37784","14,200","1,030","1,550","8,12","1009",
" 478/4","4 dic 2025 6:31:33","37792","14,220","1,030","1,560","7,99","1006",
" 478/5","4 dic 2025 6:31:47","37800","14,200","1,030","1,560","7,97","1000",
" 479/1","4 dic 2025 6:33:13","37848","14,210","1,030","1,570","7,89","1005",
" 479/2","4 dic 2025 6:33:20","37856","14,210","1,030","1,570","7,89","1005",
" 479/3","4 dic 2025 6:33:35","37864","14,220","1,030","1,570","7,82","998",
" 479/4","4 dic 2025 6:33:49","37872","14,250","1,030","1,550","8,10","1000",
" 479/5","4 dic 2025 6:34:03","37880","14,260","1,030","1,570","7,97","994",
" 480/1","4 dic 2025 6:35:29","37928","14,240","1,030","1,560","8,07","1003",
" 480/2","4 dic 2025 6:35:44","37936","14,250","1,030","1,570","7,86","1000",
" 480/3","4 dic 2025 6:35:58","37944","14,240","1,030","1,600","7,76","1002",
" 480/4","4 dic 2025 6:36:13","37952","14,220","1,030","1,600","7,89","998",
" 480/5","4 dic 2025 6:36:27","37960","14,230","1,030","1,600","7,62","992",
" 481/1","4 dic 2025 6:37:53","38008","14,240","1,030","1,650","7,82","1008",
" 481/2","4 dic 2025 6:38:08","38016","14,240","1,030","1,660","7,76","1000",
" 481/3","4 dic 2025 6:38:22","38024","14,220","1,030","1,670","7,73","1005",
" 481/4","4 dic 2025 6:38:36","38032","14,240","1,030","1,690","7,76","1002",
" 481/5","4 dic 2025 6:38:51","38040","14,240","1,030","1,650","7,72","1003",
" 482/1","4 dic 2025 6:42:27","38096","14,240","1,030","1,530","7,80","981",
" 482/2","4 dic 2025 6:42:41","38104","14,260","1,030","1,540","7,70","970",
" 482/3","4 dic 2025 6:42:56","38112","14,250","1,030","1,540","7,91","976",
" 482/4","4 dic 2025 6:43:10","38120","14,250","1,030","1,540","7,83","981",
" 482/5","4 dic 2025 6:43:24","38128","14,210","1,030","1,550","7,88","997",
" 483/1","4 dic 2025 6:44:51","38176","14,230","1,030","1,580","7,70","992",
" 483/2","4 dic 2025 6:45:05","38184","14,200","1,030","1,590","7,97","1003",
" 483/3","4 dic 2025 6:45:19","38192","14,200","1,030","1,610","7,72","997",
" 483/4","4 dic 2025 6:45:34","38200","14,250","1,030","1,590","7,81","991",
" 483/5","4 dic 2025 6:45:48","38208","14,240","1,030","1,620","7,89","992",
" 484/1","4 dic 2025 6:47:07","38256","14,250","1,030","1,590","7,91","1006",
" 484/2","4 dic 2025 6:47:22","38264","14,250","1,030","1,630","7,88","1014",
" 484/3","4 dic 2025 6:47:36","38272","14,240","1,030","1,630","7,63","1000",
" 484/4","4 dic 2025 6:47:51","38280","14,260","1,030","1,620","7,91","1003",
" 484/5","4 dic 2025 6:48:05","38288","14,230","1,030","1,630","7,73","1003",
" 485/1","4 dic 2025 6:49:31","38336","14,230","1,030","1,680","7,71","994",
" 485/2","4 dic 2025 6:49:46","38344","14,200","1,030","1,670","7,51","992",
" 485/3","4 dic 2025 6:50:00","38352","14,190","1,030","1,670","7,77","998",
" 485/4","4 dic 2025 6:50:14","38360","14,210","1,030","1,690","7,68","994",
" 485/5","4 dic 2025 6:50:29","38368","14,240","1,030","1,690","7,71","1003",
" 486/1","4 dic 2025 6:51:55","38416","14,220","1,030","1,700","7,67","1006",
" 486/2","4 dic 2025 6:52:09","38424","14,220","1,030","1,700","7,73","1003",
" 486/3","4 dic 2025 6:52:24","38432","14,210","1,030","1,690","7,72","1009",
" 486/4","4 dic 2025 6:52:38","38440","14,210","1,030","1,680","7,70","1005",
" 486/5","4 dic 2025 6:52:53","38448","14,220","1,030","1,680","7,57","1008",
" 487/1","4 dic 2025 6:54:19","38496","14,200","1,030","1,640","7,70","1011",
" 487/2","4 dic 2025 6:54:33","38504","14,210","1,030","1,620","7,89","1005",
" 487/3","4 dic 2025 6:54:48","38512","14,220","1,030","1,610","7,90","1012",
" 487/4","4 dic 2025 6:55:02","38520","14,230","1,030","1,620","7,86","1009",
" 487/5","4 dic 2025 6:55:16","38528","14,220","1,030","1,620","7,73","997",
" 488/1","4 dic 2025 6:56:43","38576","14,230","1,030","1,590","7,87","995",
" 488/2","4 dic 2025 6:56:57","38584","14,240","1,030","1,580","7,92","998",
" 488/3","4 dic 2025 6:57:11","38592","14,200","1,030","1,570","7,88","1006",
" 488/4","4 dic 2025 6:57:26","38600","14,190","1,030","1,580","7,98","1008",
" 488/5","4 dic 2025 6:57:40","38608","14,190","1,030","1,590","7,88","1000",
" 489/1","4 dic 2025 6:58:59","38656","14,230","1,030","1,570","7,96","1008",
" 489/2","4 dic 2025 6:59:14","38664","14,210","1,030","1,580","8,06","1000",
" 489/3","4 dic 2025 6:59:28","38672","14,220","1,030","1,580","7,99","1009",
" 489/4","4 dic 2025 6:59:42","38680","14,210","1,030","1,560","7,98","997",
" 489/5","4 dic 2025 6:59:57","38688","14,200","1,030","1,580","7,89","1008",
" 490/1","4 dic 2025 7:01:23","38736","14,220","1,030","1,690","7,62","997",
" 490/2","4 dic 2025 7:01:37","38744","14,220","1,030","1,690","7,77","1003",
" 490/3","4 dic 2025 7:01:52","38752","14,210","1,030","1,660","7,84","998",
" 490/4","4 dic 2025 7:02:06","38760","14,220","1,030","1,660","7,81","1011",
" 490/5","4 dic 2025 7:02:20","38768","14,260","1,030","1,660","7,69","1016",
" 491/1","4 dic 2025 7:03:47","38816","14,210","1,030","1,620","7,80","1016",
" 491/2","4 dic 2025 7:04:01","38824","14,220","1,030","1,630","7,96","1009",
" 491/3","4 dic 2025 7:04:15","38832","14,200","1,030","1,610","7,83","1012",
" 491/4","4 dic 2025 7:04:30","38840","14,210","1,030","1,580","8,07","1008",
" 491/5","4 dic 2025 7:04:44","38848","14,250","1,030","1,590","7,88","994",
" 492/1","4 dic 2025 7:06:10","38896","14,230","1,030","1,560","8,11","1006",
" 492/2","4 dic 2025 7:06:25","38904","14,230","1,030","1,570","7,99","994",
" 492/3","4 dic 2025 7:06:39","38912","14,240","1,030","1,570","7,88","995",
" 492/4","4 dic 2025 7:06:54","38920","14,260","1,030","1,570","8,01","1000",
" 492/5","4 dic 2025 7:07:08","38928","14,240","1,030","1,570","7,88","986",
" 493/1","4 dic 2025 7:08:34","38976","14,210","1,030","1,560","7,78","1002",
" 493/2","4 dic 2025 7:08:49","38984","14,220","1,030","1,560","7,91","1003",
" 493/3","4 dic 2025 7:09:03","38992","14,230","1,030","1,560","7,89","997",
" 493/4","4 dic 2025 7:09:17","39000","14,210","1,030","1,550","8,07","1005",
" 493/5","4 dic 2025 7:09:32","39008","14,250","1,030","1,540","8,10","1000",
" 494/1","4 dic 2025 7:10:51","39056","14,210","1,030","1,550","8,08","1009",
" 494/2","4 dic 2025 7:11:05","39064","14,210","1,030","1,570","7,90","997",
" 494/3","4 dic 2025 7:11:20","39072","14,200","1,030","1,560","7,91","994",
" 494/4","4 dic 2025 7:11:34","39080","14,230","1,030","1,580","7,76","1002",
" 494/5","4 dic 2025 7:11:48","39088","14,250","1,030","1,560","7,89","1002",
" 495/1","4 dic 2025 7:13:15","39136","14,210","1,030","1,560","7,97","991",
" 495/2","4 dic 2025 7:13:29","39144","14,240","1,030","1,560","7,80","992",
" 495/3","4 dic 2025 7:13:43","39152","14,190","1,030","1,550","7,96","997",
" 495/4","4 dic 2025 7:13:58","39160","14,210","1,030","1,560","7,88","1000",
" 495/5","4 dic 2025 7:14:12","39168","14,210","1,030","1,560","7,80","998",
" 496/1","4 dic 2025 7:15:38","39216","14,210","1,030","1,570","7,91","995",
" 496/2","4 dic 2025 7:15:53","39224","14,270","1,030","1,550","8,09","1008",
" 496/3","4 dic 2025 7:16:07","39232","14,260","1,030","1,570","8,09","992",
" 496/4","4 dic 2025 7:16:22","39240","14,220","1,030","1,560","7,98","1000",
" 496/5","4 dic 2025 7:16:36","39248","14,250","1,030","1,560","7,93","994",
" 497/1","4 dic 2025 7:18:02","39296","14,260","1,030","1,550","8,06","1006",
" 497/2","4 dic 2025 7:18:17","39304","14,210","1,030","1,560","7,88","1006",
" 497/3","4 dic 2025 7:18:31","39312","14,230","1,030","1,560","7,88","1008",
" 497/4","4 dic 2025 7:18:45","39320","14,250","1,030","1,560","8,09","1008",
" 497/5","4 dic 2025 7:19:00","39328","14,250","1,030","1,550","7,91","1003",
" 498/1","4 dic 2025 7:20:26","39376","14,250","1,030","1,580","7,84","1000",
" 498/2","4 dic 2025 7:20:41","39384","14,240","1,030","1,550","8,01","1009",
" 498/3","4 dic 2025 7:20:55","39392","14,250","1,030","1,560","7,88","997",
" 498/4","4 dic 2025 7:21:09","39400","14,240","1,030","1,550","7,90","1003",
" 498/5","4 dic 2025 7:21:24","39408","14,210","1,030","1,570","7,83","1003",
" 499/1","4 dic 2025 7:22:43","39456","14,200","1,030","1,560","8,01","1008",
" 499/2","4 dic 2025 7:22:57","39464","14,260","1,030","1,540","8,01","1000",
" 499/3","4 dic 2025 7:23:12","39472","14,250","1,030","1,530","8,07","1017",
" 499/4","4 dic 2025 7:23:26","39480","14,250","1,030","1,560","8,01","998",
" 499/5","4 dic 2025 7:23:40","39488","14,190","1,030","1,550","8,06","1005",
" 500/1","4 dic 2025 7:25:07","39536","14,250","1,030","1,560","7,91","1012",
" 500/2","4 dic 2025 7:25:21","39544","14,250","1,030","1,540","7,98","1006",
" 500/3","4 dic 2025 7:25:35","39552","14,240","1,030","1,560","7,89","998",
" 500/4","4 dic 2025 7:25:50","39560","14,210","1,030","1,540","8,06","1008",
" 500/5","4 dic 2025 7:26:04","39568","14,210","1,030","1,550","7,95","1002",
" 501/1","4 dic 2025 7:27:30","39616","14,220","1,030","1,550","8,01","1005",
" 501/2","4 dic 2025 7:27:45","39624","14,190","1,030","1,550","8,05","1009",
" 501/3","4 dic 2025 7:27:59","39632","14,220","1,030","1,550","7,98","1005",
" 501/4","4 dic 2025 7:28:13","39640","14,200","1,030","1,560","7,86","1005",
" 501/5","4 dic 2025 7:28:28","39648","14,210","1,030","1,530","8,10","1017",
" 502/1","4 dic 2025 7:29:54","39696","14,210","1,030","1,540","8,17","1011",
" 502/2","4 dic 2025 7:30:08","39704","14,230","1,030","1,540","8,23","1012",
" 502/3","4 dic 2025 7:30:23","39712","14,250","1,030","1,550","7,96","1003",
" 502/4","4 dic 2025 7:30:37","39720","14,240","1,030","1,550","7,99","1009",
" 502/5","4 dic 2025 7:30:52","39728","14,240","1,030","1,540","8,07","1009",
" 503/1","4 dic 2025 7:32:18","39776","14,220","1,030","1,560","8,01","1014",
" 503/2","4 dic 2025 7:32:32","39784","14,240","1,030","1,540","8,03","1014",
" 503/3","4 dic 2025 7:32:47","39792","14,220","1,030","1,550","8,07","1011",
" 503/4","4 dic 2025 7:33:01","39800","14,210","1,030","1,550","7,88","1008",
" 503/5","4 dic 2025 7:33:15","39808","14,210","1,030","1,550","8,00","1009",
" 504/1","4 dic 2025 7:34:35","39856","14,200","1,030","1,550","7,98","1014",
" 504/2","4 dic 2025 7:34:49","39864","14,190","1,030","1,550","7,98","1005",
" 504/3","4 dic 2025 7:35:03","39872","14,210","1,030","1,540","8,20","1017",
" 504/4","4 dic 2025 7:35:18","39880","14,210","1,030","1,550","8,02","1002",
" 504/5","4 dic 2025 7:35:32","39888","14,240","1,030","1,570","7,91","1009",
" 505/1","4 dic 2025 7:36:58","39936","14,240","1,030","1,540","8,03","1005",
" 505/2","4 dic 2025 7:37:13","39944","14,230","1,030","1,550","7,82","1005",
" 505/3","4 dic 2025 7:37:27","39952","14,200","1,030","1,530","8,10","1023",
" 505/4","4 dic 2025 7:37:42","39960","14,220","1,030","1,540","8,18","1012",
" 505/5","4 dic 2025 7:37:56","39968","14,190","1,030","1,560","7,91","1005",
" 506/1","4 dic 2025 7:39:22","40016","14,200","1,030","1,560","8,17","1014",
" 506/2","4 dic 2025 7:39:37","40024","14,220","1,030","1,560","8,20","1012",
" 506/3","4 dic 2025 7:39:51","40032","14,190","1,030","1,550","7,87","998",
" 506/4","4 dic 2025 7:40:05","40040","14,210","1,030","1,540","8,20","1012",
" 506/5","4 dic 2025 7:40:20","40048","14,230","1,030","1,550","7,99","1003",
" 507/1","4 dic 2025 7:41:46","40096","14,230","1,030","1,550","8,00","1009",
" 507/2","4 dic 2025 7:42:00","40104","14,240","1,030","1,560","8,09","1020",
" 507/3","4 dic 2025 7:42:15","40112","14,250","1,030","1,560","7,87","1000",
" 507/4","4 dic 2025 7:42:29","40120","14,250","1,030","1,560","7,88","1005",
" 507/5","4 dic 2025 7:42:43","40128","14,230","1,030","1,550","8,02","1016",
" 508/1","4 dic 2025 7:44:10","40176","14,230","1,030","1,530","8,01","1017",
" 508/2","4 dic 2025 7:44:24","40184","14,250","1,030","1,530","8,23","1017",
" 508/3","4 dic 2025 7:44:38","40192","14,240","1,030","1,550","8,06","1006",
" 508/4","4 dic 2025 7:44:53","40200","14,250","1,030","1,560","7,90","1005",
" 508/5","4 dic 2025 7:45:00","40208","14,250","1,030","1,560","7,90","1005",
" 509/1","4 dic 2025 7:46:26","40256","14,200","1,030","1,550","7,95","1002",
" 509/2","4 dic 2025 7:46:41","40264","14,200","1,030","1,540","7,97","1003",
" 509/3","4 dic 2025 7:46:55","40272","14,230","1,030","1,550","8,05","1005",
" 509/4","4 dic 2025 7:47:09","40280","14,240","1,030","1,550","7,78","1002",
" 509/5","4 dic 2025 7:47:24","40288","14,220","1,030","1,540","8,05","1009",
" 510/1","4 dic 2025 7:48:50","40336","14,200","1,030","1,540","7,95","1012",
" 510/2","4 dic 2025 7:49:04","40344","14,230","1,030","1,560","8,04","1002",
" 510/3","4 dic 2025 7:49:19","40352","14,220","1,030","1,550","8,01","1008",
" 510/4","4 dic 2025 7:49:33","40360","14,220","1,030","1,560","8,00","1011",
" 510/5","4 dic 2025 7:49:47","40368","14,190","1,030","1,550","8,00","1000",
" 511/1","4 dic 2025 7:51:14","40416","14,220","1,030","1,530","8,13","1011",
" 511/2","4 dic 2025 7:51:28","40424","14,230","1,030","1,560","7,88","1011",
" 511/3","4 dic 2025 7:51:43","40432","14,230","1,030","1,550","8,16","1019",
" 511/4","4 dic 2025 7:51:57","40440","14,210","1,030","1,550","8,03","1006",
" 511/5","4 dic 2025 7:52:11","40448","14,210","1,030","1,570","8,01","998",
" 512/1","4 dic 2025 7:53:38","40496","14,220","1,030","1,570","7,83","1003",
" 512/2","4 dic 2025 7:53:52","40504","14,220","1,030","1,550","8,08","1012",
" 512/3","4 dic 2025 7:54:06","40512","14,210","1,030","1,570","7,99","1009",
" 512/4","4 dic 2025 7:54:21","40520","14,250","1,030","1,570","7,96","1000",
" 512/5","4 dic 2025 7:54:35","40528","14,230","1,030","1,550","8,02","1008",
" 513/1","4 dic 2025 7:56:02","40576","14,230","1,030","1,540","8,13","1014",
" 513/2","4 dic 2025 7:56:16","40584","14,210","1,030","1,540","7,87","1003",
" 513/3","4 dic 2025 7:56:23","40592","14,210","1,030","1,540","7,87","1003",
" 513/4","4 dic 2025 7:56:38","40600","14,240","1,030","1,560","7,99","1002",
" 513/5","4 dic 2025 7:56:52","40608","14,250","1,030","1,540","7,97","1008",
" 514/1","4 dic 2025 7:58:18","40656","14,190","1,030","1,560","7,90","997",
" 514/2","4 dic 2025 7:58:33","40664","14,200","1,030","1,560","8,08","1011",
" 514/3","4 dic 2025 7:58:47","40672","14,210","1,030","1,550","7,97","1012",
" 514/4","4 dic 2025 7:59:02","40680","14,190","1,030","1,560","8,09","1003",
" 514/5","4 dic 2025 7:59:16","40688","14,240","1,030","1,550","7,91","998",
" 515/1","4 dic 2025 8:00:42","40736","14,200","1,030","1,550","8,07","1008",
" 515/2","4 dic 2025 8:00:57","40744","14,200","1,030","1,570","7,80","1002",
" 515/3","4 dic 2025 8:01:11","40752","14,240","1,030","1,560","7,81","1006",
" 515/4","4 dic 2025 8:01:25","40760","14,210","1,030","1,560","7,92","998",
" 515/5","4 dic 2025 8:01:40","40768","14,220","1,030","1,570","7,99","1005",
" 516/1","4 dic 2025 8:03:06","40816","14,250","1,030","1,550","8,06","1003",
" 516/2","4 dic 2025 8:03:20","40824","14,210","1,030","1,560","7,99","1008",
" 516/3","4 dic 2025 8:03:35","40832","14,210","1,030","1,570","7,76","997",
" 516/4","4 dic 2025 8:03:49","40840","14,210","1,030","1,550","8,06","1009",
" 516/5","4 dic 2025 8:04:03","40848","14,210","1,030","1,560","7,90","997",
" 517/1","4 dic 2025 8:05:30","40896","14,210","1,030","1,550","7,76","998",
" 517/2","4 dic 2025 8:05:44","40904","14,200","1,030","1,580","7,97","1006",
" 517/3","4 dic 2025 8:05:59","40912","14,200","1,030","1,610","7,86","998",
" 517/4","4 dic 2025 8:06:13","40920","14,210","1,030","1,570","7,81","998",
" 517/5","4 dic 2025 8:06:27","40928","14,200","1,030","1,590","8,00","1005",
" 518/1","4 dic 2025 8:07:46","40976","14,260","1,030","1,580","8,00","1008",
" 518/2","4 dic 2025 8:08:01","40984","14,210","1,030","1,560","7,75","1005",
" 518/3","4 dic 2025 8:08:15","40992","14,240","1,030","1,540","8,12","1008",
" 518/4","4 dic 2025 8:08:30","41000","14,190","1,030","1,570","7,88","997",
" 518/5","4 dic 2025 8:08:44","41008","14,240","1,030","1,550","8,08","1014",
" 519/1","4 dic 2025 8:10:10","41056","14,240","1,030","1,570","8,06","1009",
" 519/2","4 dic 2025 8:10:25","41064","14,240","1,030","1,560","7,79","998",
" 519/3","4 dic 2025 8:10:39","41072","14,250","1,030","1,560","7,98","1003",
" 519/4","4 dic 2025 8:10:53","41080","14,250","1,030","1,570","7,91","1006",
" 519/5","4 dic 2025 8:11:08","41088","14,240","1,030","1,550","8,08","1011",
" 520/1","4 dic 2025 8:12:34","41136","14,260","1,030","1,560","7,87","998",
" 520/2","4 dic 2025 8:12:49","41144","14,240","1,030","1,550","7,88","1006",
" 520/3","4 dic 2025 8:13:03","41152","14,250","1,030","1,570","7,85","1006",
" 520/4","4 dic 2025 8:13:17","41160","14,200","1,030","1,570","7,91","1008",
" 520/5","4 dic 2025 8:13:32","41168","14,230","1,030","1,550","8,07","1008",
" 521/1","4 dic 2025 8:14:58","41216","14,220","1,030","1,540","8,05","1011",
" 521/2","4 dic 2025 8:15:12","41224","14,220","1,030","1,550","8,05","1006",
" 521/3","4 dic 2025 8:15:27","41232","14,230","1,030","1,550","8,17","1006",
" 521/4","4 dic 2025 8:15:41","41240","14,230","1,030","1,550","7,95","1006",
" 521/5","4 dic 2025 8:15:56","41248","14,230","1,030","1,560","8,00","1003",
" 522/1","4 dic 2025 8:17:22","41296","14,240","1,030","1,570","7,84","1000",
" 522/2","4 dic 2025 8:17:36","41304","14,230","1,030","1,550","8,00","1012",
" 522/3","4 dic 2025 8:17:51","41312","14,250","1,030","1,560","8,01","1003",
" 522/4","4 dic 2025 8:18:05","41320","14,250","1,030","1,540","7,81","1003",
" 522/5","4 dic 2025 8:18:19","41328","14,240","1,030","1,550","7,93","1016",
" 523/1","4 dic 2025 8:19:38","41376","14,220","1,030","1,560","7,90","1002",
" 523/2","4 dic 2025 8:19:53","41384","14,230","1,030","1,560","7,97","1008",
" 523/3","4 dic 2025 8:20:07","41392","14,240","1,030","1,550","8,08","1008",
" 523/4","4 dic 2025 8:20:22","41400","14,190","1,030","1,560","8,01","1005",
" 523/5","4 dic 2025 8:20:36","41408","14,230","1,030","1,540","8,01","1012",
" 524/1","4 dic 2025 8:22:02","41456","14,200","1,030","1,550","8,03","1011",
" 524/2","4 dic 2025 8:22:17","41464","14,200","1,030","1,540","8,05","1012",
" 524/3","4 dic 2025 8:22:31","41472","14,200","1,030","1,580","7,78","1008",
" 524/4","4 dic 2025 8:22:45","41480","14,200","1,030","1,550","8,10","1016",
" 524/5","4 dic 2025 8:23:00","41488","14,240","1,030","1,550","7,97","994",
" 525/1","4 dic 2025 8:24:26","41536","14,250","1,030","1,550","8,01","1008",
" 525/2","4 dic 2025 8:24:40","41544","14,260","1,030","1,560","7,98","1009",
" 525/3","4 dic 2025 8:24:55","41552","14,240","1,030","1,540","8,03","1016",
" 525/4","4 dic 2025 8:25:09","41560","14,230","1,030","1,550","7,91","1005",
" 525/5","4 dic 2025 8:25:23","41568","14,230","1,030","1,550","7,99","1008",
" 526/1","4 dic 2025 8:26:50","41616","14,240","1,030","1,570","7,95","997",
" 526/2","4 dic 2025 8:27:04","41624","14,230","1,030","1,560","7,87","1002",
" 526/3","4 dic 2025 8:27:18","41632","14,250","1,030","1,550","7,90","1000",
" 526/4","4 dic 2025 8:27:33","41640","14,230","1,030","1,570","7,87","1006",
" 526/5","4 dic 2025 8:27:47","41648","14,230","1,030","1,570","7,89","1008",
" 527/1","4 dic 2025 8:29:14","41696","14,240","1,030","1,570","7,78","1002",
" 527/2","4 dic 2025 8:29:28","41704","14,250","1,030","1,570","7,90","1003",
" 527/3","4 dic 2025 8:29:42","41712","14,250","1,030","1,580","7,87","998",
" 527/4","4 dic 2025 8:29:57","41720","14,240","1,030","1,590","7,89","998",
" 527/5","4 dic 2025 8:30:11","41728","14,200","1,030","1,560","8,06","1002",
" 528/1","4 dic 2025 8:31:30","41776","14,230","1,030","1,560","8,03","1006",
" 528/2","4 dic 2025 8:31:45","41784","14,230","1,030","1,560","7,84","995",
" 528/3","4 dic 2025 8:31:59","41792","14,250","1,030","1,540","8,06","1003",
" 528/4","4 dic 2025 8:32:14","41800","14,250","1,030","1,580","7,88","998",
" 528/5","4 dic 2025 8:32:28","41808","14,240","1,030","1,560","7,79","995",
" 529/1","4 dic 2025 8:36:23","41856","14,230","1,030","1,500","7,85","976",
" 529/2","4 dic 2025 8:36:37","41864","14,250","1,030","1,520","7,78","972",
" 529/3","4 dic 2025 8:36:52","41872","14,260","1,030","1,500","8,00","975",
" 529/4","4 dic 2025 8:37:06","41880","14,250","1,030","1,510","8,03","986",
" 529/5","4 dic 2025 8:37:21","41888","14,240","1,030","1,530","7,98","992",
" 530/1","4 dic 2025 8:38:47","41936","14,240","1,030","1,560","7,86","995",
" 530/2","4 dic 2025 8:39:01","41944","14,240","1,030","1,550","7,91","1003",
" 530/3","4 dic 2025 8:39:16","41952","14,240","1,030","1,550","7,96","1003",
" 530/4","4 dic 2025 8:39:30","41960","14,210","1,030","1,550","7,87","1008",
" 530/5","4 dic 2025 8:39:44","41968","14,220","1,030","1,550","8,08","1009",
" 531/1","4 dic 2025 8:48:44","42024","14,250","1,030","1,540","7,76","965",
" 531/2","4 dic 2025 8:48:58","42032","14,250","1,030","1,530","7,90","970",
" 531/3","4 dic 2025 8:49:12","42040","14,290","1,030","1,530","7,99","969",
" 531/4","4 dic 2025 8:49:27","42048","14,260","1,030","1,520","8,00","991",
" 531/5","4 dic 2025 8:49:41","42056","14,260","1,030","1,510","8,09","1011",
" 532/1","4 dic 2025 8:51:08","42104","14,270","1,030","1,550","8,01","1005",
" 532/2","4 dic 2025 8:51:22","42112","14,240","1,030","1,530","7,95","1005",
" 532/3","4 dic 2025 8:51:36","42120","14,220","1,030","1,540","8,12","1011",
" 532/4","4 dic 2025 8:51:51","42128","14,260","1,030","1,540","7,86","994",
" 532/5","4 dic 2025 8:52:05","42136","14,240","1,030","1,540","8,08","1003",
" 533/1","4 dic 2025 8:53:32","42184","14,220","1,030","1,540","8,03","1005",
" 533/2","4 dic 2025 8:53:46","42192","14,250","1,030","1,550","7,89","989",
" 533/3","4 dic 2025 8:54:00","42200","14,250","1,030","1,540","8,00","1000",
" 533/4","4 dic 2025 8:54:15","42208","14,220","1,030","1,530","8,13","1005",
" 533/5","4 dic 2025 8:54:29","42216","14,220","1,030","1,540","7,80","991",
" 534/1","4 dic 2025 8:55:48","42264","14,220","1,030","1,550","7,87","995",
" 534/2","4 dic 2025 8:56:03","42272","14,250","1,030","1,510","7,99","1003",
" 534/3","4 dic 2025 8:56:17","42280","14,230","1,030","1,530","8,04","1002",
" 534/4","4 dic 2025 8:56:31","42288","14,250","1,030","1,520","8,13","995",
" 534/5","4 dic 2025 8:56:46","42296","14,270","1,030","1,540","8,06","994",
" 535/1","4 dic 2025 8:58:12","42344","14,260","1,030","1,530","7,98","989",
" 535/2","4 dic 2025 8:58:26","42352","14,210","1,030","1,540","8,00","1002",
" 535/3","4 dic 2025 8:58:41","42360","14,220","1,030","1,530","8,13","997",
" 535/4","4 dic 2025 8:58:55","42368","14,210","1,030","1,540","7,91","992",
" 535/5","4 dic 2025 8:59:10","42376","14,240","1,030","1,540","8,04","1006",
" 536/1","4 dic 2025 9:00:36","42424","14,210","1,030","1,520","8,12","1005",
" 536/2","4 dic 2025 9:00:50","42432","14,230","1,030","1,530","8,02","994",
" 536/3","4 dic 2025 9:01:05","42440","14,210","1,030","1,550","7,95","997",
" 536/4","4 dic 2025 9:01:19","42448","14,230","1,030","1,540","8,00","1002",
" 536/5","4 dic 2025 9:01:34","42456","14,210","1,030","1,560","7,87","992",
" 537/1","4 dic 2025 9:03:00","42504","14,200","1,030","1,550","7,80","994",
" 537/2","4 dic 2025 9:03:14","42512","14,250","1,030","1,540","7,88","992",
" 537/3","4 dic 2025 9:03:29","42520","14,230","1,030","1,540","8,02","995",
" 537/4","4 dic 2025 9:03:43","42528","14,250","1,030","1,540","8,08","1003",
" 537/5","4 dic 2025 9:03:57","42536","14,230","1,030","1,540","7,88","998",
" 538/1","4 dic 2025 9:05:24","42584","14,210","1,030","1,530","8,02","992",
" 538/2","4 dic 2025 9:05:38","42592","14,210","1,030","1,530","8,10","992",
" 538/3","4 dic 2025 9:05:53","42600","14,220","1,030","1,550","7,89","987",
" 538/4","4 dic 2025 9:06:07","42608","14,210","1,030","1,540","8,11","1005",
" 538/5","4 dic 2025 9:06:21","42616","14,220","1,030","1,540","8,13","1005",
" 539/1","4 dic 2025 9:07:40","42664","14,200","1,030","1,540","7,93","987",
" 539/2","4 dic 2025 9:07:55","42672","14,220","1,030","1,530","7,88","983",
" 539/3","4 dic 2025 9:08:09","42680","14,210","1,030","1,550","7,87","984",
" 539/4","4 dic 2025 9:08:24","42688","14,230","1,030","1,540","7,89","980",
" 539/5","4 dic 2025 9:08:38","42696","14,210","1,030","1,540","7,88","981",
" 540/1","4 dic 2025 9:10:04","42744","14,230","1,030","1,540","7,90","965",
" 540/2","4 dic 2025 9:10:19","42752","14,230","1,030","1,550","7,83","967",
" 540/3","4 dic 2025 9:10:33","42760","14,240","1,030","1,520","8,01","969",
" 540/4","4 dic 2025 9:10:48","42768","14,240","1,030","1,540","8,05","978",
" 540/5","4 dic 2025 9:11:02","42776","14,260","1,030","1,540","7,98","961",
" 541/1","4 dic 2025 9:12:28","42824","14,250","1,030","1,560","7,85","967",
" 541/2","4 dic 2025 9:12:43","42832","14,250","1,030","1,550","7,87","967",
" 541/3","4 dic 2025 9:12:57","42840","14,260","1,030","1,540","7,97","958",
" 541/4","4 dic 2025 9:13:11","42848","14,260","1,030","1,550","8,04","965",
" 541/5","4 dic 2025 9:13:26","42856","14,230","1,030","1,550","7,85","959",
" 542/1","4 dic 2025 9:14:52","42904","14,230","1,030","1,530","7,97","967",
" 542/2","4 dic 2025 9:15:07","42912","14,220","1,030","1,540","8,00","972",
" 542/3","4 dic 2025 9:15:21","42920","14,260","1,030","1,550","8,01","962",
" 542/4","4 dic 2025 9:15:35","42928","14,240","1,030","1,550","8,00","970",
" 542/5","4 dic 2025 9:15:50","42936","14,240","1,030","1,540","8,00","972",
" 543/1","4 dic 2025 9:17:16","42984","14,200","1,030","1,540","7,90","964",
" 543/2","4 dic 2025 9:17:30","42992","14,250","1,030","1,550","7,90","969",
" 543/3","4 dic 2025 9:17:45","43000","14,260","1,030","1,540","8,09","980",
" 543/4","4 dic 2025 9:17:59","43008","14,290","1,030","1,550","7,89","964",
" 543/5","4 dic 2025 9:18:14","43016","14,210","1,030","1,540","8,02","972",
" 544/1","4 dic 2025 9:19:33","43064","14,250","1,030","1,550","7,87","956",
" 544/2","4 dic 2025 9:19:47","43072","14,220","1,030","1,540","8,11","967",
" 544/3","4 dic 2025 9:20:01","43080","14,250","1,030","1,540","8,08","958",
" 544/4","4 dic 2025 9:20:16","43088","14,220","1,030","1,550","8,05","964",
" 544/5","4 dic 2025 9:20:30","43096","14,220","1,030","1,540","7,82","961",
" 545/1","4 dic 2025 9:21:56","43144","14,230","1,030","1,540","7,89","976",
" 545/2","4 dic 2025 9:22:11","43152","14,260","1,030","1,550","8,12","975",
" 545/3","4 dic 2025 9:22:25","43160","14,260","1,030","1,550","7,89","965",
" 545/4","4 dic 2025 9:22:40","43168","14,230","1,030","1,520","7,85","967",
" 545/5","4 dic 2025 9:22:54","43176","14,220","1,030","1,530","8,08","981",
" 546/1","4 dic 2025 9:24:20","43224","14,220","1,030","1,550","7,76","973",
" 546/2","4 dic 2025 9:24:35","43232","14,220","1,030","1,560","7,90","972",
" 546/3","4 dic 2025 9:24:49","43240","14,220","1,030","1,530","7,89","983",
" 546/4","4 dic 2025 9:25:03","43248","14,210","1,030","1,550","8,00","981",
" 546/5","4 dic 2025 9:25:18","43256","14,200","1,030","1,540","8,00","976",
" 547/1","4 dic 2025 9:26:44","43304","14,210","1,030","1,530","7,98","964",
" 547/2","4 dic 2025 9:26:59","43312","14,200","1,030","1,540","8,03","965",
" 547/3","4 dic 2025 9:27:13","43320","14,230","1,030","1,560","7,79","965",
" 547/4","4 dic 2025 9:27:27","43328","14,190","1,030","1,540","7,89","969",
" 547/5","4 dic 2025 9:27:42","43336","14,280","1,030","1,540","7,99","973",
" 548/1","4 dic 2025 9:29:08","43384","14,210","1,030","1,530","8,10","978",
" 548/2","4 dic 2025 9:29:22","43392","14,200","1,030","1,540","7,90","969",
" 548/3","4 dic 2025 9:29:37","43400","14,250","1,030","1,540","7,82","967",
" 548/4","4 dic 2025 9:29:44","43408","14,250","1,030","1,540","7,82","967",
" 548/5","4 dic 2025 9:29:58","43416","14,210","1,030","1,530","8,08","973",
" 549/1","4 dic 2025 9:31:25","43464","14,230","1,030","1,530","8,03","980",
" 549/2","4 dic 2025 9:31:39","43472","14,210","1,030","1,550","7,97","981",
" 549/3","4 dic 2025 9:31:53","43480","14,220","1,030","1,540","7,87","978",
" 549/4","4 dic 2025 9:32:08","43488","14,230","1,030","1,520","8,00","997",
" 549/5","4 dic 2025 9:32:22","43496","14,250","1,030","1,530","8,13","987",
" 550/1","4 dic 2025 9:33:49","43544","14,210","1,030","1,530","8,00","992",
" 550/2","4 dic 2025 9:34:03","43552","14,180","1,030","1,540","7,91","995",
" 550/3","4 dic 2025 9:34:17","43560","14,200","1,030","1,540","8,00","983",
" 550/4","4 dic 2025 9:34:31","43568","14,200","1,030","1,540","7,87","980",
" 550/5","4 dic 2025 9:34:46","43576","14,190","1,030","1,530","7,94","991",
" 551/1","4 dic 2025 9:36:12","43624","14,190","1,030","1,540","7,88","975",
" 551/2","4 dic 2025 9:36:27","43632","14,200","1,030","1,530","8,02","981",
" 551/3","4 dic 2025 9:36:41","43640","14,210","1,030","1,550","7,90","981",
" 551/4","4 dic 2025 9:36:55","43648","14,190","1,030","1,560","8,01","976",
" 551/5","4 dic 2025 9:37:10","43656","14,210","1,030","1,550","7,73","973",
" 552/1","4 dic 2025 9:38:36","43704","14,190","1,030","1,540","8,08","973",
" 552/2","4 dic 2025 9:38:50","43712","14,210","1,030","1,550","7,87","964",
" 552/3","4 dic 2025 9:39:05","43720","14,200","1,030","1,540","8,00","976",
" 552/4","4 dic 2025 9:39:19","43728","14,200","1,030","1,530","7,96","969",
" 552/5","4 dic 2025 9:39:33","43736","14,200","1,030","1,560","7,98","972",
" 553/1","4 dic 2025 9:40:59","43784","14,190","1,030","1,540","8,06","972",
" 553/2","4 dic 2025 9:41:14","43792","14,190","1,030","1,550","8,09","970",
" 553/3","4 dic 2025 9:41:21","43800","14,190","1,030","1,550","8,09","970",
" 553/4","4 dic 2025 9:41:35","43808","14,250","1,030","1,540","7,91","964",
" 553/5","4 dic 2025 9:41:49","43816","14,200","1,030","1,550","7,88","967",
" 554/1","4 dic 2025 9:43:16","43864","14,180","1,030","1,540","8,13","978",
" 554/2","4 dic 2025 9:43:30","43872","14,190","1,030","1,550","8,00","973",
" 554/3","4 dic 2025 9:43:44","43880","14,230","1,030","1,530","7,91","973",
" 554/4","4 dic 2025 9:43:59","43888","14,250","1,030","1,530","8,10","972",
" 554/5","4 dic 2025 9:44:13","43896","14,210","1,030","1,540","8,01","962",
" 555/1","4 dic 2025 9:45:39","43944","14,220","1,030","1,550","7,83","965",
" 555/2","4 dic 2025 9:45:54","43952","14,200","1,030","1,560","7,83","967",
" 555/3","4 dic 2025 9:46:08","43960","14,220","1,030","1,530","7,90","975",
" 555/4","4 dic 2025 9:46:23","43968","14,210","1,030","1,540","8,00","969",
" 555/5","4 dic 2025 9:46:37","43976","14,220","1,030","1,540","8,04","961",
" 556/1","4 dic 2025 9:48:03","44024","14,220","1,030","1,550","7,84","969",
" 556/2","4 dic 2025 9:48:18","44032","14,230","1,030","1,530","7,91","964",
" 556/3","4 dic 2025 9:48:32","44040","14,250","1,030","1,530","8,10","967",
" 556/4","4 dic 2025 9:48:47","44048","14,240","1,030","1,540","8,18","969",
" 556/5","4 dic 2025 9:49:01","44056","14,220","1,030","1,530","8,08","962",
" 557/1","4 dic 2025 9:50:27","44104","14,190","1,030","1,530","8,13","961",
" 557/2","4 dic 2025 9:50:42","44112","14,240","1,030","1,570","7,76","962",
" 557/3","4 dic 2025 9:50:56","44120","14,200","1,030","1,540","8,00","984",
" 557/4","4 dic 2025 9:51:10","44128","14,210","1,030","1,550","7,79","981",
" 557/5","4 dic 2025 9:51:25","44136","14,230","1,030","1,540","7,87","986",
" 558/1","4 dic 2025 9:52:44","44184","14,240","1,030","1,530","8,08","992",
" 558/2","4 dic 2025 9:52:58","44192","14,230","1,030","1,530","7,87","992",
" 558/3","4 dic 2025 9:53:13","44200","14,240","1,030","1,540","8,00","992",
" 558/4","4 dic 2025 9:53:27","44208","14,230","1,030","1,540","8,01","994",
" 558/5","4 dic 2025 9:53:42","44216","14,230","1,030","1,550","7,91","983",
" 559/1","4 dic 2025 9:55:08","44264","14,200","1,030","1,540","7,97","994",
" 559/2","4 dic 2025 9:55:22","44272","14,220","1,030","1,520","8,17","992",
" 559/3","4 dic 2025 9:55:37","44280","14,220","1,030","1,540","7,96","992",
" 559/4","4 dic 2025 9:55:51","44288","14,200","1,030","1,560","7,85","989",
" 559/5","4 dic 2025 9:56:05","44296","14,200","1,030","1,540","8,00","992",
" 560/1","4 dic 2025 9:57:31","44344","14,200","1,030","1,560","8,03","1000",
" 560/2","4 dic 2025 9:57:46","44352","14,220","1,030","1,540","7,96","992",
" 560/3","4 dic 2025 9:58:00","44360","14,220","1,030","1,550","8,03","1002",
" 560/4","4 dic 2025 9:58:15","44368","14,220","1,030","1,550","7,97","997",
" 560/5","4 dic 2025 9:58:29","44376","14,210","1,030","1,560","7,91","992",
" 561/1","4 dic 2025 9:59:55","44424","14,200","1,030","1,550","7,91","992",
" 561/2","4 dic 2025 10:00:10","44432","14,200","1,030","1,540","8,00","989",
" 561/3","4 dic 2025 10:00:24","44440","14,240","1,030","1,540","7,88","992",
" 561/4","4 dic 2025 10:00:38","44448","14,250","1,030","1,560","7,87","986",
" 561/5","4 dic 2025 10:00:53","44456","14,210","1,030","1,560","7,91","989",
" 562/1","4 dic 2025 10:02:19","44504","14,200","1,030","1,540","8,04","994",
" 562/2","4 dic 2025 10:02:33","44512","14,240","1,030","1,560","7,89","992",
" 562/3","4 dic 2025 10:02:48","44520","14,240","1,030","1,540","8,02","994",
" 562/4","4 dic 2025 10:03:02","44528","14,230","1,030","1,550","7,93","992",
" 562/5","4 dic 2025 10:03:16","44536","14,240","1,030","1,520","8,04","989",
" 563/1","4 dic 2025 10:04:36","44584","14,230","1,030","1,550","8,01","995",
" 563/2","4 dic 2025 10:04:50","44592","14,240","1,030","1,560","7,75","980",
" 563/3","4 dic 2025 10:05:04","44600","14,220","1,030","1,540","8,07","994",
" 563/4","4 dic 2025 10:05:19","44608","14,240","1,030","1,550","7,90","981",
" 563/5","4 dic 2025 10:05:33","44616","14,220","1,030","1,550","8,01","1005",
" 564/1","4 dic 2025 10:06:59","44664","14,250","1,030","1,540","8,00","992",
" 564/2","4 dic 2025 10:07:14","44672","14,220","1,030","1,560","7,90","991",
" 564/3","4 dic 2025 10:07:28","44680","14,230","1,030","1,540","7,86","994",
" 564/4","4 dic 2025 10:07:42","44688","14,220","1,030","1,530","8,06","995",
" 564/5","4 dic 2025 10:07:57","44696","14,220","1,030","1,530","8,01","997",
" 565/1","4 dic 2025 10:09:38","44744","14,220","1,030","1,530","8,04","1002",
" 565/2","4 dic 2025 10:09:52","44752","14,230","1,030","1,550","8,08","998",
" 565/3","4 dic 2025 10:10:06","44760","14,220","1,030","1,540","7,90","994",
" 565/4","4 dic 2025 10:10:21","44768","14,210","1,030","1,540","8,00","997",
" 565/5","4 dic 2025 10:10:35","44776","14,230","1,030","1,550","7,92","995",
" 566/1","4 dic 2025 10:12:01","44824","14,250","1,030","1,530","7,99","995",
" 566/2","4 dic 2025 10:12:16","44832","14,220","1,030","1,560","7,82","991",
" 566/3","4 dic 2025 10:12:30","44840","14,190","1,030","1,550","7,84","994",
" 566/4","4 dic 2025 10:12:44","44848","14,210","1,030","1,540","8,06","989",
" 566/5","4 dic 2025 10:12:59","44856","14,230","1,030","1,530","8,13","995",
" 567/1","4 dic 2025 10:14:25","44904","14,180","1,030","1,540","7,91","998",
" 567/2","4 dic 2025 10:14:39","44912","14,230","1,030","1,520","8,15","1006",
" 567/3","4 dic 2025 10:14:54","44920","14,220","1,030","1,540","7,92","987",
" 567/4","4 dic 2025 10:15:08","44928","14,200","1,030","1,550","8,06","1003",
" 567/5","4 dic 2025 10:15:23","44936","14,240","1,030","1,550","7,97","1002",
" 568/1","4 dic 2025 10:16:41","44984","14,220","1,030","1,540","8,01","994",
" 568/2","4 dic 2025 10:16:56","44992","14,200","1,030","1,540","8,00","991",
" 568/3","4 dic 2025 10:17:10","45000","14,240","1,030","1,530","8,01","1003",
" 568/4","4 dic 2025 10:17:25","45008","14,200","1,030","1,550","7,99","1008",
" 568/5","4 dic 2025 10:17:39","45016","14,200","1,030","1,540","8,06","1003",
" 569/1","4 dic 2025 10:19:05","45064","14,200","1,030","1,560","7,91","995",
" 569/2","4 dic 2025 10:19:20","45072","14,200","1,030","1,550","7,89","989",
" 569/3","4 dic 2025 10:19:34","45080","14,200","1,030","1,550","7,83","992",
" 569/4","4 dic 2025 10:19:48","45088","14,200","1,030","1,540","7,98","995",
" 569/5","4 dic 2025 10:20:02","45096","14,200","1,030","1,540","7,88","994",
" 570/1","4 dic 2025 10:21:29","45144","14,210","1,030","1,540","8,01","995",
" 570/2","4 dic 2025 10:21:43","45152","14,180","1,030","1,540","7,79","984",
" 570/3","4 dic 2025 10:21:57","45160","14,210","1,030","1,530","8,17","997",
" 570/4","4 dic 2025 10:22:12","45168","14,230","1,030","1,540","8,03","994",
" 570/5","4 dic 2025 10:22:26","45176","14,200","1,030","1,540","7,99","995",
" 571/1","4 dic 2025 10:23:53","45224","14,200","1,030","1,540","8,03","987",
" 571/2","4 dic 2025 10:24:07","45232","14,180","1,030","1,550","7,91","980",
" 571/3","4 dic 2025 10:24:21","45240","14,190","1,030","1,550","7,91","991",
" 571/4","4 dic 2025 10:24:36","45248","14,200","1,030","1,540","8,01","989",
" 571/5","4 dic 2025 10:24:50","45256","14,190","1,030","1,550","7,90","991",
" 572/1","4 dic 2025 10:26:16","45304","14,190","1,030","1,530","8,13","995",
" 572/2","4 dic 2025 10:26:31","45312","14,190","1,030","1,540","8,21","984",
" 572/3","4 dic 2025 10:26:38","45320","14,190","1,030","1,540","8,21","984",
" 572/4","4 dic 2025 10:26:52","45328","14,180","1,030","1,530","8,01","983",
" 572/5","4 dic 2025 10:27:07","45336","14,200","1,030","1,540","8,10","987",
" 573/1","4 dic 2025 10:28:33","45384","14,190","1,030","1,550","7,97","991",
" 573/2","4 dic 2025 10:28:47","45392","14,210","1,030","1,550","8,01","991",
" 573/3","4 dic 2025 10:29:01","45400","14,200","1,030","1,540","7,88","986",
" 573/4","4 dic 2025 10:29:16","45408","14,210","1,030","1,550","7,90","992",
" 573/5","4 dic 2025 10:29:30","45416","14,210","1,030","1,530","8,04","991",
