"Valores reales","M嫭uina","INY38",,"Pedido","F193667",,"Programa","22873"

"  ","t4012 [s]","t4018 [s]","t4015 [s]","V4062 [cm設","p4072 [bar]","V4065 [cm設"
"Valor nominal","18,84","0,856","3,512","10,39","709","15",
"Tolerancia inferior","17,84","0,756","2,512","8,39","609","14,5",
"Tolerancia superior","19,84","0,956","4,512","12,39","809","15,5",
"M璯imo","18,74","0,712","2,982","7,6","648","14,99",
"M嫞imo","18,992","0,874","6,144","12,16","796","15",
"xqq","18,893","0,838","3,849","10,248","704,7","15",
"Rq","0,019","0,004","0,076","0,661","15,9","0,004",
"sq","0,008","0,002","0,031","0,275","6,5","0,002",
"Sigma","0,008","0,002","0,033","0,292","6,9","0,002",
"Cp","39,871","20,851","10,049","2,281","4,9","78,606",
"Cps","37,75","24,527","6,667","2,44","5,1","78,788",
"Cpi","41,992","17,175","13,432","2,122","4,6","78,423",
"Cpd","37,75","17,175","6,667","2,122","4,6","78,423",
"LISx","18,904","0,841","3,893","10,64","714","15",
"LIIx","18,882","0,836","3,804","9,86","695","15",
"LISs","0,016","0,003","0,065","0,57","13","0",
"LIIs","0","0","0,001","0,01","0","0",
"n","4.155","4.155","4.155","4.155","4.155","4.155",


"Muestra aleatoria","Momento","Cantidad piezas","t4012 [s]","t4018 [s]","t4015 [s]","V4062 [cm設","p4072 [bar]","V4065 [cm設"
" 1/1","1 nov 2025 5:19:08","8","18,818","0,854","3,428","9,89","698","15,00",
" 1/2","1 nov 2025 5:19:28","16","18,824","0,854","3,488","10,46","703","15,00",
" 1/3","1 nov 2025 5:19:47","24","18,814","0,854","3,460","9,73","692","15,00",
" 1/4","1 nov 2025 5:20:05","32","18,820","0,856","3,490","10,39","704","15,00",
" 1/5","1 nov 2025 5:20:24","40","18,820","0,854","3,480","10,50","712","15,00",
" 2/1","1 nov 2025 5:22:17","88","18,802","0,852","3,506","10,56","705","15,00",
" 2/2","1 nov 2025 5:22:35","96","18,806","0,854","3,454","10,16","704","15,00",
" 2/3","1 nov 2025 5:22:54","104","18,818","0,856","3,530","10,56","708","15,00",
" 2/4","1 nov 2025 5:23:13","112","18,814","0,854","3,478","10,29","705","15,00",
" 2/5","1 nov 2025 5:23:32","120","18,808","0,856","3,480","10,41","696","15,00",
" 3/1","1 nov 2025 5:25:25","168","18,804","0,852","3,504","9,73","701","15,00",
" 3/2","1 nov 2025 5:25:44","176","18,814","0,854","3,542","9,38","705","15,00",
" 3/3","1 nov 2025 5:26:03","184","18,808","0,856","3,542","10,20","699","15,00",
" 3/4","1 nov 2025 5:26:21","192","18,804","0,856","3,520","10,40","709","15,00",
" 3/5","1 nov 2025 5:26:40","200","18,800","0,852","3,492","10,47","712","15,00",
" 4/1","1 nov 2025 5:28:33","248","18,822","0,854","3,490","10,22","709","15,00",
" 4/2","1 nov 2025 5:28:52","256","18,810","0,856","3,520","9,94","705","15,00",
" 4/3","1 nov 2025 5:29:11","264","18,822","0,854","3,542","10,63","705","15,00",
" 4/4","1 nov 2025 5:29:30","272","18,812","0,854","3,500","10,22","698","15,00",
" 4/5","1 nov 2025 5:29:49","280","18,800","0,856","3,526","9,99","695","14,99",
" 5/1","1 nov 2025 5:31:42","328","18,810","0,856","3,500","10,40","708","15,00",
" 5/2","1 nov 2025 5:32:00","336","18,814","0,854","3,490","9,86","691","14,99",
" 5/3","1 nov 2025 5:32:19","344","18,798","0,854","3,536","9,86","700","15,00",
" 5/4","1 nov 2025 5:32:38","352","18,790","0,852","3,516","10,56","713","15,00",
" 5/5","1 nov 2025 5:32:56","360","18,792","0,854","3,496","10,39","702","15,00",
" 6/1","1 nov 2025 5:34:49","408","18,810","0,856","3,462","10,68","709","14,99",
" 6/2","1 nov 2025 5:35:08","416","18,810","0,854","3,486","10,24","704","15,00",
" 6/3","1 nov 2025 5:35:27","424","18,816","0,854","3,520","10,35","712","15,00",
" 6/4","1 nov 2025 5:35:46","432","18,816","0,854","3,496","10,55","714","15,00",
" 6/5","1 nov 2025 5:36:04","440","18,808","0,854","3,552","10,54","713","15,00",
" 7/1","1 nov 2025 5:37:58","488","18,810","0,854","3,486","10,26","708","15,00",
" 7/2","1 nov 2025 5:38:16","496","18,812","0,854","3,532","9,86","699","15,00",
" 7/3","1 nov 2025 5:38:35","504","18,804","0,856","3,560","9,78","699","15,00",
" 7/4","1 nov 2025 5:38:54","512","18,816","0,856","3,538","10,49","699","14,99",
" 7/5","1 nov 2025 5:39:12","520","18,808","0,852","3,480","10,24","702","14,99",
" 8/1","1 nov 2025 5:41:05","568","18,806","0,856","3,590","10,55","718","15,00",
" 8/2","1 nov 2025 5:41:24","576","18,818","0,858","3,490","10,48","713","15,00",
" 8/3","1 nov 2025 5:41:44","584","18,818","0,854","3,498","10,29","706","15,00",
" 8/4","1 nov 2025 5:42:02","592","18,802","0,854","3,506","10,58","716","15,00",
" 8/5","1 nov 2025 5:42:21","600","18,812","0,852","3,522","10,46","707","15,00",
" 9/1","1 nov 2025 5:44:13","648","18,808","0,854","3,542","10,46","714","15,00",
" 9/2","1 nov 2025 5:44:33","656","18,816","0,856","3,518","10,57","704","15,00",
" 9/3","1 nov 2025 5:44:51","664","18,814","0,854","3,508","10,38","709","15,00",
" 9/4","1 nov 2025 5:45:10","672","18,822","0,854","3,512","10,35","705","14,99",
" 9/5","1 nov 2025 5:45:29","680","18,804","0,854","3,518","10,56","714","15,00",
" 10/1","1 nov 2025 5:47:22","728","18,826","0,854","3,508","10,27","706","15,00",
" 10/2","1 nov 2025 5:47:40","736","18,818","0,854","3,542","10,52","703","15,00",
" 10/3","1 nov 2025 5:47:59","744","18,822","0,856","3,492","10,18","706","14,99",
" 10/4","1 nov 2025 5:48:18","752","18,810","0,854","3,548","10,36","695","15,00",
" 10/5","1 nov 2025 5:48:37","760","18,812","0,856","3,522","10,59","706","14,99",
" 11/1","1 nov 2025 5:50:30","808","18,810","0,854","3,602","9,84","704","15,00",
" 11/2","1 nov 2025 5:50:48","816","18,804","0,854","3,542","10,00","705","15,00",
" 11/3","1 nov 2025 5:51:07","824","18,808","0,854","3,512","10,57","720","15,00",
" 11/4","1 nov 2025 5:51:27","832","18,802","0,852","3,530","10,53","718","15,00",
" 11/5","1 nov 2025 5:51:45","840","18,802","0,852","3,514","10,30","702","15,00",
" 12/1","1 nov 2025 5:53:38","888","18,828","0,856","3,566","10,56","709","15,00",
" 12/2","1 nov 2025 5:53:57","896","18,812","0,854","3,502","10,56","716","15,00",
" 12/3","1 nov 2025 5:54:15","904","18,826","0,854","3,490","10,29","705","15,00",
" 12/4","1 nov 2025 5:54:34","912","18,814","0,852","3,494","10,35","708","15,00",
" 12/5","1 nov 2025 5:54:53","920","18,816","0,858","3,468","10,52","707","15,00",
" 13/1","1 nov 2025 5:56:47","968","18,828","0,856","3,504","10,14","699","15,00",
" 13/2","1 nov 2025 5:57:06","976","18,816","0,856","3,544","10,52","712","15,00",
" 13/3","1 nov 2025 5:57:24","984","18,806","0,852","3,498","10,29","701","15,00",
" 13/4","1 nov 2025 5:57:42","992","18,804","0,852","3,514","10,40","710","15,00",
" 13/5","1 nov 2025 5:58:02","1000","18,826","0,854","3,516","10,49","710","14,99",
" 14/1","1 nov 2025 5:59:55","1048","18,826","0,856","3,522","10,26","705","15,00",
" 14/2","1 nov 2025 6:00:13","1056","18,806","0,854","3,546","10,39","711","15,00",
" 14/3","1 nov 2025 6:00:32","1064","18,822","0,856","3,516","10,35","709","15,00",
" 14/4","1 nov 2025 6:00:51","1072","18,830","0,856","3,504","10,27","701","15,00",
" 14/5","1 nov 2025 6:01:10","1080","18,812","0,854","3,498","10,48","706","15,00",
" 15/1","1 nov 2025 6:03:02","1128","18,808","0,852","3,500","9,97","705","15,00",
" 15/2","1 nov 2025 6:03:21","1136","18,804","0,854","3,554","10,39","710","14,99",
" 15/3","1 nov 2025 6:03:41","1144","18,812","0,854","3,528","10,59","715","14,99",
" 15/4","1 nov 2025 6:03:59","1152","18,816","0,856","3,488","10,09","701","15,00",
" 15/5","1 nov 2025 6:04:18","1160","18,804","0,852","3,552","9,26","698","15,00",
" 16/1","1 nov 2025 6:06:10","1208","18,820","0,852","3,518","10,52","715","15,00",
" 16/2","1 nov 2025 6:06:29","1216","18,814","0,856","3,502","9,86","699","14,99",
" 16/3","1 nov 2025 6:06:48","1224","18,812","0,856","3,554","9,98","701","15,00",
" 16/4","1 nov 2025 6:07:07","1232","18,810","0,854","3,546","10,53","714","15,00",
" 16/5","1 nov 2025 6:07:26","1240","18,808","0,856","3,492","10,50","716","15,00",
" 17/1","1 nov 2025 6:09:19","1288","18,806","0,854","3,536","10,55","711","15,00",
" 17/2","1 nov 2025 6:09:38","1296","18,818","0,856","3,508","10,66","718","14,99",
" 17/3","1 nov 2025 6:09:57","1304","18,812","0,854","3,510","10,26","703","15,00",
" 17/4","1 nov 2025 6:10:15","1312","18,802","0,854","3,528","10,19","707","14,99",
" 17/5","1 nov 2025 6:10:34","1320","18,818","0,854","3,482","9,32","701","15,00",
" 18/1","1 nov 2025 6:12:27","1368","18,806","0,852","3,552","10,50","714","15,00",
" 18/2","1 nov 2025 6:12:46","1376","18,806","0,852","3,510","10,22","700","15,00",
" 18/3","1 nov 2025 6:13:04","1384","18,808","0,856","3,534","9,22","690","15,00",
" 18/4","1 nov 2025 6:13:24","1392","18,824","0,854","3,604","9,95","706","15,00",
" 18/5","1 nov 2025 6:13:42","1400","18,798","0,858","3,548","10,48","704","15,00",
" 19/1","1 nov 2025 6:15:35","1448","18,818","0,854","3,510","10,14","702","15,00",
" 19/2","1 nov 2025 6:15:54","1456","18,812","0,852","3,510","10,33","706","14,99",
" 19/3","1 nov 2025 6:16:13","1464","18,812","0,852","3,534","10,19","706","15,00",
" 19/4","1 nov 2025 6:16:32","1472","18,804","0,850","3,522","9,78","702","15,00",
" 19/5","1 nov 2025 6:16:51","1480","18,818","0,856","3,504","10,00","698","14,99",
" 20/1","1 nov 2025 6:18:44","1528","18,800","0,854","3,496","10,00","703","15,00",
" 20/2","1 nov 2025 6:19:03","1536","18,806","0,852","3,510","10,47","708","15,00",
" 20/3","1 nov 2025 6:19:21","1544","18,804","0,854","3,480","10,04","706","15,00",
" 20/4","1 nov 2025 6:19:40","1552","18,808","0,856","3,504","9,43","694","14,99",
" 20/5","1 nov 2025 6:19:59","1560","18,824","0,854","3,544","10,40","716","15,00",
" 21/1","1 nov 2025 6:21:52","1608","18,816","0,854","3,538","10,14","705","15,00",
" 21/2","1 nov 2025 6:22:11","1616","18,804","0,854","3,492","10,43","707","15,00",
" 21/3","1 nov 2025 6:22:29","1624","18,806","0,854","3,476","10,35","704","15,00",
" 21/4","1 nov 2025 6:22:48","1632","18,816","0,854","3,516","9,51","700","15,00",
" 21/5","1 nov 2025 6:23:07","1640","18,824","0,854","3,594","10,18","709","15,00",
" 22/1","1 nov 2025 6:25:00","1688","18,820","0,854","3,460","10,54","714","15,00",
" 22/2","1 nov 2025 6:25:19","1696","18,814","0,854","3,508","10,39","713","15,00",
" 22/3","1 nov 2025 6:25:37","1704","18,810","0,854","3,482","10,32","718","15,00",
" 22/4","1 nov 2025 6:25:56","1712","18,800","0,850","3,492","10,41","717","15,00",
" 22/5","1 nov 2025 6:26:15","1720","18,810","0,854","3,480","9,83","704","15,00",
" 23/1","1 nov 2025 6:28:08","1768","18,820","0,854","3,530","10,51","713","15,00",
" 23/2","1 nov 2025 6:28:27","1776","18,804","0,854","3,488","10,50","718","15,00",
" 23/3","1 nov 2025 6:28:46","1784","18,812","0,852","3,492","10,35","708","14,99",
" 23/4","1 nov 2025 6:29:04","1792","18,826","0,854","3,486","10,44","713","15,00",
" 23/5","1 nov 2025 6:29:23","1800","18,820","0,854","3,528","10,56","719","15,00",
" 24/1","1 nov 2025 6:31:16","1848","18,820","0,854","3,568","9,84","707","15,00",
" 24/2","1 nov 2025 6:31:35","1856","18,802","0,856","3,502","10,35","710","15,00",
" 24/3","1 nov 2025 6:31:54","1864","18,800","0,854","3,522","10,57","708","15,00",
" 24/4","1 nov 2025 6:32:13","1872","18,804","0,854","3,480","10,07","704","15,00",
" 24/5","1 nov 2025 6:32:31","1880","18,792","0,852","3,510","10,45","710","15,00",
" 25/1","1 nov 2025 6:34:24","1928","18,826","0,852","3,592","10,03","697","15,00",
" 25/2","1 nov 2025 6:34:43","1936","18,806","0,854","3,520","10,19","707","15,00",
" 25/3","1 nov 2025 6:35:02","1944","18,806","0,856","3,530","10,57","720","15,00",
" 25/4","1 nov 2025 6:35:21","1952","18,794","0,854","3,508","10,49","723","15,00",
" 25/5","1 nov 2025 6:35:39","1960","18,808","0,858","3,486","10,08","711","15,00",
" 26/1","1 nov 2025 6:37:32","2008","18,808","0,856","3,496","10,50","708","15,00",
" 26/2","1 nov 2025 6:37:51","2016","18,804","0,854","3,512","10,54","712","14,99",
" 26/3","1 nov 2025 6:38:10","2024","18,808","0,854","3,486","10,46","714","15,00",
" 26/4","1 nov 2025 6:38:29","2032","18,814","0,856","3,502","10,41","708","15,00",
" 26/5","1 nov 2025 6:38:48","2040","18,806","0,854","3,524","10,56","712","15,00",
" 27/1","1 nov 2025 6:40:40","2088","18,808","0,854","3,594","10,24","715","15,00",
" 27/2","1 nov 2025 6:40:59","2096","18,806","0,852","3,516","10,24","709","15,00",
" 27/3","1 nov 2025 6:41:18","2104","18,814","0,854","3,526","10,59","715","15,00",
" 27/4","1 nov 2025 6:41:37","2112","18,806","0,856","3,532","10,41","709","15,00",
" 27/5","1 nov 2025 6:41:56","2120","18,818","0,854","3,548","9,84","707","15,00",
" 28/1","1 nov 2025 6:43:49","2168","18,794","0,852","3,510","10,44","714","15,00",
" 28/2","1 nov 2025 6:44:07","2176","18,812","0,854","3,518","10,39","712","15,00",
" 28/3","1 nov 2025 6:44:26","2184","18,810","0,852","3,520","10,08","700","15,00",
" 28/4","1 nov 2025 6:44:45","2192","18,814","0,854","3,514","10,26","711","15,00",
" 28/5","1 nov 2025 6:45:04","2200","18,808","0,854","3,496","10,41","714","15,00",
" 29/1","1 nov 2025 6:46:57","2248","18,816","0,854","3,548","10,28","714","15,00",
" 29/2","1 nov 2025 6:47:15","2256","18,800","0,854","3,564","10,42","702","15,00",
" 29/3","1 nov 2025 6:47:34","2264","18,816","0,854","3,556","10,64","718","15,00",
" 29/4","1 nov 2025 6:47:53","2272","18,808","0,854","3,526","10,11","711","15,00",
" 29/5","1 nov 2025 6:48:12","2280","18,806","0,856","3,564","10,31","708","15,00",
" 30/1","1 nov 2025 6:50:04","2328","18,812","0,856","3,560","10,56","709","15,00",
" 30/2","1 nov 2025 6:50:24","2336","18,816","0,854","3,520","10,56","713","15,00",
" 30/3","1 nov 2025 6:50:42","2344","18,812","0,854","3,500","10,18","705","15,00",
" 30/4","1 nov 2025 6:51:01","2352","18,818","0,856","3,516","10,43","706","15,00",
" 30/5","1 nov 2025 6:51:20","2360","18,814","0,856","3,482","10,63","719","15,00",
" 31/1","1 nov 2025 6:53:13","2408","18,810","0,854","3,518","10,65","719","15,00",
" 31/2","1 nov 2025 6:53:32","2416","18,822","0,856","3,486","10,56","716","15,00",
" 31/3","1 nov 2025 6:53:50","2424","18,806","0,854","3,494","10,48","713","15,00",
" 31/4","1 nov 2025 6:54:09","2432","18,810","0,854","3,464","10,58","718","15,00",
" 31/5","1 nov 2025 6:54:28","2440","18,804","0,854","3,496","10,50","716","15,00",
" 32/1","1 nov 2025 6:56:21","2488","18,816","0,854","3,474","10,67","721","15,00",
" 32/2","1 nov 2025 6:56:40","2496","18,810","0,852","3,510","9,91","702","15,00",
" 32/3","1 nov 2025 6:56:59","2504","18,812","0,856","3,532","9,41","701","14,99",
" 32/4","1 nov 2025 6:57:17","2512","18,812","0,856","3,536","9,88","693","15,00",
" 32/5","1 nov 2025 6:57:36","2520","18,814","0,856","3,540","10,67","718","15,00",
" 33/1","1 nov 2025 6:59:29","2568","18,804","0,854","3,518","10,37","714","15,00",
" 33/2","1 nov 2025 6:59:48","2576","18,806","0,852","3,488","10,56","708","15,00",
" 33/3","1 nov 2025 7:00:07","2584","18,796","0,854","3,498","9,62","704","15,00",
" 33/4","1 nov 2025 7:00:26","2592","18,818","0,856","3,578","9,62","706","15,00",
" 33/5","1 nov 2025 7:00:45","2600","18,800","0,854","3,550","10,16","702","15,00",
" 34/1","1 nov 2025 7:02:37","2648","18,812","0,854","3,504","10,26","707","15,00",
" 34/2","1 nov 2025 7:02:56","2656","18,804","0,854","3,518","10,31","709","15,00",
" 34/3","1 nov 2025 7:03:15","2664","18,826","0,856","3,496","10,50","717","15,00",
" 34/4","1 nov 2025 7:03:34","2672","18,806","0,852","3,514","10,26","699","15,00",
" 34/5","1 nov 2025 7:03:52","2680","18,802","0,854","3,554","10,19","709","15,00",
" 35/1","1 nov 2025 7:05:45","2728","18,798","0,854","3,510","10,39","719","15,00",
" 35/2","1 nov 2025 7:06:04","2736","18,790","0,856","3,480","10,15","707","15,00",
" 35/3","1 nov 2025 7:06:23","2744","18,808","0,854","3,534","10,15","707","15,00",
" 35/4","1 nov 2025 7:06:42","2752","18,818","0,854","3,508","10,48","719","15,00",
" 35/5","1 nov 2025 7:07:01","2760","18,816","0,854","3,526","10,48","714","15,00",
" 36/1","1 nov 2025 7:08:53","2808","18,820","0,852","3,480","10,25","713","15,00",
" 36/2","1 nov 2025 7:09:12","2816","18,812","0,856","3,524","10,23","713","15,00",
" 36/3","1 nov 2025 7:09:31","2824","18,810","0,852","3,516","10,61","712","15,00",
" 36/4","1 nov 2025 7:09:50","2832","18,802","0,858","3,462","9,90","709","15,00",
" 36/5","1 nov 2025 7:10:09","2840","18,816","0,854","3,556","9,55","706","15,00",
" 37/1","1 nov 2025 7:12:02","2888","18,818","0,854","3,478","10,52","707","15,00",
" 37/2","1 nov 2025 7:12:20","2896","18,810","0,856","3,518","10,29","711","15,00",
" 37/3","1 nov 2025 7:12:39","2904","18,818","0,854","3,500","10,60","716","15,00",
" 37/4","1 nov 2025 7:12:58","2912","18,810","0,854","3,476","10,50","710","15,00",
" 37/5","1 nov 2025 7:13:17","2920","18,810","0,854","3,508","10,10","714","15,00",
" 38/1","1 nov 2025 7:15:10","2968","18,812","0,856","3,504","10,52","714","15,00",
" 38/2","1 nov 2025 7:15:29","2976","18,814","0,854","3,496","10,14","715","15,00",
" 38/3","1 nov 2025 7:15:47","2984","18,818","0,854","3,548","10,38","710","15,00",
" 38/4","1 nov 2025 7:16:06","2992","18,810","0,856","3,512","10,58","714","15,00",
" 38/5","1 nov 2025 7:16:25","3000","18,798","0,852","3,498","10,47","716","14,99",
" 39/1","1 nov 2025 7:18:18","3048","18,796","0,850","3,508","10,48","714","15,00",
" 39/2","1 nov 2025 7:18:37","3056","18,826","0,856","3,520","10,49","719","15,00",
" 39/3","1 nov 2025 7:18:55","3064","18,814","0,854","3,512","10,11","713","14,99",
" 39/4","1 nov 2025 7:19:14","3072","18,806","0,856","3,558","10,20","705","15,00",
" 39/5","1 nov 2025 7:19:33","3080","18,812","0,854","3,520","10,44","714","15,00",
" 40/1","1 nov 2025 7:21:26","3128","18,816","0,856","3,504","10,28","702","15,00",
" 40/2","1 nov 2025 7:21:44","3136","18,806","0,856","3,518","10,54","706","15,00",
" 40/3","1 nov 2025 7:22:04","3144","18,804","0,854","3,462","10,63","708","15,00",
" 40/4","1 nov 2025 7:22:22","3152","18,808","0,856","3,468","10,20","710","15,00",
" 40/5","1 nov 2025 7:22:41","3160","18,816","0,854","3,510","10,45","704","15,00",
" 41/1","1 nov 2025 7:24:34","3208","18,808","0,852","3,522","9,90","706","15,00",
" 41/2","1 nov 2025 7:24:53","3216","18,824","0,856","3,548","9,77","703","15,00",
" 41/3","1 nov 2025 7:25:12","3224","18,810","0,856","3,552","9,94","701","15,00",
" 41/4","1 nov 2025 7:25:31","3232","18,802","0,854","3,540","10,50","718","14,99",
" 41/5","1 nov 2025 7:25:49","3240","18,804","0,854","3,514","10,60","723","15,00",
" 42/1","1 nov 2025 7:27:42","3288","18,814","0,856","3,516","10,39","713","15,00",
" 42/2","1 nov 2025 7:28:01","3296","18,814","0,856","3,514","10,21","700","15,00",
" 42/3","1 nov 2025 7:28:20","3304","18,812","0,854","3,530","10,16","707","15,00",
" 42/4","1 nov 2025 7:28:39","3312","18,800","0,852","3,530","10,37","703","15,00",
" 42/5","1 nov 2025 7:28:57","3320","18,816","0,850","3,498","10,60","717","15,00",
" 43/1","1 nov 2025 7:30:50","3368","18,814","0,854","3,532","10,46","719","15,00",
" 43/2","1 nov 2025 7:31:09","3376","18,808","0,854","3,488","10,48","703","15,00",
" 43/3","1 nov 2025 7:31:28","3384","18,804","0,854","3,520","10,16","699","15,00",
" 43/4","1 nov 2025 7:31:47","3392","18,806","0,854","3,522","9,86","711","15,00",
" 43/5","1 nov 2025 7:32:06","3400","18,808","0,854","3,534","10,33","710","15,00",
" 44/1","1 nov 2025 7:33:58","3448","18,800","0,854","3,478","10,48","709","15,00",
" 44/2","1 nov 2025 7:34:17","3456","18,810","0,852","3,532","10,61","715","15,00",
" 44/3","1 nov 2025 7:34:36","3464","18,816","0,854","3,530","10,23","710","15,00",
" 44/4","1 nov 2025 7:34:55","3472","18,808","0,852","3,548","9,58","704","15,00",
" 44/5","1 nov 2025 7:35:14","3480","18,814","0,852","3,558","9,34","699","15,00",
" 45/1","1 nov 2025 7:37:07","3528","18,828","0,856","3,496","10,66","709","15,00",
" 45/2","1 nov 2025 7:37:25","3536","18,806","0,854","3,472","10,33","705","14,99",
" 45/3","1 nov 2025 7:37:44","3544","18,820","0,856","3,492","10,33","715","15,00",
" 45/4","1 nov 2025 7:38:03","3552","18,822","0,858","3,514","10,63","717","15,00",
" 45/5","1 nov 2025 7:38:22","3560","18,810","0,854","3,474","10,14","705","15,00",
" 46/1","1 nov 2025 7:40:15","3608","18,802","0,854","3,500","10,53","717","15,00",
" 46/2","1 nov 2025 7:40:34","3616","18,824","0,854","3,494","9,97","696","15,00",
" 46/3","1 nov 2025 7:40:52","3624","18,820","0,856","3,524","10,07","711","15,00",
" 46/4","1 nov 2025 7:41:11","3632","18,808","0,852","3,552","10,47","706","15,00",
" 46/5","1 nov 2025 7:41:30","3640","18,810","0,854","3,518","10,47","718","15,00",
" 47/1","1 nov 2025 7:43:23","3688","18,820","0,856","3,504","10,56","715","14,99",
" 47/2","1 nov 2025 7:43:42","3696","18,814","0,854","3,486","10,48","715","15,00",
" 47/3","1 nov 2025 7:44:00","3704","18,810","0,854","3,508","9,96","711","15,00",
" 47/4","1 nov 2025 7:44:19","3712","18,812","0,856","3,498","10,54","710","15,00",
" 47/5","1 nov 2025 7:44:38","3720","18,814","0,852","3,484","10,34","701","15,00",
" 48/1","1 nov 2025 7:46:31","3768","18,808","0,854","3,510","10,59","714","15,00",
" 48/2","1 nov 2025 7:46:50","3776","18,806","0,856","3,476","10,54","707","14,99",
" 48/3","1 nov 2025 7:47:09","3784","18,790","0,852","3,498","10,39","704","15,00",
" 48/4","1 nov 2025 7:47:27","3792","18,802","0,854","3,498","10,54","715","15,00",
" 48/5","1 nov 2025 7:47:46","3800","18,830","0,856","3,504","10,65","711","15,00",
" 49/1","1 nov 2025 7:49:39","3848","18,800","0,854","3,522","9,77","703","14,99",
" 49/2","1 nov 2025 7:49:58","3856","18,808","0,854","3,584","10,64","712","15,00",
" 49/3","1 nov 2025 7:50:17","3864","18,798","0,854","3,522","10,59","716","15,00",
" 49/4","1 nov 2025 7:50:35","3872","18,800","0,856","3,508","9,62","705","15,00",
" 49/5","1 nov 2025 7:50:54","3880","18,802","0,854","3,624","10,15","707","15,00",
" 50/1","1 nov 2025 7:52:47","3928","18,802","0,856","3,468","10,43","703","14,99",
" 50/2","1 nov 2025 7:53:06","3936","18,814","0,852","3,494","10,13","711","15,00",
" 50/3","1 nov 2025 7:53:24","3944","18,810","0,852","3,512","10,48","702","15,00",
" 50/4","1 nov 2025 7:53:44","3952","18,812","0,856","3,510","10,61","712","15,00",
" 50/5","1 nov 2025 7:54:02","3960","18,804","0,856","3,464","10,40","710","15,00",
" 51/1","1 nov 2025 7:55:55","4008","18,804","0,854","3,512","10,24","716","15,00",
" 51/2","1 nov 2025 7:56:14","4016","18,794","0,854","3,534","10,50","711","15,00",
" 51/3","1 nov 2025 7:56:33","4024","18,800","0,854","3,486","10,27","709","15,00",
" 51/4","1 nov 2025 7:56:52","4032","18,822","0,852","3,520","9,36","696","15,00",
" 51/5","1 nov 2025 7:57:10","4040","18,802","0,852","3,556","10,20","705","15,00",
" 52/1","1 nov 2025 7:59:03","4088","18,806","0,854","3,536","10,65","716","15,00",
" 52/2","1 nov 2025 7:59:22","4096","18,802","0,854","3,490","10,14","707","15,00",
" 52/3","1 nov 2025 7:59:41","4104","18,808","0,852","3,504","9,15","691","14,99",
" 52/4","1 nov 2025 8:00:00","4112","18,824","0,856","3,560","9,66","703","15,00",
" 52/5","1 nov 2025 8:00:19","4120","18,790","0,852","3,568","10,57","708","15,00",
" 53/1","1 nov 2025 8:02:11","4168","18,806","0,854","3,518","10,37","705","15,00",
" 53/2","1 nov 2025 8:02:30","4176","18,798","0,852","3,510","10,61","716","15,00",
" 53/3","1 nov 2025 8:02:49","4184","18,818","0,854","3,500","10,20","707","15,00",
" 53/4","1 nov 2025 8:03:08","4192","18,796","0,852","3,558","9,62","693","15,00",
" 53/5","1 nov 2025 8:03:27","4200","18,812","0,852","3,556","9,17","705","15,00",
" 54/1","1 nov 2025 8:05:20","4248","18,822","0,854","3,528","10,45","707","15,00",
" 54/2","1 nov 2025 8:05:38","4256","18,810","0,856","3,518","10,14","703","15,00",
" 54/3","1 nov 2025 8:05:57","4264","18,810","0,854","3,516","10,38","712","15,00",
" 54/4","1 nov 2025 8:06:16","4272","18,816","0,856","3,516","10,56","708","15,00",
" 54/5","1 nov 2025 8:06:35","4280","18,820","0,856","3,512","10,57","711","14,99",
" 55/1","1 nov 2025 8:08:28","4328","18,816","0,856","3,530","10,59","703","15,00",
" 55/2","1 nov 2025 8:08:46","4336","18,814","0,852","3,490","10,63","716","15,00",
" 55/3","1 nov 2025 8:09:05","4344","18,820","0,852","3,462","10,48","712","14,99",
" 55/4","1 nov 2025 8:09:24","4352","18,812","0,856","3,498","10,47","710","15,00",
" 55/5","1 nov 2025 8:09:43","4360","18,820","0,856","3,500","10,54","706","15,00",
" 56/1","1 nov 2025 8:11:36","4408","18,802","0,852","3,474","9,65","700","15,00",
" 56/2","1 nov 2025 8:11:55","4416","18,818","0,856","3,576","9,85","699","14,99",
" 56/3","1 nov 2025 8:12:13","4424","18,818","0,854","3,544","10,48","704","15,00",
" 56/4","1 nov 2025 8:12:32","4432","18,820","0,856","3,490","10,52","713","15,00",
" 56/5","1 nov 2025 8:12:51","4440","18,798","0,856","3,464","9,43","703","15,00",
" 57/1","1 nov 2025 8:14:44","4488","18,804","0,856","3,486","10,69","715","15,00",
" 57/2","1 nov 2025 8:15:03","4496","18,812","0,852","3,482","10,31","711","15,00",
" 57/3","1 nov 2025 8:15:22","4504","18,802","0,852","3,524","10,26","711","15,00",
" 57/4","1 nov 2025 8:15:40","4512","18,816","0,854","3,498","10,56","709","15,00",
" 57/5","1 nov 2025 8:15:59","4520","18,804","0,854","3,516","10,30","702","15,00",
" 58/1","1 nov 2025 8:17:52","4568","18,808","0,854","3,476","10,46","703","15,00",
" 58/2","1 nov 2025 8:18:11","4576","18,810","0,854","3,500","10,53","712","15,00",
" 58/3","1 nov 2025 8:18:30","4584","18,814","0,856","3,472","9,94","708","15,00",
" 58/4","1 nov 2025 8:18:48","4592","18,806","0,850","3,562","10,11","706","15,00",
" 58/5","1 nov 2025 8:19:07","4600","18,802","0,854","3,492","10,20","704","15,00",
" 59/1","1 nov 2025 8:21:00","4648","18,812","0,856","3,496","10,31","706","15,00",
" 59/2","1 nov 2025 8:21:19","4656","18,816","0,856","3,558","9,45","691","15,00",
" 59/3","1 nov 2025 8:21:38","4664","18,812","0,856","3,566","8,98","699","15,00",
" 59/4","1 nov 2025 8:21:57","4672","18,810","0,856","3,644","10,50","716","15,00",
" 59/5","1 nov 2025 8:22:15","4680","18,816","0,854","3,512","10,63","716","15,00",
" 60/1","1 nov 2025 8:24:08","4728","18,800","0,852","3,490","10,26","706","15,00",
" 60/2","1 nov 2025 8:24:27","4736","18,796","0,854","3,542","10,39","700","15,00",
" 60/3","1 nov 2025 8:24:46","4744","18,800","0,854","3,518","10,38","713","15,00",
" 60/4","1 nov 2025 8:25:05","4752","18,792","0,854","3,504","10,32","707","15,00",
" 60/5","1 nov 2025 8:25:23","4760","18,808","0,856","3,504","9,90","705","14,99",
" 61/1","1 nov 2025 8:27:16","4808","18,812","0,856","3,522","10,59","708","14,99",
" 61/2","1 nov 2025 8:27:35","4816","18,802","0,856","3,492","10,38","704","15,00",
" 61/3","1 nov 2025 8:27:54","4824","18,822","0,856","3,510","10,25","709","15,00",
" 61/4","1 nov 2025 8:28:13","4832","18,820","0,856","3,530","10,56","716","15,00",
" 61/5","1 nov 2025 8:28:32","4840","18,806","0,852","3,520","10,41","703","15,00",
" 62/1","1 nov 2025 8:30:24","4888","18,800","0,852","3,484","10,44","700","15,00",
" 62/2","1 nov 2025 8:30:43","4896","18,814","0,852","3,506","10,52","718","15,00",
" 62/3","1 nov 2025 8:31:02","4904","18,812","0,854","3,504","10,39","715","15,00",
" 62/4","1 nov 2025 8:31:21","4912","18,806","0,854","3,516","10,49","712","15,00",
" 62/5","1 nov 2025 8:31:40","4920","18,796","0,852","3,500","10,46","698","15,00",
" 63/1","1 nov 2025 8:33:33","4968","18,800","0,852","3,492","10,34","701","15,00",
" 63/2","1 nov 2025 8:33:51","4976","18,812","0,854","3,554","10,58","713","14,99",
" 63/3","1 nov 2025 8:34:10","4984","18,804","0,852","3,516","10,36","707","15,00",
" 63/4","1 nov 2025 8:34:29","4992","18,816","0,854","3,504","10,28","695","15,00",
" 63/5","1 nov 2025 8:34:48","5000","18,816","0,854","3,488","10,50","714","15,00",
" 64/1","1 nov 2025 8:36:41","5048","18,800","0,850","3,580","9,80","703","15,00",
" 64/2","1 nov 2025 8:36:59","5056","18,808","0,854","3,522","10,38","711","14,99",
" 64/3","1 nov 2025 8:37:18","5064","18,800","0,854","3,518","10,62","715","15,00",
" 64/4","1 nov 2025 8:37:37","5072","18,812","0,856","3,462","10,41","703","15,00",
" 64/5","1 nov 2025 8:37:56","5080","18,810","0,856","3,464","10,26","696","15,00",
" 65/1","1 nov 2025 8:39:49","5128","18,800","0,854","3,450","10,31","697","15,00",
" 65/2","1 nov 2025 8:40:07","5136","18,802","0,856","3,486","10,52","704","14,99",
" 65/3","1 nov 2025 8:40:26","5144","18,814","0,854","3,484","10,42","712","15,00",
" 65/4","1 nov 2025 8:40:45","5152","18,810","0,854","3,498","10,21","707","15,00",
" 65/5","1 nov 2025 8:41:04","5160","18,812","0,854","3,520","10,48","712","15,00",
" 66/1","1 nov 2025 8:42:57","5208","18,800","0,854","3,532","10,26","699","15,00",
" 66/2","1 nov 2025 8:43:16","5216","18,816","0,856","3,502","10,59","713","14,99",
" 66/3","1 nov 2025 8:43:34","5224","18,810","0,852","3,514","10,35","694","15,00",
" 66/4","1 nov 2025 8:43:53","5232","18,790","0,852","3,512","10,28","709","15,00",
" 66/5","1 nov 2025 8:44:12","5240","18,808","0,854","3,482","10,54","712","15,00",
" 67/1","1 nov 2025 8:46:05","5288","18,808","0,854","3,550","10,20","700","15,00",
" 67/2","1 nov 2025 8:46:24","5296","18,792","0,850","3,462","10,46","710","15,00",
" 67/3","1 nov 2025 8:46:42","5304","18,796","0,856","3,506","10,35","697","15,00",
" 67/4","1 nov 2025 8:47:01","5312","18,812","0,856","3,488","10,35","706","15,00",
" 67/5","1 nov 2025 8:47:20","5320","18,802","0,856","3,496","10,62","712","15,00",
" 68/1","1 nov 2025 8:49:13","5368","18,828","0,856","3,434","9,76","705","15,00",
" 68/2","1 nov 2025 8:49:32","5376","18,820","0,856","3,510","10,56","714","15,00",
" 68/3","1 nov 2025 8:49:51","5384","18,818","0,856","3,480","10,46","706","15,00",
" 68/4","1 nov 2025 8:50:09","5392","18,816","0,854","3,480","10,27","710","15,00",
" 68/5","1 nov 2025 8:50:28","5400","18,814","0,858","3,498","10,56","713","15,00",
" 69/1","1 nov 2025 8:52:21","5448","18,808","0,854","3,492","10,20","704","14,99",
" 69/2","1 nov 2025 8:52:40","5456","18,804","0,852","3,448","10,56","701","15,00",
" 69/3","1 nov 2025 8:52:59","5464","18,812","0,856","3,520","10,32","714","14,99",
" 69/4","1 nov 2025 8:53:18","5472","18,806","0,856","3,514","10,08","701","15,00",
" 69/5","1 nov 2025 8:53:36","5480","18,806","0,854","3,494","10,40","705","15,00",
" 70/1","1 nov 2025 8:55:29","5528","18,798","0,852","3,482","10,26","708","15,00",
" 70/2","1 nov 2025 8:55:48","5536","18,806","0,854","3,504","10,54","713","15,00",
" 70/3","1 nov 2025 8:56:07","5544","18,822","0,856","3,460","10,39","709","15,00",
" 70/4","1 nov 2025 8:56:26","5552","18,812","0,854","3,512","10,28","706","15,00",
" 70/5","1 nov 2025 8:56:44","5560","18,812","0,856","3,504","10,40","711","15,00",
" 71/1","1 nov 2025 8:58:38","5608","18,818","0,856","3,472","9,99","710","15,00",
" 71/2","1 nov 2025 8:58:56","5616","18,820","0,856","3,500","10,29","705","14,99",
" 71/3","1 nov 2025 8:59:15","5624","18,804","0,854","3,514","10,56","716","15,00",
" 71/4","1 nov 2025 8:59:34","5632","18,806","0,856","3,490","10,07","703","15,00",
" 71/5","1 nov 2025 8:59:53","5640","18,814","0,854","3,520","10,03","705","14,99",
" 72/1","1 nov 2025 9:01:45","5688","18,808","0,854","3,490","10,42","713","15,00",
" 72/2","1 nov 2025 9:02:04","5696","18,798","0,854","3,456","10,36","714","15,00",
" 72/3","1 nov 2025 9:02:23","5704","18,818","0,856","3,476","10,50","712","15,00",
" 72/4","1 nov 2025 9:02:42","5712","18,822","0,856","3,480","10,34","710","14,99",
" 72/5","1 nov 2025 9:03:01","5720","18,804","0,854","3,484","10,52","705","14,99",
" 73/1","1 nov 2025 9:04:54","5768","18,804","0,856","3,524","10,24","709","15,00",
" 73/2","1 nov 2025 9:05:12","5776","18,806","0,854","3,480","10,43","710","15,00",
" 73/3","1 nov 2025 9:05:31","5784","18,806","0,854","3,500","10,20","704","15,00",
" 73/4","1 nov 2025 9:05:50","5792","18,802","0,852","3,484","9,90","701","15,00",
" 73/5","1 nov 2025 9:06:09","5800","18,798","0,854","3,556","10,56","712","15,00",
" 74/1","1 nov 2025 9:08:02","5848","18,800","0,852","3,538","10,48","711","15,00",
" 74/2","1 nov 2025 9:08:20","5856","18,820","0,856","3,484","10,63","722","15,00",
" 74/3","1 nov 2025 9:08:39","5864","18,794","0,852","3,492","9,66","706","15,00",
" 74/4","1 nov 2025 9:08:58","5872","18,810","0,852","3,556","8,94","705","15,00",
" 74/5","1 nov 2025 9:09:17","5880","18,808","0,854","3,636","10,46","715","15,00",
" 75/1","1 nov 2025 9:11:10","5928","18,816","0,856","3,488","10,22","704","14,99",
" 75/2","1 nov 2025 9:11:29","5936","18,808","0,852","3,494","10,40","715","15,00",
" 75/3","1 nov 2025 9:11:47","5944","18,798","0,856","3,482","10,50","704","15,00",
" 75/4","1 nov 2025 9:12:06","5952","18,794","0,852","3,476","10,29","704","15,00",
" 75/5","1 nov 2025 9:12:25","5960","18,792","0,852","3,528","10,05","696","15,00",
" 76/1","1 nov 2025 9:14:18","6008","18,800","0,854","3,524","9,96","708","15,00",
" 76/2","1 nov 2025 9:14:37","6016","18,820","0,856","3,522","10,37","707","15,00",
" 76/3","1 nov 2025 9:14:55","6024","18,810","0,856","3,510","10,56","714","15,00",
" 76/4","1 nov 2025 9:15:14","6032","18,800","0,854","3,472","9,14","686","15,00",
" 76/5","1 nov 2025 9:15:33","6040","18,800","0,854","3,612","10,05","701","15,00",
" 77/1","1 nov 2025 9:17:26","6088","18,818","0,856","3,476","10,11","715","15,00",
" 77/2","1 nov 2025 9:17:45","6096","18,818","0,854","3,494","10,20","709","15,00",
" 77/3","1 nov 2025 9:18:04","6104","18,808","0,854","3,504","10,33","703","15,00",
" 77/4","1 nov 2025 9:18:22","6112","18,806","0,852","3,528","10,58","716","15,00",
" 77/5","1 nov 2025 9:18:42","6120","18,810","0,854","3,492","10,18","706","15,00",
" 78/1","1 nov 2025 9:20:34","6168","18,798","0,854","3,500","9,66","702","14,99",
" 78/2","1 nov 2025 9:20:53","6176","18,810","0,856","3,528","10,59","714","15,00",
" 78/3","1 nov 2025 9:21:12","6184","18,816","0,854","3,482","10,46","708","15,00",
" 78/4","1 nov 2025 9:21:30","6192","18,794","0,854","3,498","10,32","703","14,99",
" 78/5","1 nov 2025 9:21:49","6200","18,806","0,856","3,470","10,52","711","15,00",
" 79/1","1 nov 2025 9:23:42","6248","18,808","0,854","3,532","10,18","709","15,00",
" 79/2","1 nov 2025 9:24:01","6256","18,822","0,856","3,520","10,36","706","15,00",
" 79/3","1 nov 2025 9:24:20","6264","18,798","0,856","3,486","10,36","711","15,00",
" 79/4","1 nov 2025 9:24:39","6272","18,806","0,854","3,494","9,88","701","15,00",
" 79/5","1 nov 2025 9:24:57","6280","18,816","0,854","3,526","10,56","715","15,00",
" 80/1","1 nov 2025 9:26:50","6328","18,802","0,852","3,494","10,46","704","15,00",
" 80/2","1 nov 2025 9:27:09","6336","18,804","0,854","3,484","10,24","712","15,00",
" 80/3","1 nov 2025 9:27:28","6344","18,808","0,854","3,534","9,66","705","15,00",
" 80/4","1 nov 2025 9:27:47","6352","18,808","0,856","3,564","9,80","706","15,00",
" 80/5","1 nov 2025 9:28:05","6360","18,796","0,856","3,544","10,59","715","15,00",
" 81/1","1 nov 2025 9:29:58","6408","18,816","0,856","3,510","10,65","714","15,00",
" 81/2","1 nov 2025 9:30:17","6416","18,818","0,854","3,488","10,22","706","15,00",
" 81/3","1 nov 2025 9:30:36","6424","18,808","0,856","3,510","9,97","701","15,00",
" 81/4","1 nov 2025 9:30:55","6432","18,810","0,854","3,550","10,35","706","15,00",
" 81/5","1 nov 2025 9:31:14","6440","18,822","0,856","3,466","10,71","708","15,00",
" 82/1","1 nov 2025 9:33:06","6488","18,818","0,856","3,512","10,61","714","14,99",
" 82/2","1 nov 2025 9:33:25","6496","18,816","0,856","3,472","10,47","713","14,99",
" 82/3","1 nov 2025 9:33:44","6504","18,806","0,854","3,484","10,33","705","15,00",
" 82/4","1 nov 2025 9:34:03","6512","18,806","0,854","3,492","10,47","709","15,00",
" 82/5","1 nov 2025 9:34:22","6520","18,810","0,856","3,514","10,43","715","15,00",
" 83/1","1 nov 2025 9:36:15","6568","18,822","0,858","3,488","10,59","717","15,00",
" 83/2","1 nov 2025 9:36:33","6576","18,808","0,854","3,440","9,98","709","15,00",
" 83/3","1 nov 2025 9:36:52","6584","18,824","0,856","3,518","9,43","712","15,00",
" 83/4","1 nov 2025 9:37:11","6592","18,808","0,854","3,560","10,45","712","15,00",
" 83/5","1 nov 2025 9:37:30","6600","18,802","0,854","3,486","10,46","707","15,00",
" 84/1","1 nov 2025 9:39:23","6648","18,790","0,854","3,468","10,59","710","15,00",
" 84/2","1 nov 2025 9:39:41","6656","18,820","0,862","3,498","10,77","710","15,00",
" 84/3","1 nov 2025 9:40:00","6664","18,796","0,852","3,436","10,23","708","15,00",
" 84/4","1 nov 2025 9:40:19","6672","18,816","0,852","3,488","10,24","696","15,00",
" 84/5","1 nov 2025 9:40:38","6680","18,808","0,852","3,490","9,52","696","15,00",
" 85/1","1 nov 2025 9:42:31","6728","18,816","0,852","3,502","10,35","700","15,00",
" 85/2","1 nov 2025 9:42:50","6736","18,810","0,856","3,490","10,10","698","15,00",
" 85/3","1 nov 2025 9:43:08","6744","18,802","0,854","3,482","10,09","700","15,00",
" 85/4","1 nov 2025 9:43:27","6752","18,804","0,852","3,506","10,34","696","15,00",
" 85/5","1 nov 2025 9:43:46","6760","18,798","0,852","3,484","10,06","705","15,00",
" 86/1","1 nov 2025 9:45:39","6808","18,800","0,854","3,464","10,30","697","15,00",
" 86/2","1 nov 2025 9:45:58","6816","18,806","0,848","3,454","10,03","696","15,00",
" 86/3","1 nov 2025 9:46:16","6824","18,796","0,846","3,458","10,05","705","14,99",
" 86/4","1 nov 2025 9:46:35","6832","18,810","0,852","3,498","10,39","707","14,99",
" 86/5","1 nov 2025 9:46:54","6840","18,788","0,854","3,462","10,30","708","15,00",
" 87/1","1 nov 2025 9:48:47","6888","18,814","0,860","3,508","10,19","702","14,99",
" 87/2","1 nov 2025 9:49:06","6896","18,800","0,856","3,488","10,28","706","15,00",
" 87/3","1 nov 2025 9:49:25","6904","18,814","0,856","3,504","10,49","715","15,00",
" 87/4","1 nov 2025 9:49:43","6912","18,814","0,856","3,482","9,62","706","15,00",
" 87/5","1 nov 2025 9:50:02","6920","18,814","0,856","3,542","9,96","706","15,00",
" 88/1","1 nov 2025 9:51:55","6968","18,808","0,852","3,454","10,28","705","15,00",
" 88/2","1 nov 2025 9:52:14","6976","18,814","0,854","3,492","10,34","706","15,00",
" 88/3","1 nov 2025 9:52:33","6984","18,800","0,854","3,452","10,18","708","15,00",
" 88/4","1 nov 2025 9:52:51","6992","18,802","0,854","3,468","10,40","703","15,00",
" 88/5","1 nov 2025 9:53:10","7000","18,820","0,854","3,480","10,30","708","15,00",
" 89/1","1 nov 2025 9:55:04","7048","18,792","0,848","3,488","10,23","705","14,99",
" 89/2","1 nov 2025 9:55:22","7056","18,792","0,858","3,502","10,06","712","15,00",
" 89/3","1 nov 2025 9:55:41","7064","18,808","0,852","3,524","10,26","709","15,00",
" 89/4","1 nov 2025 9:55:59","7072","18,814","0,856","3,466","10,58","716","15,00",
" 89/5","1 nov 2025 9:56:18","7080","18,810","0,856","3,462","10,53","715","15,00",
" 90/1","1 nov 2025 9:58:11","7128","18,812","0,854","3,436","10,56","715","15,00",
" 90/2","1 nov 2025 9:58:30","7136","18,806","0,854","3,460","10,38","708","15,00",
" 90/3","1 nov 2025 9:58:49","7144","18,798","0,854","3,472","10,60","713","15,00",
" 90/4","1 nov 2025 9:59:08","7152","18,814","0,854","3,482","10,44","713","15,00",
" 90/5","1 nov 2025 9:59:26","7160","18,804","0,854","3,488","10,26","711","14,99",
" 91/1","1 nov 2025 10:01:19","7208","18,804","0,854","3,424","9,90","695","15,00",
" 91/2","1 nov 2025 10:01:38","7216","18,808","0,856","3,514","10,59","710","15,00",
" 91/3","1 nov 2025 10:01:57","7224","18,810","0,858","3,456","9,88","699","14,99",
" 91/4","1 nov 2025 10:02:16","7232","18,804","0,852","3,468","10,10","704","14,99",
" 91/5","1 nov 2025 10:02:34","7240","18,808","0,852","3,520","10,32","711","15,00",
" 92/1","1 nov 2025 10:04:27","7288","18,800","0,852","3,466","10,37","707","15,00",
" 92/2","1 nov 2025 10:04:46","7296","18,812","0,854","3,450","9,75","702","14,99",
" 92/3","1 nov 2025 10:05:05","7304","18,812","0,852","3,542","9,78","701","15,00",
" 92/4","1 nov 2025 10:05:24","7312","18,812","0,854","3,500","10,41","708","15,00",
" 92/5","1 nov 2025 10:05:43","7320","18,798","0,850","3,482","10,14","702","15,00",
" 93/1","1 nov 2025 10:07:35","7368","18,808","0,852","3,478","10,14","703","15,00",
" 93/2","1 nov 2025 10:07:54","7376","18,810","0,854","3,492","10,35","713","15,00",
" 93/3","1 nov 2025 10:08:13","7384","18,808","0,850","3,460","10,28","708","14,99",
" 93/4","1 nov 2025 10:08:32","7392","18,808","0,854","3,466","10,18","707","15,00",
" 93/5","1 nov 2025 10:08:51","7400","18,822","0,856","3,484","10,37","713","15,00",
" 94/1","1 nov 2025 10:10:43","7448","18,796","0,852","3,510","10,18","703","14,99",
" 94/2","1 nov 2025 10:11:02","7456","18,788","0,852","3,468","10,34","703","15,00",
" 94/3","1 nov 2025 10:11:21","7464","18,796","0,852","3,464","9,65","695","14,99",
" 94/4","1 nov 2025 10:11:40","7472","18,822","0,854","3,536","9,36","696","15,00",
" 94/5","1 nov 2025 10:11:59","7480","18,802","0,854","3,508","10,07","701","15,00",
" 95/1","1 nov 2025 10:20:01","7488","18,936","0,852","3,406","10,02","709","15,00",
" 95/2","1 nov 2025 10:20:20","7496","18,948","0,852","3,316","10,09","709","15,00",
" 95/3","1 nov 2025 10:20:39","7504","18,942","0,854","3,336","10,48","722","15,00",
" 95/4","1 nov 2025 10:20:58","7512","18,940","0,852","3,360","9,89","703","14,99",
" 95/5","1 nov 2025 10:21:17","7520","18,950","0,862","3,406","10,41","728","14,99",
" 96/1","1 nov 2025 10:23:11","7568","18,930","0,852","3,504","10,16","705","15,00",
" 96/2","1 nov 2025 10:23:30","7576","18,938","0,854","3,466","9,66","692","15,00",
" 96/3","1 nov 2025 10:23:49","7584","18,938","0,854","3,478","9,83","707","15,00",
" 96/4","1 nov 2025 10:24:07","7592","18,930","0,858","3,522","9,85","707","14,99",
" 96/5","1 nov 2025 10:24:26","7600","18,922","0,854","3,570","10,73","730","15,00",
" 97/1","1 nov 2025 10:26:20","7648","18,944","0,858","3,478","10,85","723","15,00",
" 97/2","1 nov 2025 10:26:39","7656","18,944","0,862","3,468","10,25","717","15,00",
" 97/3","1 nov 2025 10:26:58","7664","18,946","0,860","3,568","9,45","703","14,99",
" 97/4","1 nov 2025 10:27:17","7672","18,944","0,856","3,598","10,63","725","15,00",
" 97/5","1 nov 2025 10:27:36","7680","18,940","0,862","3,518","11,00","736","15,00",
" 98/1","1 nov 2025 10:29:29","7728","18,940","0,856","3,482","10,78","722","15,00",
" 98/2","1 nov 2025 10:29:48","7736","18,920","0,856","3,462","10,49","714","14,99",
" 98/3","1 nov 2025 10:30:07","7744","18,936","0,854","3,494","10,72","713","15,00",
" 98/4","1 nov 2025 10:30:26","7752","18,930","0,852","3,490","10,72","718","15,00",
" 98/5","1 nov 2025 10:30:45","7760","18,938","0,854","3,454","10,34","708","15,00",
" 99/1","1 nov 2025 10:32:39","7808","18,912","0,854","3,512","10,80","717","14,99",
" 99/2","1 nov 2025 10:32:58","7816","18,934","0,856","3,472","10,53","717","15,00",
" 99/3","1 nov 2025 10:33:17","7824","18,938","0,856","3,508","10,63","708","14,99",
" 99/4","1 nov 2025 10:33:36","7832","18,922","0,854","3,474","10,75","711","15,00",
" 99/5","1 nov 2025 10:33:54","7840","18,920","0,854","3,462","10,47","706","14,99",
" 100/1","1 nov 2025 10:35:48","7888","18,940","0,860","3,496","10,78","716","15,00",
" 100/2","1 nov 2025 10:36:08","7896","18,922","0,854","3,482","10,67","710","15,00",
" 100/3","1 nov 2025 10:36:26","7904","18,934","0,858","3,494","10,52","711","15,00",
" 100/4","1 nov 2025 10:36:45","7912","18,926","0,858","3,442","10,67","719","15,00",
" 100/5","1 nov 2025 10:37:04","7920","18,932","0,858","3,516","10,31","720","15,00",
" 101/1","1 nov 2025 10:38:57","7968","18,932","0,854","3,494","10,50","712","15,00",
" 101/2","1 nov 2025 10:39:16","7976","18,930","0,854","3,480","10,00","710","15,00",
" 101/3","1 nov 2025 10:39:35","7984","18,924","0,854","3,520","10,25","707","15,00",
" 101/4","1 nov 2025 10:39:54","7992","18,922","0,854","3,482","10,44","712","14,99",
" 101/5","1 nov 2025 10:40:13","8000","18,920","0,852","3,474","10,24","698","15,00",
" 102/1","1 nov 2025 10:42:07","8048","18,940","0,852","3,442","9,73","698","15,00",
" 102/2","1 nov 2025 10:42:26","8056","18,918","0,854","3,520","10,11","703","15,00",
" 102/3","1 nov 2025 10:42:45","8064","18,934","0,858","3,496","10,55","721","14,99",
" 102/4","1 nov 2025 10:43:03","8072","18,926","0,844","3,482","9,43","701","15,00",
" 102/5","1 nov 2025 10:43:22","8080","18,930","0,862","3,592","10,21","712","14,99",
" 103/1","1 nov 2025 10:45:16","8128","18,924","0,852","3,506","10,18","700","15,00",
" 103/2","1 nov 2025 10:45:35","8136","18,916","0,854","3,500","10,22","708","15,00",
" 103/3","1 nov 2025 10:45:54","8144","18,914","0,854","3,522","10,47","702","15,00",
" 103/4","1 nov 2025 10:46:13","8152","18,930","0,854","3,508","10,63","716","14,99",
" 103/5","1 nov 2025 10:46:32","8160","18,934","0,850","3,494","9,91","708","15,00",
" 104/1","1 nov 2025 10:48:25","8208","18,934","0,856","3,468","10,47","714","15,00",
" 104/2","1 nov 2025 10:48:44","8216","18,936","0,856","3,450","10,61","714","15,00",
" 104/3","1 nov 2025 10:49:03","8224","18,908","0,856","3,492","10,74","720","15,00",
" 104/4","1 nov 2025 10:49:22","8232","18,924","0,854","3,488","10,36","714","15,00",
" 104/5","1 nov 2025 10:49:41","8240","18,946","0,868","3,442","10,78","731","15,00",
" 105/1","1 nov 2025 10:51:35","8288","18,916","0,854","3,508","10,56","705","15,00",
" 105/2","1 nov 2025 10:51:54","8296","18,916","0,856","3,458","10,36","708","15,00",
" 105/3","1 nov 2025 10:52:12","8304","18,926","0,854","3,488","10,09","704","15,00",
" 105/4","1 nov 2025 10:52:31","8312","18,946","0,864","3,490","10,65","717","14,99",
" 105/5","1 nov 2025 10:52:50","8320","18,928","0,856","3,470","10,30","703","15,00",
" 106/1","1 nov 2025 10:54:44","8368","18,922","0,864","3,458","10,48","727","15,00",
" 106/2","1 nov 2025 10:55:03","8376","18,926","0,852","3,468","10,45","704","15,00",
" 106/3","1 nov 2025 10:55:22","8384","18,930","0,854","3,476","10,56","720","15,00",
" 106/4","1 nov 2025 10:55:41","8392","18,926","0,860","3,434","9,90","700","15,00",
" 106/5","1 nov 2025 10:56:00","8400","18,920","0,850","3,518","10,39","712","15,00",
" 107/1","1 nov 2025 10:57:53","8448","18,928","0,862","3,410","10,36","708","15,00",
" 107/2","1 nov 2025 10:58:12","8456","18,914","0,850","3,448","10,09","700","15,00",
" 107/3","1 nov 2025 10:58:31","8464","18,920","0,854","3,486","10,77","712","15,00",
" 107/4","1 nov 2025 10:58:50","8472","18,940","0,868","3,484","10,44","713","15,00",
" 107/5","1 nov 2025 10:59:09","8480","18,934","0,858","3,428","10,09","692","15,00",
" 108/1","1 nov 2025 11:01:02","8528","18,928","0,856","3,488","10,62","710","15,00",
" 108/2","1 nov 2025 11:01:21","8536","18,940","0,858","3,482","10,57","714","15,00",
" 108/3","1 nov 2025 11:01:40","8544","18,910","0,846","3,452","10,07","708","15,00",
" 108/4","1 nov 2025 11:01:59","8552","18,918","0,852","3,482","10,72","713","15,00",
" 108/5","1 nov 2025 11:02:18","8560","18,918","0,850","3,460","10,07","699","15,00",
" 109/1","1 nov 2025 11:04:12","8608","18,934","0,854","3,494","10,68","716","15,00",
" 109/2","1 nov 2025 11:04:31","8616","18,920","0,846","3,382","9,82","697","15,00",
" 109/3","1 nov 2025 11:04:50","8624","18,942","0,866","3,554","10,65","735","15,00",
" 109/4","1 nov 2025 11:05:09","8632","18,928","0,856","3,486","10,84","724","15,00",
" 109/5","1 nov 2025 11:05:28","8640","18,938","0,856","3,442","10,66","712","15,00",
" 110/1","1 nov 2025 11:07:21","8688","18,944","0,872","3,458","10,41","719","15,00",
" 110/2","1 nov 2025 11:07:40","8696","18,934","0,852","3,472","10,43","705","15,00",
" 110/3","1 nov 2025 11:07:59","8704","18,950","0,866","3,480","10,74","728","15,00",
" 110/4","1 nov 2025 11:08:18","8712","18,938","0,858","3,470","10,56","712","15,00",
" 110/5","1 nov 2025 11:08:37","8720","18,922","0,854","3,488","10,52","721","14,99",
" 111/1","1 nov 2025 11:10:30","8768","18,936","0,862","3,520","10,82","727","15,00",
" 111/2","1 nov 2025 11:10:49","8776","18,936","0,858","3,470","10,31","712","15,00",
" 111/3","1 nov 2025 11:11:08","8784","18,938","0,862","3,554","9,95","704","14,99",
" 111/4","1 nov 2025 11:11:27","8792","18,944","0,858","3,506","10,17","708","15,00",
" 111/5","1 nov 2025 11:11:46","8800","18,946","0,864","3,534","10,85","734","15,00",
" 112/1","1 nov 2025 11:13:40","8848","18,920","0,862","3,540","10,99","726","15,00",
" 112/2","1 nov 2025 11:13:59","8856","18,932","0,854","3,416","10,26","707","15,00",
" 112/3","1 nov 2025 11:14:18","8864","18,932","0,856","3,464","10,67","713","15,00",
" 112/4","1 nov 2025 11:14:37","8872","18,942","0,856","3,458","10,31","711","15,00",
" 112/5","1 nov 2025 11:14:56","8880","18,932","0,852","3,464","10,43","716","15,00",
" 113/1","1 nov 2025 11:16:49","8928","18,934","0,858","3,502","10,82","713","15,00",
" 113/2","1 nov 2025 11:17:08","8936","18,912","0,858","3,390","10,05","711","15,00",
" 113/3","1 nov 2025 11:17:27","8944","18,926","0,860","3,482","10,43","705","15,00",
" 113/4","1 nov 2025 11:17:46","8952","18,936","0,854","3,470","10,51","713","14,99",
" 113/5","1 nov 2025 11:18:05","8960","18,918","0,854","3,500","10,35","710","15,00",
" 114/1","1 nov 2025 11:19:58","9008","18,930","0,856","3,478","10,62","710","15,00",
" 114/2","1 nov 2025 11:20:18","9016","18,922","0,858","3,458","10,76","711","15,00",
" 114/3","1 nov 2025 11:20:36","9024","18,942","0,860","3,476","10,63","720","15,00",
" 114/4","1 nov 2025 11:20:55","9032","18,922","0,854","3,436","10,58","716","15,00",
" 114/5","1 nov 2025 11:21:14","9040","18,926","0,854","3,418","10,44","708","14,99",
" 115/1","1 nov 2025 11:23:08","9088","18,924","0,858","3,498","10,22","710","15,00",
" 115/2","1 nov 2025 11:23:27","9096","18,930","0,854","3,526","10,04","709","15,00",
" 115/3","1 nov 2025 11:23:46","9104","18,938","0,856","3,538","10,75","721","15,00",
" 115/4","1 nov 2025 11:24:05","9112","18,938","0,854","3,482","10,51","713","15,00",
" 115/5","1 nov 2025 11:24:24","9120","18,918","0,850","3,460","9,85","709","14,99",
" 116/1","1 nov 2025 11:26:17","9168","18,926","0,862","3,504","10,92","728","15,00",
" 116/2","1 nov 2025 11:26:36","9176","18,908","0,850","3,370","10,18","713","15,00",
" 116/3","1 nov 2025 11:26:55","9184","18,934","0,868","3,540","10,64","730","14,99",
" 116/4","1 nov 2025 11:27:14","9192","18,924","0,856","3,416","9,73","706","15,00",
" 116/5","1 nov 2025 11:27:33","9200","18,884","0,830","3,540","10,65","735","15,00",
" 117/1","1 nov 2025 11:29:26","9248","18,926","0,860","3,542","10,45","709","15,00",
" 117/2","1 nov 2025 11:29:45","9256","18,928","0,862","3,502","10,93","726","15,00",
" 117/3","1 nov 2025 11:30:04","9264","18,954","0,874","3,422","10,65","718","15,00",
" 117/4","1 nov 2025 11:30:23","9272","18,914","0,852","3,460","10,54","703","15,00",
" 117/5","1 nov 2025 11:30:42","9280","18,898","0,832","3,406","10,12","697","15,00",
" 118/1","1 nov 2025 11:32:35","9328","18,926","0,858","3,486","10,67","718","15,00",
" 118/2","1 nov 2025 11:32:54","9336","18,936","0,856","3,452","10,52","711","15,00",
" 118/3","1 nov 2025 11:33:13","9344","18,918","0,856","3,472","10,76","720","15,00",
" 118/4","1 nov 2025 11:33:32","9352","18,922","0,850","3,456","10,41","717","15,00",
" 118/5","1 nov 2025 11:33:51","9360","18,946","0,864","3,484","10,67","730","14,99",
" 119/1","1 nov 2025 11:35:45","9408","18,912","0,858","3,456","10,82","728","14,99",
" 119/2","1 nov 2025 11:36:04","9416","18,916","0,852","3,452","9,98","703","15,00",
" 119/3","1 nov 2025 11:36:23","9424","18,928","0,860","3,520","10,03","702","14,99",
" 119/4","1 nov 2025 11:36:42","9432","18,928","0,856","3,500","10,73","717","15,00",
" 119/5","1 nov 2025 11:37:00","9440","18,936","0,874","3,436","10,19","714","15,00",
" 120/1","1 nov 2025 11:38:54","9488","18,934","0,856","3,442","10,44","704","15,00",
" 120/2","1 nov 2025 11:39:13","9496","18,920","0,858","3,460","10,79","722","15,00",
" 120/3","1 nov 2025 11:39:32","9504","18,926","0,856","3,412","10,57","705","15,00",
" 120/4","1 nov 2025 11:39:51","9512","18,916","0,842","3,450","10,55","708","14,99",
" 120/5","1 nov 2025 11:40:10","9520","18,926","0,860","3,474","10,91","733","15,00",
" 121/1","1 nov 2025 11:42:03","9568","18,924","0,854","3,460","10,63","721","15,00",
" 121/2","1 nov 2025 11:42:22","9576","18,924","0,860","3,464","10,39","721","15,00",
" 121/3","1 nov 2025 11:42:41","9584","18,914","0,856","3,448","10,55","718","15,00",
" 121/4","1 nov 2025 11:43:00","9592","18,944","0,858","3,452","10,51","706","15,00",
" 121/5","1 nov 2025 11:43:19","9600","18,920","0,846","3,460","10,80","722","15,00",
" 122/1","1 nov 2025 11:45:13","9648","18,916","0,856","3,482","10,38","711","15,00",
" 122/2","1 nov 2025 11:45:32","9656","18,946","0,858","3,472","10,39","716","15,00",
" 122/3","1 nov 2025 11:45:50","9664","18,914","0,854","3,472","10,84","722","14,99",
" 122/4","1 nov 2025 11:46:09","9672","18,908","0,836","3,448","10,42","711","15,00",
" 122/5","1 nov 2025 11:46:29","9680","18,942","0,858","3,492","10,69","723","14,99",
" 123/1","1 nov 2025 11:48:22","9728","18,928","0,856","3,464","10,70","724","15,00",
" 123/2","1 nov 2025 11:48:41","9736","18,938","0,862","3,444","10,04","713","14,99",
" 123/3","1 nov 2025 11:49:00","9744","18,946","0,860","3,530","10,78","716","15,00",
" 123/4","1 nov 2025 11:49:19","9752","18,916","0,850","3,472","10,12","703","15,00",
" 123/5","1 nov 2025 11:49:38","9760","18,934","0,862","3,504","10,31","710","15,00",
" 124/1","1 nov 2025 11:51:31","9808","18,926","0,856","3,456","10,42","715","15,00",
" 124/2","1 nov 2025 11:51:50","9816","18,932","0,854","3,452","10,67","720","15,00",
" 124/3","1 nov 2025 11:52:09","9824","18,936","0,854","3,458","10,24","711","15,00",
" 124/4","1 nov 2025 11:52:28","9832","18,924","0,854","3,462","10,37","709","15,00",
" 124/5","1 nov 2025 11:52:47","9840","18,936","0,854","3,508","10,72","714","14,99",
" 125/1","1 nov 2025 11:54:41","9888","18,914","0,854","3,438","10,43","712","15,00",
" 125/2","1 nov 2025 11:54:59","9896","18,920","0,854","3,454","10,70","718","15,00",
" 125/3","1 nov 2025 11:55:18","9904","18,922","0,854","3,470","10,46","693","14,99",
" 125/4","1 nov 2025 11:55:37","9912","18,924","0,854","3,414","10,51","718","15,00",
" 125/5","1 nov 2025 11:55:57","9920","18,940","0,854","3,460","10,50","718","15,00",
" 126/1","1 nov 2025 11:57:50","9968","18,932","0,854","3,486","10,59","705","15,00",
" 126/2","1 nov 2025 11:58:09","9976","18,924","0,852","3,466","10,50","711","14,99",
" 126/3","1 nov 2025 11:58:28","9984","18,928","0,854","3,468","10,30","707","14,99",
" 126/4","1 nov 2025 11:58:47","9992","18,930","0,852","3,458","10,51","714","15,00",
" 126/5","1 nov 2025 11:59:06","10000","18,922","0,856","3,500","10,80","712","15,00",
" 127/1","1 nov 2025 12:00:59","10048","18,924","0,854","3,466","10,46","716","15,00",
" 127/2","1 nov 2025 12:01:19","10056","18,934","0,854","3,466","10,52","711","15,00",
" 127/3","1 nov 2025 12:01:37","10064","18,928","0,854","3,472","10,43","706","15,00",
" 127/4","1 nov 2025 12:01:56","10072","18,922","0,854","3,520","9,81","708","15,00",
" 127/5","1 nov 2025 12:02:15","10080","18,932","0,858","3,534","9,95","703","15,00",
" 128/1","1 nov 2025 12:04:09","10128","18,926","0,854","3,504","10,86","717","15,00",
" 128/2","1 nov 2025 12:04:27","10136","18,926","0,848","3,444","10,33","713","15,00",
" 128/3","1 nov 2025 12:04:46","10144","18,934","0,856","3,476","10,52","706","15,00",
" 128/4","1 nov 2025 12:05:05","10152","18,928","0,858","3,358","8,93","698","15,00",
" 128/5","1 nov 2025 12:05:24","10160","18,930","0,858","3,602","10,69","726","15,00",
" 129/1","1 nov 2025 12:07:18","10208","18,924","0,852","3,484","10,82","727","15,00",
" 129/2","1 nov 2025 12:07:37","10216","18,918","0,852","3,398","9,98","707","15,00",
" 129/3","1 nov 2025 12:07:55","10224","18,920","0,854","3,502","10,69","710","15,00",
" 129/4","1 nov 2025 12:08:14","10232","18,942","0,852","3,462","10,63","715","15,00",
" 129/5","1 nov 2025 12:08:33","10240","18,932","0,856","3,436","10,31","717","14,99",
" 130/1","1 nov 2025 12:10:27","10288","18,928","0,860","3,514","10,59","714","15,00",
" 130/2","1 nov 2025 12:10:46","10296","18,922","0,854","3,438","10,97","728","15,00",
" 130/3","1 nov 2025 12:11:05","10304","18,930","0,862","3,412","10,48","721","14,99",
" 130/4","1 nov 2025 12:11:24","10312","18,928","0,862","3,462","10,93","736","15,00",
" 130/5","1 nov 2025 12:11:43","10320","18,930","0,858","3,428","10,76","726","15,00",
" 131/1","1 nov 2025 12:13:36","10368","18,912","0,850","3,438","10,29","717","15,00",
" 131/2","1 nov 2025 12:13:55","10376","18,928","0,848","3,488","10,56","714","15,00",
" 131/3","1 nov 2025 12:14:14","10384","18,922","0,840","3,410","10,07","706","15,00",
" 131/4","1 nov 2025 12:14:33","10392","18,904","0,844","3,472","10,77","725","15,00",
" 131/5","1 nov 2025 12:14:52","10400","18,930","0,856","3,426","10,41","715","15,00",
" 132/1","1 nov 2025 12:16:46","10448","18,936","0,860","3,356","10,97","720","15,00",
" 132/2","1 nov 2025 12:17:04","10456","18,938","0,848","3,356","9,79","709","14,99",
" 132/3","1 nov 2025 12:17:23","10464","18,918","0,852","3,504","10,31","712","15,00",
" 132/4","1 nov 2025 12:17:42","10472","18,924","0,858","3,438","9,55","700","15,00",
" 132/5","1 nov 2025 12:18:01","10480","18,918","0,858","3,530","10,66","718","15,00",
" 133/1","1 nov 2025 12:19:55","10528","18,928","0,858","3,424","10,01","702","14,99",
" 133/2","1 nov 2025 12:20:14","10536","18,924","0,850","3,464","9,51","697","15,00",
" 133/3","1 nov 2025 12:20:33","10544","18,922","0,852","3,526","10,40","703","15,00",
" 133/4","1 nov 2025 12:20:52","10552","18,928","0,854","3,452","10,33","707","14,99",
" 133/5","1 nov 2025 12:21:10","10560","18,922","0,856","3,426","10,31","716","15,00",
" 134/1","1 nov 2025 12:23:04","10608","18,910","0,852","3,420","9,99","706","15,00",
" 134/2","1 nov 2025 12:23:23","10616","18,908","0,854","3,490","10,65","710","15,00",
" 134/3","1 nov 2025 12:23:42","10624","18,930","0,856","3,430","10,33","709","15,00",
" 134/4","1 nov 2025 12:24:01","10632","18,920","0,856","3,444","10,27","703","15,00",
" 134/5","1 nov 2025 12:24:20","10640","18,932","0,854","3,466","10,42","704","14,99",
" 135/1","1 nov 2025 12:26:13","10688","18,914","0,852","3,474","10,59","719","15,00",
" 135/2","1 nov 2025 12:26:32","10696","18,920","0,854","3,430","10,27","709","15,00",
" 135/3","1 nov 2025 12:26:51","10704","18,946","0,866","3,428","10,84","731","15,00",
" 135/4","1 nov 2025 12:27:10","10712","18,934","0,854","3,344","9,36","684","15,00",
" 135/5","1 nov 2025 12:27:29","10720","18,926","0,852","3,542","10,23","711","15,00",
" 136/1","1 nov 2025 12:29:22","10768","18,922","0,854","3,422","10,29","714","15,00",
" 136/2","1 nov 2025 12:29:41","10776","18,920","0,854","3,440","10,52","719","15,00",
" 136/3","1 nov 2025 12:30:01","10784","18,924","0,852","3,442","10,45","712","15,00",
" 136/4","1 nov 2025 12:30:19","10792","18,918","0,856","3,430","9,73","698","15,00",
" 136/5","1 nov 2025 12:30:39","10800","18,912","0,854","3,534","10,83","731","14,99",
" 137/1","1 nov 2025 12:32:32","10848","18,926","0,854","3,414","10,10","706","14,99",
" 137/2","1 nov 2025 12:32:51","10856","18,920","0,852","3,466","10,56","711","15,00",
" 137/3","1 nov 2025 12:33:10","10864","18,926","0,856","3,458","10,44","713","15,00",
" 137/4","1 nov 2025 12:33:28","10872","18,926","0,854","3,444","10,61","718","14,99",
" 137/5","1 nov 2025 12:33:47","10880","18,940","0,854","3,478","10,69","723","15,00",
" 138/1","1 nov 2025 12:35:41","10928","18,926","0,854","3,436","10,87","729","14,99",
" 138/2","1 nov 2025 12:36:00","10936","18,932","0,856","3,424","10,41","715","15,00",
" 138/3","1 nov 2025 12:36:19","10944","18,922","0,854","3,452","10,63","717","15,00",
" 138/4","1 nov 2025 12:36:38","10952","18,930","0,856","3,474","10,54","721","14,99",
" 138/5","1 nov 2025 12:36:57","10960","18,928","0,852","3,472","10,31","706","15,00",
" 139/1","1 nov 2025 12:38:50","11008","18,926","0,852","3,430","10,74","711","14,99",
" 139/2","1 nov 2025 12:39:09","11016","18,924","0,854","3,436","10,42","713","14,99",
" 139/3","1 nov 2025 12:39:29","11024","18,914","0,852","3,452","10,46","717","15,00",
" 139/4","1 nov 2025 12:39:47","11032","18,920","0,854","3,410","10,39","717","15,00",
" 139/5","1 nov 2025 12:40:07","11040","18,932","0,854","3,450","9,64","704","15,00",
" 140/1","1 nov 2025 12:41:59","11088","18,924","0,854","3,454","10,77","720","15,00",
" 140/2","1 nov 2025 12:42:18","11096","18,936","0,854","3,422","10,70","720","15,00",
" 140/3","1 nov 2025 12:42:37","11104","18,934","0,856","3,416","10,52","715","15,00",
" 140/4","1 nov 2025 12:42:56","11112","18,926","0,856","3,472","10,56","718","15,00",
" 140/5","1 nov 2025 12:43:15","11120","18,922","0,856","3,450","10,26","712","15,00",
" 141/1","1 nov 2025 12:45:09","11168","18,930","0,854","3,446","10,72","720","15,00",
" 141/2","1 nov 2025 12:45:28","11176","18,916","0,854","3,428","10,34","712","15,00",
" 141/3","1 nov 2025 12:45:47","11184","18,928","0,852","3,428","10,54","708","15,00",
" 141/4","1 nov 2025 12:46:06","11192","18,936","0,854","3,434","10,47","720","15,00",
" 141/5","1 nov 2025 12:46:25","11200","18,922","0,854","3,428","10,65","724","15,00",
" 142/1","1 nov 2025 12:48:18","11248","18,940","0,854","3,456","10,41","722","14,99",
" 142/2","1 nov 2025 12:48:37","11256","18,932","0,856","3,458","10,48","714","15,00",
" 142/3","1 nov 2025 12:48:56","11264","18,934","0,856","3,440","10,55","716","15,00",
" 142/4","1 nov 2025 12:49:15","11272","18,916","0,852","3,406","10,24","717","15,00",
" 142/5","1 nov 2025 12:49:34","11280","18,922","0,854","3,456","10,16","704","14,99",
" 143/1","1 nov 2025 12:51:27","11328","18,936","0,864","3,502","10,55","720","15,00",
" 143/2","1 nov 2025 12:51:46","11336","18,942","0,868","3,458","10,26","702","15,00",
" 143/3","1 nov 2025 12:52:05","11344","18,936","0,854","3,438","10,32","712","15,00",
" 143/4","1 nov 2025 12:52:24","11352","18,928","0,846","3,406","9,63","702","15,00",
" 143/5","1 nov 2025 12:52:43","11360","18,918","0,850","3,540","10,51","716","15,00",
" 144/1","1 nov 2025 12:54:37","11408","18,910","0,854","3,428","10,10","707","15,00",
" 144/2","1 nov 2025 12:54:56","11416","18,908","0,854","3,416","10,27","707","15,00",
" 144/3","1 nov 2025 12:55:14","11424","18,936","0,852","3,418","9,40","693","15,00",
" 144/4","1 nov 2025 12:55:33","11432","18,928","0,852","3,476","10,14","708","15,00",
" 144/5","1 nov 2025 12:55:52","11440","18,920","0,854","3,454","10,24","701","15,00",
" 145/1","1 nov 2025 12:57:46","11488","18,924","0,850","3,462","10,24","708","15,00",
" 145/2","1 nov 2025 12:58:05","11496","18,928","0,854","3,464","10,10","702","15,00",
" 145/3","1 nov 2025 12:58:24","11504","18,932","0,854","3,464","10,20","708","15,00",
" 145/4","1 nov 2025 12:58:43","11512","18,922","0,852","3,418","10,44","706","15,00",
" 145/5","1 nov 2025 12:59:02","11520","18,928","0,852","3,428","10,25","712","15,00",
" 146/1","1 nov 2025 13:00:56","11568","18,928","0,854","3,442","10,48","714","15,00",
" 146/2","1 nov 2025 13:01:15","11576","18,914","0,852","3,418","9,95","707","14,99",
" 146/3","1 nov 2025 13:01:33","11584","18,920","0,854","3,466","10,58","716","15,00",
" 146/4","1 nov 2025 13:01:52","11592","18,926","0,854","3,430","10,29","713","14,99",
" 146/5","1 nov 2025 13:02:11","11600","18,930","0,854","3,436","10,62","727","15,00",
" 147/1","1 nov 2025 13:04:04","11648","18,916","0,850","3,420","10,46","712","15,00",
" 147/2","1 nov 2025 13:04:23","11656","18,930","0,856","3,414","10,35","713","15,00",
" 147/3","1 nov 2025 13:04:42","11664","18,926","0,854","3,458","10,01","708","15,00",
" 147/4","1 nov 2025 13:05:01","11672","18,934","0,854","3,442","9,97","706","15,00",
" 147/5","1 nov 2025 13:05:20","11680","18,932","0,854","3,498","10,53","717","15,00",
" 148/1","1 nov 2025 13:07:14","11728","18,930","0,854","3,430","10,48","723","15,00",
" 148/2","1 nov 2025 13:07:33","11736","18,934","0,856","3,490","10,63","722","15,00",
" 148/3","1 nov 2025 13:07:52","11744","18,916","0,854","3,458","10,41","713","15,00",
" 148/4","1 nov 2025 13:08:12","11752","18,904","0,854","3,438","10,75","723","15,00",
" 148/5","1 nov 2025 13:08:30","11760","18,920","0,860","3,412","10,16","706","15,00",
" 149/1","1 nov 2025 13:10:23","11808","18,948","0,856","3,434","10,29","713","14,99",
" 149/2","1 nov 2025 13:10:42","11816","18,920","0,854","3,426","10,07","707","15,00",
" 149/3","1 nov 2025 13:11:01","11824","18,924","0,852","3,474","10,47","706","15,00",
" 149/4","1 nov 2025 13:11:20","11832","18,912","0,854","3,438","9,88","705","15,00",
" 149/5","1 nov 2025 13:11:39","11840","18,932","0,854","3,494","10,47","712","15,00",
" 150/1","1 nov 2025 13:13:33","11888","18,926","0,854","3,450","10,35","706","15,00",
" 150/2","1 nov 2025 13:13:51","11896","18,922","0,854","3,448","10,37","710","15,00",
" 150/3","1 nov 2025 13:14:10","11904","18,922","0,860","3,470","10,43","717","15,00",
" 150/4","1 nov 2025 13:14:29","11912","18,906","0,852","3,392","10,61","715","15,00",
" 150/5","1 nov 2025 13:14:48","11920","18,924","0,854","3,406","9,49","698","15,00",
" 151/1","1 nov 2025 13:16:41","11968","18,922","0,854","3,478","10,65","723","14,99",
" 151/2","1 nov 2025 13:17:00","11976","18,918","0,854","3,422","10,18","712","14,99",
" 151/3","1 nov 2025 13:17:20","11984","18,932","0,854","3,462","10,64","723","15,00",
" 151/4","1 nov 2025 13:17:38","11992","18,918","0,854","3,456","10,39","705","15,00",
" 151/5","1 nov 2025 13:17:57","12000","18,920","0,856","3,424","10,55","719","15,00",
" 152/1","1 nov 2025 13:19:51","12048","18,914","0,856","3,408","9,50","700","14,99",
" 152/2","1 nov 2025 13:20:10","12056","18,916","0,854","3,484","10,62","721","15,00",
" 152/3","1 nov 2025 13:20:28","12064","18,908","0,854","3,434","10,05","714","15,00",
" 152/4","1 nov 2025 13:20:47","12072","18,938","0,856","3,438","10,61","720","14,99",
" 152/5","1 nov 2025 13:21:06","12080","18,922","0,856","3,432","10,15","712","15,00",
" 153/1","1 nov 2025 13:23:00","12128","18,918","0,854","3,462","10,47","718","14,99",
" 153/2","1 nov 2025 13:23:19","12136","18,914","0,856","3,438","10,39","713","15,00",
" 153/3","1 nov 2025 13:23:38","12144","18,926","0,856","3,450","10,38","713","15,00",
" 153/4","1 nov 2025 13:23:57","12152","18,926","0,856","3,426","10,68","721","15,00",
" 153/5","1 nov 2025 13:24:16","12160","18,916","0,856","3,428","10,35","718","14,99",
" 154/1","1 nov 2025 13:26:09","12208","18,914","0,852","3,458","10,30","707","15,00",
" 154/2","1 nov 2025 13:26:28","12216","18,916","0,854","3,482","10,63","716","14,99",
" 154/3","1 nov 2025 13:26:47","12224","18,916","0,854","3,426","10,49","717","15,00",
" 154/4","1 nov 2025 13:27:06","12232","18,926","0,854","3,440","10,70","724","15,00",
" 154/5","1 nov 2025 13:27:25","12240","18,924","0,856","3,454","10,46","718","15,00",
" 155/1","1 nov 2025 13:29:18","12288","18,928","0,854","3,496","10,59","719","15,00",
" 155/2","1 nov 2025 13:29:37","12296","18,932","0,854","3,454","10,33","715","14,99",
" 155/3","1 nov 2025 13:29:57","12304","18,920","0,856","3,408","10,52","718","15,00",
" 155/4","1 nov 2025 13:30:15","12312","18,916","0,854","3,448","10,58","715","15,00",
" 155/5","1 nov 2025 13:30:34","12320","18,930","0,854","3,420","10,41","709","15,00",
" 156/1","1 nov 2025 13:32:28","12368","18,924","0,852","3,408","10,09","703","14,99",
" 156/2","1 nov 2025 13:32:46","12376","18,920","0,856","3,460","10,61","719","14,99",
" 156/3","1 nov 2025 13:33:06","12384","18,934","0,854","3,430","9,78","712","15,00",
" 156/4","1 nov 2025 13:33:24","12392","18,942","0,856","3,508","10,74","724","15,00",
" 156/5","1 nov 2025 13:33:43","12400","18,934","0,854","3,418","10,41","710","15,00",
" 157/1","1 nov 2025 13:35:37","12448","18,920","0,858","3,476","10,80","732","15,00",
" 157/2","1 nov 2025 13:35:56","12456","18,894","0,852","3,450","10,24","702","14,99",
" 157/3","1 nov 2025 13:36:15","12464","18,932","0,856","3,448","10,56","711","15,00",
" 157/4","1 nov 2025 13:36:34","12472","18,914","0,854","3,440","10,20","710","15,00",
" 157/5","1 nov 2025 13:36:53","12480","18,934","0,854","3,430","10,64","721","15,00",
" 158/1","1 nov 2025 13:38:46","12528","18,918","0,854","3,428","10,30","709","15,00",
" 158/2","1 nov 2025 13:39:05","12536","18,926","0,854","3,428","10,51","716","15,00",
" 158/3","1 nov 2025 13:39:24","12544","18,918","0,852","3,418","10,14","707","15,00",
" 158/4","1 nov 2025 13:39:43","12552","18,936","0,852","3,430","10,27","710","14,99",
" 158/5","1 nov 2025 13:40:02","12560","18,930","0,852","3,430","10,26","706","15,00",
" 159/1","1 nov 2025 13:41:55","12608","18,932","0,852","3,426","10,35","713","15,00",
" 159/2","1 nov 2025 13:42:14","12616","18,922","0,854","3,462","10,44","711","15,00",
" 159/3","1 nov 2025 13:42:33","12624","18,934","0,854","3,458","10,15","705","15,00",
" 159/4","1 nov 2025 13:42:52","12632","18,934","0,854","3,484","10,48","716","15,00",
" 159/5","1 nov 2025 13:43:12","12640","18,926","0,858","3,448","10,31","710","15,00",
" 160/1","1 nov 2025 13:45:05","12688","18,928","0,854","3,448","10,26","710","15,00",
" 160/2","1 nov 2025 13:45:24","12696","18,928","0,854","3,474","10,44","709","15,00",
" 160/3","1 nov 2025 13:45:43","12704","18,934","0,854","3,432","9,94","705","15,00",
" 160/4","1 nov 2025 13:46:01","12712","18,920","0,854","3,500","10,54","714","15,00",
" 160/5","1 nov 2025 13:46:20","12720","18,938","0,854","3,426","10,32","713","15,00",
" 161/1","1 nov 2025 13:48:14","12768","18,922","0,852","3,562","10,48","716","15,00",
" 161/2","1 nov 2025 13:48:33","12776","18,930","0,854","3,438","10,30","702","15,00",
" 161/3","1 nov 2025 13:48:52","12784","18,922","0,854","3,470","10,41","712","15,00",
" 161/4","1 nov 2025 13:49:11","12792","18,926","0,854","3,452","10,50","713","15,00",
" 161/5","1 nov 2025 13:49:30","12800","18,926","0,854","3,436","10,22","702","15,00",
" 162/1","1 nov 2025 13:51:23","12848","18,926","0,856","3,428","10,51","707","14,99",
" 162/2","1 nov 2025 13:51:43","12856","18,930","0,854","3,438","10,42","704","15,00",
" 162/3","1 nov 2025 13:52:02","12864","18,930","0,854","3,444","10,54","721","15,00",
" 162/4","1 nov 2025 13:52:20","12872","18,920","0,854","3,436","10,24","708","15,00",
" 162/5","1 nov 2025 13:52:39","12880","18,928","0,854","3,450","10,37","713","14,99",
" 163/1","1 nov 2025 13:54:33","12928","18,920","0,854","3,432","10,34","715","14,99",
" 163/2","1 nov 2025 13:54:52","12936","18,932","0,856","3,434","10,31","713","15,00",
" 163/3","1 nov 2025 13:55:10","12944","18,932","0,854","3,460","10,56","721","14,99",
" 163/4","1 nov 2025 13:55:29","12952","18,906","0,852","3,424","10,18","711","15,00",
" 163/5","1 nov 2025 13:55:49","12960","18,924","0,854","3,488","10,50","717","15,00",
" 164/1","1 nov 2025 13:57:42","13008","18,944","0,854","3,420","9,87","706","15,00",
" 164/2","1 nov 2025 13:58:01","13016","18,918","0,854","3,488","10,17","706","15,00",
" 164/3","1 nov 2025 13:58:20","13024","18,918","0,854","3,476","10,54","714","15,00",
" 164/4","1 nov 2025 13:58:39","13032","18,920","0,854","3,434","10,29","700","15,00",
" 164/5","1 nov 2025 13:58:58","13040","18,924","0,852","3,410","10,39","705","15,00",
" 165/1","1 nov 2025 14:00:51","13088","18,932","0,852","3,430","10,46","707","15,00",
" 165/2","1 nov 2025 14:01:10","13096","18,920","0,854","3,446","10,27","710","15,00",
" 165/3","1 nov 2025 14:01:29","13104","18,926","0,854","3,442","9,33","700","15,00",
" 165/4","1 nov 2025 14:01:48","13112","18,926","0,852","3,536","10,61","721","15,00",
" 165/5","1 nov 2025 14:02:07","13120","18,924","0,856","3,420","10,14","700","15,00",
" 166/1","1 nov 2025 14:04:00","13168","18,922","0,854","3,454","10,31","710","15,00",
" 166/2","1 nov 2025 14:04:20","13176","18,934","0,854","3,452","9,60","702","15,00",
" 166/3","1 nov 2025 14:04:38","13184","18,924","0,856","3,502","10,52","710","15,00",
" 166/4","1 nov 2025 14:04:57","13192","18,916","0,854","3,448","10,42","716","15,00",
" 166/5","1 nov 2025 14:05:16","13200","18,922","0,854","3,436","10,50","706","15,00",
" 167/1","1 nov 2025 14:07:10","13248","18,918","0,852","3,414","9,98","707","14,99",
" 167/2","1 nov 2025 14:07:29","13256","18,924","0,858","3,440","10,52","718","15,00",
" 167/3","1 nov 2025 14:07:48","13264","18,938","0,854","3,390","9,67","699","15,00",
" 167/4","1 nov 2025 14:08:06","13272","18,938","0,854","3,452","10,42","715","15,00",
" 167/5","1 nov 2025 14:08:25","13280","18,924","0,856","3,384","9,75","704","15,00",
" 168/1","1 nov 2025 14:10:19","13328","18,910","0,854","3,414","9,81","707","15,00",
" 168/2","1 nov 2025 14:10:38","13336","18,920","0,854","3,472","10,50","717","14,99",
" 168/3","1 nov 2025 14:10:57","13344","18,930","0,854","3,428","9,59","696","15,00",
" 168/4","1 nov 2025 14:11:16","13352","18,926","0,854","3,480","10,54","716","15,00",
" 168/5","1 nov 2025 14:11:35","13360","18,914","0,854","3,452","10,31","715","15,00",
" 169/1","1 nov 2025 14:13:28","13408","18,918","0,856","3,484","10,56","717","15,00",
" 169/2","1 nov 2025 14:13:47","13416","18,920","0,854","3,428","10,00","704","15,00",
" 169/3","1 nov 2025 14:14:06","13424","18,926","0,856","3,432","10,56","717","15,00",
" 169/4","1 nov 2025 14:14:25","13432","18,924","0,854","3,414","9,65","703","15,00",
" 169/5","1 nov 2025 14:14:44","13440","18,920","0,854","3,482","10,54","716","15,00",
" 170/1","1 nov 2025 14:16:37","13488","18,930","0,854","3,444","10,14","707","15,00",
" 170/2","1 nov 2025 14:16:56","13496","18,924","0,854","3,452","10,45","711","14,99",
" 170/3","1 nov 2025 14:17:15","13504","18,928","0,854","3,466","10,42","717","15,00",
" 170/4","1 nov 2025 14:17:34","13512","18,926","0,854","3,424","10,18","711","15,00",
" 170/5","1 nov 2025 14:17:53","13520","18,930","0,854","3,490","10,44","714","15,00",
" 171/1","1 nov 2025 14:19:48","13568","18,934","0,852","3,456","10,35","712","15,00",
" 171/2","1 nov 2025 14:20:06","13576","18,906","0,852","3,444","10,48","715","15,00",
" 171/3","1 nov 2025 14:20:25","13584","18,932","0,854","3,460","10,16","707","15,00",
" 171/4","1 nov 2025 14:20:44","13592","18,928","0,856","3,482","10,56","719","15,00",
" 171/5","1 nov 2025 14:21:02","13600","18,930","0,854","3,434","10,31","709","14,99",
" 172/1","1 nov 2025 14:22:56","13648","18,934","0,856","3,436","10,54","714","15,00",
" 172/2","1 nov 2025 14:23:15","13656","18,922","0,854","3,438","10,28","706","15,00",
" 172/3","1 nov 2025 14:23:34","13664","18,912","0,854","3,404","10,49","709","14,99",
" 172/4","1 nov 2025 14:23:53","13672","18,942","0,852","3,436","10,16","702","15,00",
" 172/5","1 nov 2025 14:24:12","13680","18,924","0,854","3,452","9,91","698","15,00",
" 173/1","1 nov 2025 14:26:05","13728","18,918","0,854","3,480","10,57","716","15,00",
" 173/2","1 nov 2025 14:26:24","13736","18,928","0,854","3,432","10,34","712","14,99",
" 173/3","1 nov 2025 14:26:43","13744","18,926","0,856","3,464","10,48","716","15,00",
" 173/4","1 nov 2025 14:27:03","13752","18,924","0,852","3,464","10,32","707","14,99",
" 173/5","1 nov 2025 14:27:21","13760","18,934","0,856","3,440","10,54","714","15,00",
" 174/1","1 nov 2025 14:29:15","13808","18,940","0,856","3,450","10,48","717","15,00",
" 174/2","1 nov 2025 14:29:34","13816","18,922","0,854","3,400","10,21","700","15,00",
" 174/3","1 nov 2025 14:29:52","13824","18,934","0,854","3,448","10,33","707","15,00",
" 174/4","1 nov 2025 14:30:11","13832","18,930","0,854","3,444","9,87","701","15,00",
" 174/5","1 nov 2025 14:30:31","13840","18,940","0,854","3,494","10,58","720","15,00",
" 175/1","1 nov 2025 14:32:25","13888","18,932","0,856","3,466","9,86","704","15,00",
" 175/2","1 nov 2025 14:32:43","13896","18,918","0,856","3,496","10,54","713","14,99",
" 175/3","1 nov 2025 14:33:02","13904","18,938","0,856","3,424","10,03","706","15,00",
" 175/4","1 nov 2025 14:33:21","13912","18,926","0,852","3,420","10,60","707","15,00",
" 175/5","1 nov 2025 14:33:40","13920","18,930","0,854","3,444","9,48","701","14,99",
" 176/1","1 nov 2025 14:35:33","13968","18,930","0,852","3,430","10,21","699","15,00",
" 176/2","1 nov 2025 14:35:52","13976","18,910","0,852","3,454","10,52","715","15,00",
" 176/3","1 nov 2025 14:36:11","13984","18,916","0,850","3,442","10,44","704","15,00",
" 176/4","1 nov 2025 14:36:30","13992","18,920","0,854","3,458","10,17","707","15,00",
" 176/5","1 nov 2025 14:36:49","14000","18,940","0,856","3,500","10,55","717","15,00",
" 177/1","1 nov 2025 14:38:43","14048","18,928","0,856","3,474","10,51","712","15,00",
" 177/2","1 nov 2025 14:39:01","14056","18,934","0,854","3,436","10,40","708","15,00",
" 177/3","1 nov 2025 14:39:21","14064","18,938","0,852","3,470","10,54","704","15,00",
" 177/4","1 nov 2025 14:39:39","14072","18,932","0,854","3,450","10,33","709","15,00",
" 177/5","1 nov 2025 14:39:58","14080","18,942","0,856","3,472","10,46","713","14,99",
" 178/1","1 nov 2025 14:41:52","14128","18,922","0,854","3,464","10,54","708","15,00",
" 178/2","1 nov 2025 14:42:11","14136","18,916","0,854","3,432","10,34","699","15,00",
" 178/3","1 nov 2025 14:42:30","14144","18,934","0,854","3,452","10,52","712","15,00",
" 178/4","1 nov 2025 14:42:49","14152","18,936","0,854","3,444","10,48","715","15,00",
" 178/5","1 nov 2025 14:43:08","14160","18,932","0,854","3,478","10,16","702","15,00",
" 179/1","1 nov 2025 14:45:01","14208","18,940","0,856","3,476","10,48","715","15,00",
" 179/2","1 nov 2025 14:45:20","14216","18,922","0,854","3,438","10,47","710","14,99",
" 179/3","1 nov 2025 14:45:40","14224","18,932","0,856","3,420","9,96","697","15,00",
" 179/4","1 nov 2025 14:45:59","14232","18,928","0,854","3,500","10,55","716","15,00",
" 179/5","1 nov 2025 14:46:17","14240","18,932","0,854","3,450","10,43","711","14,99",
" 180/1","1 nov 2025 14:48:11","14288","18,922","0,854","3,452","10,59","711","15,00",
" 180/2","1 nov 2025 14:48:30","14296","18,908","0,856","3,454","10,24","704","15,00",
" 180/3","1 nov 2025 14:48:49","14304","18,926","0,854","3,436","10,28","700","15,00",
" 180/4","1 nov 2025 14:49:08","14312","18,912","0,856","3,496","10,59","710","14,99",
" 180/5","1 nov 2025 14:49:27","14320","18,920","0,854","3,428","10,14","706","15,00",
" 181/1","1 nov 2025 14:51:20","14368","18,924","0,854","3,452","10,39","701","15,00",
" 181/2","1 nov 2025 14:51:39","14376","18,922","0,854","3,460","9,81","691","15,00",
" 181/3","1 nov 2025 14:51:58","14384","18,926","0,856","3,506","10,56","706","15,00",
" 181/4","1 nov 2025 14:52:17","14392","18,926","0,852","3,456","10,22","704","14,99",
" 181/5","1 nov 2025 14:52:36","14400","18,926","0,852","3,458","10,46","705","14,99",
" 182/1","1 nov 2025 14:54:30","14448","18,936","0,854","3,488","10,48","706","15,00",
" 182/2","1 nov 2025 14:54:48","14456","18,942","0,854","3,454","10,37","708","15,00",
" 182/3","1 nov 2025 14:55:07","14464","18,946","0,854","3,454","10,61","712","15,00",
" 182/4","1 nov 2025 14:55:26","14472","18,918","0,856","3,424","10,40","707","14,99",
" 182/5","1 nov 2025 14:55:45","14480","18,932","0,856","3,422","10,47","711","15,00",
" 183/1","1 nov 2025 14:57:39","14528","18,922","0,854","3,438","10,37","711","14,99",
" 183/2","1 nov 2025 14:57:58","14536","18,930","0,854","3,466","10,37","702","15,00",
" 183/3","1 nov 2025 14:58:17","14544","18,932","0,856","3,436","10,54","709","15,00",
" 183/4","1 nov 2025 14:58:36","14552","18,944","0,854","3,474","10,48","701","15,00",
" 183/5","1 nov 2025 14:58:55","14560","18,936","0,856","3,432","10,44","698","15,00",
" 184/1","1 nov 2025 15:00:48","14608","18,928","0,856","3,462","10,41","715","15,00",
" 184/2","1 nov 2025 15:01:07","14616","18,938","0,856","3,440","10,24","706","15,00",
" 184/3","1 nov 2025 15:01:26","14624","18,938","0,852","3,460","10,58","715","15,00",
" 184/4","1 nov 2025 15:01:45","14632","18,932","0,854","3,434","10,41","707","15,00",
" 184/5","1 nov 2025 15:02:04","14640","18,926","0,856","3,428","10,68","718","15,00",
" 185/1","1 nov 2025 15:03:58","14688","18,934","0,854","3,454","10,20","704","15,00",
" 185/2","1 nov 2025 15:04:16","14696","18,944","0,856","3,480","10,49","705","15,00",
" 185/3","1 nov 2025 15:04:35","14704","18,916","0,856","3,436","10,61","712","14,99",
" 185/4","1 nov 2025 15:04:54","14712","18,920","0,854","3,432","10,30","698","15,00",
" 185/5","1 nov 2025 15:05:13","14720","18,944","0,856","3,454","10,55","715","15,00",
" 186/1","1 nov 2025 15:07:07","14768","18,930","0,852","3,460","10,27","699","15,00",
" 186/2","1 nov 2025 15:07:26","14776","18,930","0,856","3,474","10,42","703","15,00",
" 186/3","1 nov 2025 15:07:45","14784","18,942","0,856","3,432","10,48","703","15,00",
" 186/4","1 nov 2025 15:08:04","14792","18,916","0,852","3,410","10,28","705","15,00",
" 186/5","1 nov 2025 15:08:22","14800","18,906","0,856","3,420","10,56","708","15,00",
" 187/1","1 nov 2025 15:10:16","14848","18,930","0,856","3,472","10,33","698","15,00",
" 187/2","1 nov 2025 15:10:35","14856","18,922","0,854","3,454","10,44","702","15,00",
" 187/3","1 nov 2025 15:10:54","14864","18,932","0,856","3,428","10,51","707","15,00",
" 187/4","1 nov 2025 15:11:13","14872","18,942","0,854","3,446","10,20","704","15,00",
" 187/5","1 nov 2025 15:11:32","14880","18,936","0,856","3,438","10,60","717","15,00",
" 188/1","1 nov 2025 15:13:26","14928","18,924","0,856","3,416","10,19","706","15,00",
" 188/2","1 nov 2025 15:13:44","14936","18,928","0,854","3,438","10,41","705","15,00",
" 188/3","1 nov 2025 15:14:03","14944","18,924","0,854","3,430","10,39","710","15,00",
" 188/4","1 nov 2025 15:14:22","14952","18,928","0,852","3,432","10,39","699","15,00",
" 188/5","1 nov 2025 15:14:41","14960","18,934","0,854","3,444","10,43","709","14,99",
" 189/1","1 nov 2025 15:16:35","15008","18,938","0,856","3,450","9,90","697","15,00",
" 189/2","1 nov 2025 15:16:54","15016","18,926","0,856","3,492","10,50","712","15,00",
" 189/3","1 nov 2025 15:17:13","15024","18,930","0,852","3,414","10,35","699","15,00",
" 189/4","1 nov 2025 15:17:31","15032","18,936","0,858","3,466","10,63","701","15,00",
" 189/5","1 nov 2025 15:17:50","15040","18,920","0,850","3,434","10,11","705","14,99",
" 190/1","1 nov 2025 15:19:44","15088","18,910","0,854","3,404","10,56","714","15,00",
" 190/2","1 nov 2025 15:20:03","15096","18,934","0,852","3,444","10,00","687","15,00",
" 190/3","1 nov 2025 15:20:22","15104","18,928","0,854","3,504","10,56","713","15,00",
" 190/4","1 nov 2025 15:20:41","15112","18,930","0,852","3,446","10,24","701","15,00",
" 190/5","1 nov 2025 15:21:00","15120","18,924","0,854","3,514","10,25","702","15,00",
" 191/1","1 nov 2025 15:22:53","15168","18,934","0,856","3,466","10,58","698","14,99",
" 191/2","1 nov 2025 15:23:12","15176","18,932","0,854","3,478","10,51","707","15,00",
" 191/3","1 nov 2025 15:23:31","15184","18,912","0,852","3,512","10,26","693","15,00",
" 191/4","1 nov 2025 15:23:50","15192","18,928","0,854","3,470","10,52","700","15,00",
" 191/5","1 nov 2025 15:24:09","15200","18,928","0,856","3,460","10,46","708","15,00",
" 192/1","1 nov 2025 15:26:03","15248","18,930","0,856","3,490","10,43","713","15,00",
" 192/2","1 nov 2025 15:26:22","15256","18,940","0,856","3,492","10,20","707","15,00",
" 192/3","1 nov 2025 15:26:40","15264","18,932","0,856","3,494","10,76","721","15,00",
" 192/4","1 nov 2025 15:26:59","15272","18,930","0,856","3,474","10,61","717","14,99",
" 192/5","1 nov 2025 15:27:18","15280","18,918","0,856","3,422","10,71","712","15,00",
" 193/1","1 nov 2025 15:29:12","15328","18,928","0,854","3,474","10,54","705","15,00",
" 193/2","1 nov 2025 15:29:31","15336","18,940","0,856","3,448","10,36","706","15,00",
" 193/3","1 nov 2025 15:29:50","15344","18,924","0,856","3,476","10,44","707","15,00",
" 193/4","1 nov 2025 15:30:09","15352","18,938","0,856","3,456","10,58","711","15,00",
" 193/5","1 nov 2025 15:30:28","15360","18,934","0,854","3,472","10,01","693","15,00",
" 194/1","1 nov 2025 15:32:22","15408","18,930","0,854","3,478","10,37","703","15,00",
" 194/2","1 nov 2025 15:32:40","15416","18,930","0,854","3,444","10,53","708","15,00",
" 194/3","1 nov 2025 15:32:59","15424","18,928","0,854","3,460","9,71","694","14,99",
" 194/4","1 nov 2025 15:33:18","15432","18,924","0,854","3,508","9,94","695","15,00",
" 194/5","1 nov 2025 15:33:37","15440","18,928","0,854","3,500","10,55","698","14,99",
" 195/1","1 nov 2025 15:35:31","15488","18,928","0,852","3,472","10,20","692","15,00",
" 195/2","1 nov 2025 15:35:49","15496","18,936","0,854","3,450","10,31","706","15,00",
" 195/3","1 nov 2025 15:36:08","15504","18,932","0,856","3,500","10,50","704","15,00",
" 195/4","1 nov 2025 15:36:27","15512","18,926","0,854","3,480","10,27","688","15,00",
" 195/5","1 nov 2025 15:36:46","15520","18,930","0,852","3,462","10,39","708","15,00",
" 196/1","1 nov 2025 15:38:40","15568","18,918","0,852","3,518","10,53","708","15,00",
" 196/2","1 nov 2025 15:38:59","15576","18,914","0,854","3,462","10,07","695","15,00",
" 196/3","1 nov 2025 15:39:18","15584","18,922","0,854","3,480","9,86","697","15,00",
" 196/4","1 nov 2025 15:39:37","15592","18,924","0,856","3,540","10,56","702","14,99",
" 196/5","1 nov 2025 15:39:56","15600","18,922","0,854","3,478","10,22","699","15,00",
" 197/1","1 nov 2025 15:41:49","15648","18,924","0,852","3,470","10,07","698","15,00",
" 197/2","1 nov 2025 15:42:08","15656","18,942","0,854","3,480","10,49","708","15,00",
" 197/3","1 nov 2025 15:42:27","15664","18,936","0,856","3,470","10,37","702","15,00",
" 197/4","1 nov 2025 15:42:46","15672","18,922","0,856","3,472","10,38","696","15,00",
" 197/5","1 nov 2025 15:43:05","15680","18,930","0,856","3,446","10,54","713","14,99",
" 198/1","1 nov 2025 15:44:58","15728","18,910","0,854","3,464","10,28","694","15,00",
" 198/2","1 nov 2025 15:45:17","15736","18,904","0,856","3,452","10,41","705","15,00",
" 198/3","1 nov 2025 15:45:36","15744","18,936","0,854","3,486","10,43","705","15,00",
" 198/4","1 nov 2025 15:45:55","15752","18,930","0,854","3,434","10,26","693","15,00",
" 198/5","1 nov 2025 15:46:15","15760","18,932","0,854","3,450","10,47","707","15,00",
" 199/1","1 nov 2025 15:48:08","15808","18,928","0,854","3,478","10,46","702","15,00",
" 199/2","1 nov 2025 15:48:27","15816","18,928","0,852","3,444","10,05","699","15,00",
" 199/3","1 nov 2025 15:48:46","15824","18,944","0,856","3,472","10,55","706","15,00",
" 199/4","1 nov 2025 15:49:05","15832","18,936","0,856","3,472","9,72","689","15,00",
" 199/5","1 nov 2025 15:49:23","15840","18,934","0,854","3,530","9,26","685","15,00",
" 200/1","1 nov 2025 15:51:17","15888","18,932","0,854","3,420","10,59","713","15,00",
" 200/2","1 nov 2025 15:51:36","15896","18,930","0,854","3,438","10,29","705","15,00",
" 200/3","1 nov 2025 15:51:55","15904","18,940","0,856","3,446","10,36","697","15,00",
" 200/4","1 nov 2025 15:52:14","15912","18,924","0,856","3,492","10,54","707","15,00",
" 200/5","1 nov 2025 15:52:33","15920","18,922","0,854","3,448","9,85","694","14,99",
" 201/1","1 nov 2025 15:54:26","15968","18,936","0,856","3,506","10,46","709","15,00",
" 201/2","1 nov 2025 15:54:45","15976","18,932","0,858","3,488","10,55","709","15,00",
" 201/3","1 nov 2025 15:55:04","15984","18,920","0,854","3,454","10,31","704","15,00",
" 201/4","1 nov 2025 15:55:23","15992","18,938","0,854","3,476","10,42","706","15,00",
" 201/5","1 nov 2025 15:55:42","16000","18,942","0,856","3,486","10,48","706","14,99",
" 202/1","1 nov 2025 15:57:36","16048","18,944","0,858","3,440","10,03","695","15,00",
" 202/2","1 nov 2025 15:57:55","16056","18,932","0,852","3,500","9,72","695","15,00",
" 202/3","1 nov 2025 15:58:14","16064","18,932","0,854","3,502","10,39","698","15,00",
" 202/4","1 nov 2025 15:58:33","16072","18,930","0,856","3,492","10,31","697","15,00",
" 202/5","1 nov 2025 15:58:52","16080","18,920","0,852","3,510","9,40","683","15,00",
" 203/1","1 nov 2025 16:00:45","16128","18,932","0,852","3,482","9,87","692","15,00",
" 203/2","1 nov 2025 16:01:04","16136","18,926","0,854","3,510","10,11","701","15,00",
" 203/3","1 nov 2025 16:01:23","16144","18,942","0,856","3,518","10,56","707","15,00",
" 203/4","1 nov 2025 16:01:42","16152","18,940","0,854","3,486","10,07","687","15,00",
" 203/5","1 nov 2025 16:02:01","16160","18,940","0,856","3,508","9,76","682","15,00",
" 204/1","1 nov 2025 16:03:55","16208","18,934","0,854","3,486","10,72","714","15,00",
" 204/2","1 nov 2025 16:04:13","16216","18,924","0,856","3,492","10,84","714","15,00",
" 204/3","1 nov 2025 16:04:32","16224","18,918","0,854","3,464","10,39","696","14,99",
" 204/4","1 nov 2025 16:04:51","16232","18,918","0,850","3,482","10,34","701","15,00",
" 204/5","1 nov 2025 16:05:10","16240","18,924","0,854","3,490","10,68","707","14,99",
" 205/1","1 nov 2025 16:07:04","16288","18,936","0,858","3,482","10,33","693","15,00",
" 205/2","1 nov 2025 16:07:23","16296","18,948","0,856","3,542","10,06","699","15,00",
" 205/3","1 nov 2025 16:07:42","16304","18,932","0,856","3,494","10,69","718","15,00",
" 205/4","1 nov 2025 16:08:01","16312","18,942","0,858","3,502","10,69","713","15,00",
" 205/5","1 nov 2025 16:08:20","16320","18,950","0,858","3,474","9,96","698","15,00",
" 206/1","1 nov 2025 16:10:13","16368","18,940","0,858","3,490","10,73","719","14,99",
" 206/2","1 nov 2025 16:10:32","16376","18,928","0,854","3,520","10,36","701","15,00",
" 206/3","1 nov 2025 16:10:51","16384","18,924","0,854","3,512","9,92","695","15,00",
" 206/4","1 nov 2025 16:11:10","16392","18,926","0,854","3,530","10,26","706","15,00",
" 206/5","1 nov 2025 16:11:29","16400","18,938","0,856","3,504","10,72","720","14,99",
" 207/1","1 nov 2025 16:13:23","16448","18,956","0,856","3,508","10,79","711","14,99",
" 207/2","1 nov 2025 16:13:42","16456","18,924","0,854","3,476","10,51","710","15,00",
" 207/3","1 nov 2025 16:14:00","16464","18,930","0,856","3,502","10,59","707","15,00",
" 207/4","1 nov 2025 16:14:19","16472","18,940","0,854","3,468","10,69","713","14,99",
" 207/5","1 nov 2025 16:14:38","16480","18,924","0,854","3,472","10,51","708","15,00",
" 208/1","1 nov 2025 16:16:32","16528","18,930","0,854","3,466","10,47","698","14,99",
" 208/2","1 nov 2025 16:16:51","16536","18,918","0,852","3,494","10,58","710","15,00",
" 208/3","1 nov 2025 16:17:10","16544","18,924","0,854","3,458","10,69","712","15,00",
" 208/4","1 nov 2025 16:17:29","16552","18,934","0,856","3,468","10,30","700","15,00",
" 208/5","1 nov 2025 16:17:48","16560","18,934","0,856","3,506","10,61","713","14,99",
" 209/1","1 nov 2025 16:19:41","16608","18,934","0,854","3,506","10,22","702","14,99",
" 209/2","1 nov 2025 16:20:00","16616","18,940","0,856","3,476","10,70","709","15,00",
" 209/3","1 nov 2025 16:20:19","16624","18,924","0,852","3,458","9,40","683","15,00",
" 209/4","1 nov 2025 16:20:38","16632","18,928","0,852","3,582","10,11","696","15,00",
" 209/5","1 nov 2025 16:20:57","16640","18,924","0,856","3,518","10,82","722","15,00",
" 210/1","1 nov 2025 16:22:51","16688","18,946","0,856","3,462","10,80","719","14,99",
" 210/2","1 nov 2025 16:23:10","16696","18,922","0,854","3,472","10,60","705","15,00",
" 210/3","1 nov 2025 16:23:28","16704","18,932","0,856","3,476","10,71","705","15,00",
" 210/4","1 nov 2025 16:23:47","16712","18,926","0,854","3,440","10,74","718","15,00",
" 210/5","1 nov 2025 16:24:06","16720","18,934","0,856","3,460","10,16","700","15,00",
" 211/1","1 nov 2025 16:26:00","16768","18,936","0,854","3,522","9,98","693","15,00",
" 211/2","1 nov 2025 16:26:19","16776","18,926","0,854","3,516","10,16","698","15,00",
" 211/3","1 nov 2025 16:26:38","16784","18,926","0,854","3,484","10,63","713","15,00",
" 211/4","1 nov 2025 16:26:57","16792","18,918","0,854","3,460","9,88","694","15,00",
" 211/5","1 nov 2025 16:27:16","16800","18,944","0,854","3,532","10,11","701","15,00",
" 212/1","1 nov 2025 16:29:09","16848","18,934","0,854","3,472","10,46","707","15,00",
" 212/2","1 nov 2025 16:29:28","16856","18,926","0,854","3,480","10,75","717","15,00",
" 212/3","1 nov 2025 16:29:47","16864","18,948","0,854","3,484","10,43","702","14,99",
" 212/4","1 nov 2025 16:30:06","16872","18,930","0,854","3,488","10,37","701","15,00",
" 212/5","1 nov 2025 16:30:25","16880","18,930","0,854","3,518","10,61","704","15,00",
" 213/1","1 nov 2025 16:32:19","16928","18,926","0,856","3,536","10,72","718","15,00",
" 213/2","1 nov 2025 16:32:38","16936","18,920","0,854","3,444","10,52","710","15,00",
" 213/3","1 nov 2025 16:32:56","16944","18,912","0,854","3,472","10,59","706","15,00",
" 213/4","1 nov 2025 16:33:15","16952","18,942","0,856","3,470","10,73","714","14,99",
" 213/5","1 nov 2025 16:33:34","16960","18,940","0,854","3,452","10,67","711","15,00",
" 214/1","1 nov 2025 16:35:28","17008","18,932","0,854","3,472","10,62","703","14,99",
" 214/2","1 nov 2025 16:35:47","17016","18,936","0,856","3,472","10,59","705","15,00",
" 214/3","1 nov 2025 16:36:06","17024","18,932","0,854","3,454","10,49","710","15,00",
" 214/4","1 nov 2025 16:36:25","17032","18,926","0,856","3,504","10,68","716","15,00",
" 214/5","1 nov 2025 16:36:44","17040","18,936","0,854","3,484","10,36","694","15,00",
" 215/1","1 nov 2025 16:38:37","17088","18,920","0,854","3,452","10,37","702","15,00",
" 215/2","1 nov 2025 16:38:56","17096","18,936","0,854","3,456","10,65","716","15,00",
" 215/3","1 nov 2025 16:39:15","17104","18,918","0,854","3,452","10,53","713","15,00",
" 215/4","1 nov 2025 16:39:34","17112","18,924","0,854","3,446","10,45","713","14,99",
" 215/5","1 nov 2025 16:39:53","17120","18,920","0,854","3,458","10,65","713","15,00",
" 216/1","1 nov 2025 16:41:46","17168","18,922","0,854","3,462","10,65","713","15,00",
" 216/2","1 nov 2025 16:42:05","17176","18,930","0,854","3,454","10,77","716","15,00",
" 216/3","1 nov 2025 16:42:24","17184","18,918","0,852","3,448","10,34","702","15,00",
" 216/4","1 nov 2025 16:42:43","17192","18,920","0,854","3,486","10,60","711","15,00",
" 216/5","1 nov 2025 16:43:02","17200","18,930","0,854","3,512","10,71","710","14,99",
" 217/1","1 nov 2025 16:44:56","17248","18,946","0,854","3,450","10,44","706","15,00",
" 217/2","1 nov 2025 16:45:15","17256","18,938","0,854","3,440","10,62","713","14,99",
" 217/3","1 nov 2025 16:45:34","17264","18,938","0,854","3,434","10,56","709","15,00",
" 217/4","1 nov 2025 16:45:53","17272","18,944","0,856","3,440","10,23","694","15,00",
" 217/5","1 nov 2025 16:46:12","17280","18,930","0,854","3,476","10,64","709","15,00",
" 218/1","1 nov 2025 16:48:05","17328","18,928","0,854","3,442","10,54","708","15,00",
" 218/2","1 nov 2025 16:48:24","17336","18,932","0,854","3,440","10,68","716","15,00",
" 218/3","1 nov 2025 16:48:43","17344","18,932","0,856","3,440","10,61","705","15,00",
" 218/4","1 nov 2025 16:49:02","17352","18,934","0,852","3,420","9,73","683","15,00",
" 218/5","1 nov 2025 16:49:21","17360","18,934","0,854","3,532","10,57","708","15,00",
" 219/1","1 nov 2025 16:51:15","17408","18,940","0,856","3,460","10,54","711","14,99",
" 219/2","1 nov 2025 16:51:33","17416","18,928","0,856","3,474","10,03","697","15,00",
" 219/3","1 nov 2025 16:51:53","17424","18,938","0,854","3,500","10,24","700","14,99",
" 219/4","1 nov 2025 16:52:11","17432","18,938","0,854","3,492","10,76","713","14,99",
" 219/5","1 nov 2025 16:52:30","17440","18,922","0,854","3,502","10,02","698","15,00",
" 220/1","1 nov 2025 16:54:24","17488","18,934","0,856","3,462","10,54","716","14,99",
" 220/2","1 nov 2025 16:54:43","17496","18,934","0,854","3,460","10,85","718","15,00",
" 220/3","1 nov 2025 16:55:02","17504","18,940","0,858","3,436","10,67","710","14,99",
" 220/4","1 nov 2025 16:55:21","17512","18,920","0,852","3,430","10,87","711","15,00",
" 220/5","1 nov 2025 16:55:40","17520","18,928","0,856","3,462","10,58","712","15,00",
" 221/1","1 nov 2025 16:57:33","17568","18,946","0,856","3,464","10,28","699","15,00",
" 221/2","1 nov 2025 16:57:52","17576","18,944","0,854","3,496","10,71","711","14,99",
" 221/3","1 nov 2025 16:58:11","17584","18,932","0,854","3,468","10,35","706","15,00",
" 221/4","1 nov 2025 16:58:30","17592","18,928","0,854","3,514","10,44","706","15,00",
" 221/5","1 nov 2025 16:58:49","17600","18,932","0,854","3,474","10,63","713","15,00",
" 222/1","1 nov 2025 17:00:43","17648","18,928","0,854","3,492","10,74","716","15,00",
" 222/2","1 nov 2025 17:01:01","17656","18,938","0,854","3,460","9,48","695","15,00",
" 222/3","1 nov 2025 17:01:20","17664","18,936","0,854","3,596","10,65","714","15,00",
" 222/4","1 nov 2025 17:01:39","17672","18,934","0,854","3,484","10,44","700","15,00",
" 222/5","1 nov 2025 17:01:58","17680","18,938","0,854","3,482","10,45","710","15,00",
" 223/1","1 nov 2025 17:03:52","17728","18,948","0,854","3,486","10,43","701","15,00",
" 223/2","1 nov 2025 17:04:11","17736","18,930","0,852","3,442","10,41","698","15,00",
" 223/3","1 nov 2025 17:04:30","17744","18,934","0,854","3,486","9,60","699","15,00",
" 223/4","1 nov 2025 17:04:49","17752","18,942","0,854","3,568","9,53","691","15,00",
" 223/5","1 nov 2025 17:05:08","17760","18,936","0,854","3,550","10,60","704","15,00",
" 224/1","1 nov 2025 17:07:01","17808","18,934","0,856","3,474","10,68","712","15,00",
" 224/2","1 nov 2025 17:07:20","17816","18,948","0,856","3,450","10,40","695","15,00",
" 224/3","1 nov 2025 17:07:39","17824","18,936","0,854","3,506","10,56","701","15,00",
" 224/4","1 nov 2025 17:07:58","17832","18,928","0,856","3,520","10,41","699","14,99",
" 224/5","1 nov 2025 17:08:17","17840","18,928","0,854","3,452","9,64","690","15,00",
" 225/1","1 nov 2025 17:10:11","17888","18,936","0,856","3,498","10,71","714","15,00",
" 225/2","1 nov 2025 17:10:30","17896","18,932","0,854","3,446","10,05","701","14,99",
" 225/3","1 nov 2025 17:10:49","17904","18,934","0,856","3,552","10,62","705","15,00",
" 225/4","1 nov 2025 17:11:07","17912","18,910","0,854","3,498","10,50","710","15,00",
" 225/5","1 nov 2025 17:11:26","17920","18,928","0,854","3,500","10,09","702","15,00",
" 226/1","1 nov 2025 17:13:20","17968","18,936","0,854","3,490","10,18","703","15,00",
" 226/2","1 nov 2025 17:13:39","17976","18,942","0,854","3,494","10,52","708","15,00",
" 226/3","1 nov 2025 17:13:58","17984","18,948","0,854","3,500","10,74","714","15,00",
" 226/4","1 nov 2025 17:14:17","17992","18,934","0,854","3,456","9,65","682","15,00",
" 226/5","1 nov 2025 17:14:36","18000","18,930","0,854","3,564","10,49","700","15,00",
" 227/1","1 nov 2025 17:16:29","18048","18,930","0,856","3,490","10,78","716","15,00",
" 227/2","1 nov 2025 17:16:48","18056","18,922","0,854","3,492","10,56","699","15,00",
" 227/3","1 nov 2025 17:17:07","18064","18,930","0,856","3,476","10,71","713","15,00",
" 227/4","1 nov 2025 17:17:26","18072","18,928","0,854","3,472","10,59","714","15,00",
" 227/5","1 nov 2025 17:17:45","18080","18,928","0,854","3,492","10,27","702","15,00",
" 228/1","1 nov 2025 17:19:39","18128","18,934","0,854","3,488","10,06","704","15,00",
" 228/2","1 nov 2025 17:19:58","18136","18,940","0,856","3,448","10,69","716","15,00",
" 228/3","1 nov 2025 17:20:17","18144","18,932","0,854","3,462","10,39","704","15,00",
" 228/4","1 nov 2025 17:20:35","18152","18,934","0,854","3,506","10,54","710","15,00",
" 228/5","1 nov 2025 17:20:54","18160","18,928","0,856","3,472","10,67","707","15,00",
" 229/1","1 nov 2025 17:22:48","18208","18,938","0,854","3,554","9,95","693","14,99",
" 229/2","1 nov 2025 17:23:07","18216","18,928","0,852","3,504","10,54","697","14,99",
" 229/3","1 nov 2025 17:23:26","18224","18,922","0,856","3,460","10,64","705","15,00",
" 229/4","1 nov 2025 17:23:45","18232","18,930","0,854","3,434","9,81","692","15,00",
" 229/5","1 nov 2025 17:24:04","18240","18,932","0,854","3,536","10,75","712","14,99",
" 230/1","1 nov 2025 17:25:57","18288","18,926","0,854","3,482","10,41","710","15,00",
" 230/2","1 nov 2025 17:26:16","18296","18,936","0,856","3,490","10,27","701","15,00",
" 230/3","1 nov 2025 17:26:35","18304","18,930","0,854","3,478","10,65","706","15,00",
" 230/4","1 nov 2025 17:26:54","18312","18,928","0,854","3,470","10,47","706","15,00",
" 230/5","1 nov 2025 17:27:13","18320","18,928","0,856","3,462","10,42","701","14,99",
" 231/1","1 nov 2025 17:29:07","18368","18,934","0,854","3,470","10,39","701","15,00",
" 231/2","1 nov 2025 17:29:26","18376","18,928","0,856","3,476","10,55","708","15,00",
" 231/3","1 nov 2025 17:29:45","18384","18,938","0,856","3,478","10,65","711","14,99",
" 231/4","1 nov 2025 17:30:03","18392","18,938","0,856","3,450","10,59","705","15,00",
" 231/5","1 nov 2025 17:30:22","18400","18,944","0,856","3,446","10,63","714","15,00",
" 232/1","1 nov 2025 17:32:16","18448","18,924","0,854","3,502","10,59","702","15,00",
" 232/2","1 nov 2025 17:32:35","18456","18,930","0,854","3,458","10,35","705","15,00",
" 232/3","1 nov 2025 17:32:54","18464","18,926","0,854","3,502","10,49","712","15,00",
" 232/4","1 nov 2025 17:33:13","18472","18,922","0,856","3,474","10,67","716","15,00",
" 232/5","1 nov 2025 17:33:32","18480","18,936","0,856","3,472","10,03","699","15,00",
" 233/1","1 nov 2025 17:35:25","18528","18,918","0,854","3,452","9,64","694","15,00",
" 233/2","1 nov 2025 17:35:44","18536","18,936","0,854","3,522","10,52","704","14,99",
" 233/3","1 nov 2025 17:36:03","18544","18,942","0,854","3,494","10,56","707","15,00",
" 233/4","1 nov 2025 17:36:22","18552","18,928","0,854","3,474","10,23","701","15,00",
" 233/5","1 nov 2025 17:36:41","18560","18,934","0,854","3,470","10,56","708","14,99",
" 234/1","1 nov 2025 17:38:35","18608","18,918","0,854","3,488","10,46","702","15,00",
" 234/2","1 nov 2025 17:38:54","18616","18,920","0,854","3,474","10,53","707","15,00",
" 234/3","1 nov 2025 17:39:12","18624","18,924","0,856","3,444","10,54","713","15,00",
" 234/4","1 nov 2025 17:39:31","18632","18,942","0,856","3,482","10,38","708","15,00",
" 234/5","1 nov 2025 17:39:50","18640","18,928","0,856","3,498","10,63","712","15,00",
" 235/1","1 nov 2025 17:41:44","18688","18,936","0,852","3,488","10,63","715","15,00",
" 235/2","1 nov 2025 17:42:03","18696","18,936","0,856","3,454","10,40","705","15,00",
" 235/3","1 nov 2025 17:42:22","18704","18,936","0,852","3,464","10,39","699","15,00",
" 235/4","1 nov 2025 17:42:41","18712","18,930","0,854","3,476","10,55","708","15,00",
" 235/5","1 nov 2025 17:43:00","18720","18,920","0,854","3,460","10,44","707","14,99",
" 236/1","1 nov 2025 17:44:53","18768","18,924","0,854","3,460","10,22","705","15,00",
" 236/2","1 nov 2025 17:45:12","18776","18,936","0,854","3,488","10,72","705","15,00",
" 236/3","1 nov 2025 17:45:31","18784","18,928","0,854","3,450","10,35","702","15,00",
" 236/4","1 nov 2025 17:45:50","18792","18,938","0,856","3,490","10,58","709","15,00",
" 236/5","1 nov 2025 17:46:09","18800","18,928","0,854","3,458","10,56","712","15,00",
" 237/1","1 nov 2025 17:48:03","18848","18,940","0,854","3,500","10,43","705","15,00",
" 237/2","1 nov 2025 17:48:22","18856","18,930","0,854","3,502","10,11","698","15,00",
" 237/3","1 nov 2025 17:48:41","18864","18,950","0,856","3,474","10,59","699","15,00",
" 237/4","1 nov 2025 17:48:59","18872","18,926","0,854","3,486","10,54","711","15,00",
" 237/5","1 nov 2025 17:49:18","18880","18,920","0,854","3,472","10,33","705","15,00",
" 238/1","4 nov 2025 6:14:05","18928","18,918","0,862","3,542","11,90","780","15,00",
" 238/2","4 nov 2025 6:14:24","18936","18,924","0,862","3,550","11,09","745","15,00",
" 238/3","4 nov 2025 6:14:43","18944","18,912","0,862","3,640","11,83","768","15,00",
" 238/4","4 nov 2025 6:15:02","18952","18,918","0,864","3,606","11,87","778","15,00",
" 238/5","4 nov 2025 6:15:21","18960","18,918","0,864","3,558","12,10","791","15,00",
" 239/1","4 nov 2025 6:17:14","18984","18,914","0,862","3,610","11,94","778","15,00",
" 239/2","4 nov 2025 6:17:33","18992","18,922","0,866","3,586","12,03","787","15,00",
" 239/3","4 nov 2025 6:17:52","19000","18,920","0,864","3,556","11,91","787","15,00",
" 239/4","4 nov 2025 6:18:11","19008","18,918","0,866","3,582","11,92","787","15,00",
" 239/5","4 nov 2025 6:18:30","19016","18,910","0,866","3,564","12,11","793","15,00",
" 240/1","4 nov 2025 6:23:33","19032","18,872","0,864","3,544","11,75","765","15,00",
" 240/2","4 nov 2025 6:23:52","19040","18,866","0,862","3,452","11,79","780","15,00",
" 240/3","4 nov 2025 6:24:49","19048","18,868","0,866","3,446","11,01","737","15,00",
" 240/4","4 nov 2025 6:26:04","19056","18,884","0,866","3,542","11,85","784","15,00",
" 240/5","4 nov 2025 6:27:01","19064","18,868","0,862","3,530","11,53","757","15,00",
" 241/1","4 nov 2025 6:27:20","19072","18,876","0,864","3,626","11,71","769","15,00",
" 241/2","4 nov 2025 6:27:39","19080","18,874","0,864","3,576","11,68","768","15,00",
" 241/3","4 nov 2025 6:27:57","19088","18,874","0,864","3,548","11,38","748","14,99",
" 241/4","4 nov 2025 6:29:13","19096","18,880","0,862","3,572","11,93","765","15,00",
" 241/5","4 nov 2025 6:29:32","19104","18,868","0,866","3,550","11,68","757","15,00",
" 242/1","4 nov 2025 6:29:51","19112","18,866","0,862","3,606","11,40","743","15,00",
" 242/2","4 nov 2025 6:30:10","19120","18,878","0,866","3,594","11,85","764","15,00",
" 242/3","4 nov 2025 6:30:28","19128","18,872","0,864","3,536","11,76","778","14,99",
" 242/4","4 nov 2025 6:35:35","19136","18,870","0,864","3,396","11,55","739","15,00",
" 242/5","4 nov 2025 6:35:54","19144","18,880","0,862","3,452","11,17","731","15,00",
" 243/1","4 nov 2025 6:36:32","19160","18,880","0,868","3,458","11,98","781","15,00",
" 243/2","4 nov 2025 6:36:51","19168","18,876","0,860","3,414","11,73","772","15,00",
" 243/3","4 nov 2025 6:37:10","19176","18,880","0,866","3,472","11,85","785","15,00",
" 243/4","4 nov 2025 6:40:24","19184","18,876","0,862","3,430","11,12","735","15,00",
" 243/5","4 nov 2025 6:40:43","19192","18,868","0,866","3,568","11,95","784","15,00",
" 244/1","4 nov 2025 6:41:02","19200","18,870","0,864","3,504","11,79","776","15,00",
" 244/2","4 nov 2025 6:41:21","19208","18,878","0,866","3,528","11,99","791","15,00",
" 244/3","4 nov 2025 6:41:40","19216","18,886","0,868","3,472","11,98","777","15,00",
" 244/4","4 nov 2025 6:41:59","19224","18,878","0,866","3,538","12,10","786","15,00",
" 244/5","4 nov 2025 6:42:17","19232","18,868","0,866","3,484","11,89","783","15,00",
" 245/1","4 nov 2025 6:44:11","19280","18,872","0,864","3,542","11,32","743","15,00",
" 245/2","4 nov 2025 6:44:30","19288","18,876","0,864","3,570","11,60","765","14,99",
" 245/3","4 nov 2025 6:44:48","19296","18,874","0,864","3,588","11,93","768","15,00",
" 245/4","4 nov 2025 6:45:07","19304","18,870","0,862","3,542","11,98","787","15,00",
" 245/5","4 nov 2025 6:45:26","19312","18,864","0,862","3,542","11,77","772","15,00",
" 246/1","4 nov 2025 6:47:19","19360","18,866","0,866","3,548","11,40","745","15,00",
" 246/2","4 nov 2025 6:47:38","19368","18,864","0,866","3,620","11,40","752","14,99",
" 246/3","4 nov 2025 6:47:57","19376","18,864","0,864","3,566","11,64","762","15,00",
" 246/4","4 nov 2025 6:48:16","19384","18,862","0,864","3,570","11,96","783","15,00",
" 246/5","4 nov 2025 6:48:35","19392","18,866","0,858","3,534","11,80","773","15,00",
" 247/1","4 nov 2025 6:50:47","19432","18,870","0,862","3,526","11,21","745","15,00",
" 247/2","4 nov 2025 6:51:06","19440","18,862","0,866","3,602","11,94","787","15,00",
" 247/3","4 nov 2025 6:51:25","19448","18,884","0,866","3,536","11,35","752","14,99",
" 247/4","4 nov 2025 6:51:44","19456","18,854","0,862","3,562","11,60","763","15,00",
" 247/5","4 nov 2025 6:52:02","19464","18,864","0,868","3,586","12,02","780","15,00",
" 248/1","4 nov 2025 6:53:37","19504","18,878","0,866","3,608","11,76","771","15,00",
" 248/2","4 nov 2025 6:53:56","19512","18,874","0,866","3,532","11,79","774","15,00",
" 248/3","4 nov 2025 6:54:15","19520","18,866","0,866","3,512","11,92","782","14,99",
" 248/4","4 nov 2025 6:54:33","19528","18,868","0,866","3,524","12,04","788","14,99",
" 248/5","4 nov 2025 6:54:52","19536","18,858","0,862","3,502","11,75","770","15,00",
" 249/1","4 nov 2025 6:56:45","19584","18,862","0,864","3,548","11,30","745","15,00",
" 249/2","4 nov 2025 6:57:04","19592","18,860","0,864","3,606","11,93","779","15,00",
" 249/3","4 nov 2025 6:57:23","19600","18,882","0,868","3,552","11,96","779","15,00",
" 249/4","4 nov 2025 6:57:42","19608","18,870","0,868","3,520","11,98","787","15,00",
" 249/5","4 nov 2025 6:58:01","19616","18,866","0,862","3,520","11,59","762","15,00",
" 250/1","4 nov 2025 6:59:54","19664","18,854","0,862","3,538","11,62","767","15,00",
" 250/2","4 nov 2025 7:00:13","19672","18,862","0,862","3,556","11,35","752","15,00",
" 250/3","4 nov 2025 7:00:32","19680","18,880","0,864","3,546","12,10","795","15,00",
" 250/4","4 nov 2025 7:00:51","19688","18,872","0,868","3,508","11,85","777","15,00",
" 250/5","4 nov 2025 7:01:10","19696","18,868","0,862","3,530","11,19","744","15,00",
" 251/1","4 nov 2025 7:03:03","19744","18,860","0,864","3,538","11,35","743","15,00",
" 251/2","4 nov 2025 7:03:22","19752","18,872","0,862","3,562","12,07","782","15,00",
" 251/3","4 nov 2025 7:03:41","19760","18,870","0,868","3,546","12,02","782","15,00",
" 251/4","4 nov 2025 7:03:59","19768","18,864","0,866","3,516","11,62","762","15,00",
" 251/5","4 nov 2025 7:04:19","19776","18,870","0,866","3,550","11,68","769","14,99",
" 252/1","4 nov 2025 7:06:12","19824","18,868","0,864","3,538","11,34","742","15,00",
" 252/2","4 nov 2025 7:06:30","19832","18,886","0,866","3,600","11,50","750","15,00",
" 252/3","4 nov 2025 7:06:49","19840","18,866","0,864","3,560","11,38","753","15,00",
" 252/4","4 nov 2025 7:07:08","19848","18,870","0,866","3,566","11,92","778","15,00",
" 252/5","4 nov 2025 7:07:27","19856","18,868","0,866","3,510","12,03","790","15,00",
" 253/1","4 nov 2025 7:09:20","19904","18,870","0,860","3,556","11,05","730","15,00",
" 253/2","4 nov 2025 7:09:39","19912","18,882","0,868","3,620","11,66","765","15,00",
" 253/3","4 nov 2025 7:09:58","19920","18,876","0,868","3,536","11,93","782","15,00",
" 253/4","4 nov 2025 7:10:17","19928","18,866","0,866","3,530","12,01","780","15,00",
" 253/5","4 nov 2025 7:10:36","19936","18,864","0,866","3,510","11,83","770","15,00",
" 254/1","4 nov 2025 7:12:29","19984","18,868","0,860","3,530","11,55","760","15,00",
" 254/2","4 nov 2025 7:12:48","19992","18,868","0,862","3,574","11,11","739","15,00",
" 254/3","4 nov 2025 7:13:07","20000","18,860","0,858","3,574","11,04","732","15,00",
" 254/4","4 nov 2025 7:13:26","20008","18,872","0,866","3,596","11,90","790","15,00",
" 254/5","4 nov 2025 7:13:45","20016","18,870","0,864","3,534","12,13","791","15,00",
" 255/1","4 nov 2025 7:15:38","20064","18,868","0,862","3,594","11,40","749","15,00",
" 255/2","4 nov 2025 7:15:57","20072","18,864","0,860","3,546","11,22","741","15,00",
" 255/3","4 nov 2025 7:16:15","20080","18,868","0,864","3,612","11,92","774","15,00",
" 255/4","4 nov 2025 7:17:12","20088","18,866","0,866","3,546","11,34","753","14,99",
" 255/5","4 nov 2025 7:17:31","20096","18,882","0,868","3,552","11,43","752","15,00",
" 256/1","4 nov 2025 7:18:47","20128","18,876","0,866","3,572","11,72","770","15,00",
" 256/2","4 nov 2025 7:19:05","20136","18,874","0,864","3,552","11,65","759","15,00",
" 256/3","4 nov 2025 7:19:24","20144","18,886","0,870","3,552","11,68","764","15,00",
" 256/4","4 nov 2025 7:19:43","20152","18,860","0,868","3,568","12,16","796","15,00",
" 256/5","4 nov 2025 7:20:02","20160","18,874","0,860","3,528","11,66","756","15,00",
" 257/1","4 nov 2025 7:21:55","20208","18,876","0,864","3,562","11,76","771","15,00",
" 257/2","4 nov 2025 7:22:14","20216","18,866","0,864","3,572","11,79","768","15,00",
" 257/3","4 nov 2025 7:22:33","20224","18,864","0,866","3,540","11,90","774","15,00",
" 257/4","4 nov 2025 7:22:52","20232","18,882","0,864","3,506","12,05","792","14,99",
" 257/5","4 nov 2025 7:23:11","20240","18,884","0,868","3,546","12,09","793","15,00",
" 258/1","4 nov 2025 7:25:04","20288","18,874","0,862","3,508","11,61","760","15,00",
" 258/2","4 nov 2025 7:25:23","20296","18,866","0,862","3,558","11,62","767","15,00",
" 258/3","4 nov 2025 7:25:42","20304","18,864","0,862","3,546","11,92","778","14,99",
" 258/4","4 nov 2025 7:26:01","20312","18,882","0,862","3,530","11,87","780","14,99",
" 258/5","4 nov 2025 7:26:19","20320","18,874","0,860","3,516","11,20","733","14,99",
" 259/1","4 nov 2025 7:28:13","20368","18,872","0,858","3,530","10,99","730","15,00",
" 259/2","4 nov 2025 7:28:32","20376","18,864","0,858","3,624","11,53","756","15,00",
" 259/3","4 nov 2025 7:28:50","20384","18,864","0,862","3,578","11,90","779","15,00",
" 259/4","4 nov 2025 7:29:10","20392","18,864","0,862","3,530","11,81","776","15,00",
" 259/5","4 nov 2025 7:29:28","20400","18,870","0,862","3,552","11,46","756","15,00",
" 260/1","4 nov 2025 7:31:21","20448","18,872","0,862","3,618","11,40","752","15,00",
" 260/2","4 nov 2025 7:31:40","20456","18,868","0,860","3,562","11,19","732","15,00",
" 260/3","4 nov 2025 7:31:59","20464","18,878","0,862","3,548","11,58","763","15,00",
" 260/4","4 nov 2025 7:32:18","20472","18,866","0,862","3,574","11,88","776","15,00",
" 260/5","4 nov 2025 7:32:37","20480","18,866","0,862","3,512","11,72","769","15,00",
" 261/1","4 nov 2025 7:34:30","20528","18,876","0,862","3,504","11,38","752","15,00",
" 261/2","4 nov 2025 7:34:49","20536","18,870","0,862","3,544","11,73","773","15,00",
" 261/3","4 nov 2025 7:35:08","20544","18,858","0,862","3,548","11,68","762","15,00",
" 261/4","4 nov 2025 7:35:27","20552","18,868","0,862","3,548","11,53","757","15,00",
" 261/5","4 nov 2025 7:35:46","20560","18,854","0,860","3,552","11,17","733","15,00",
" 262/1","4 nov 2025 7:37:39","20608","18,878","0,866","3,522","11,49","754","15,00",
" 262/2","4 nov 2025 7:37:58","20616","18,878","0,864","3,542","12,06","795","15,00",
" 262/3","4 nov 2025 7:38:17","20624","18,870","0,866","3,526","12,04","794","15,00",
" 262/4","4 nov 2025 7:38:35","20632","18,874","0,864","3,494","11,89","769","15,00",
" 262/5","4 nov 2025 7:38:55","20640","18,884","0,864","3,512","11,80","769","15,00",
" 263/1","4 nov 2025 7:40:48","20688","18,878","0,862","3,530","12,02","786","15,00",
" 263/2","4 nov 2025 7:41:06","20696","18,866","0,860","3,512","11,60","750","15,00",
" 263/3","4 nov 2025 7:41:25","20704","18,854","0,860","3,558","11,02","732","15,00",
" 263/4","4 nov 2025 7:41:44","20712","18,872","0,862","3,608","11,87","778","15,00",
" 263/5","4 nov 2025 7:42:03","20720","18,862","0,860","3,530","11,96","782","14,99",
" 264/1","4 nov 2025 7:43:56","20768","18,870","0,862","3,488","11,21","738","15,00",
" 264/2","4 nov 2025 7:44:16","20776","18,880","0,860","3,580","11,40","750","15,00",
" 264/3","4 nov 2025 7:44:34","20784","18,866","0,864","3,534","11,73","767","15,00",
" 264/4","4 nov 2025 7:44:53","20792","18,866","0,858","3,562","11,83","775","15,00",
" 264/5","4 nov 2025 7:45:12","20800","18,882","0,862","3,552","11,94","772","15,00",
" 265/1","4 nov 2025 7:47:05","20848","18,884","0,864","3,516","11,81","773","15,00",
" 265/2","4 nov 2025 7:47:24","20856","18,866","0,864","3,546","11,75","773","14,99",
" 265/3","4 nov 2025 7:47:43","20864","18,866","0,862","3,526","11,90","783","15,00",
" 265/4","4 nov 2025 7:48:02","20872","18,874","0,868","3,498","12,12","785","14,99",
" 265/5","4 nov 2025 7:48:21","20880","18,866","0,860","3,506","10,93","733","14,99",
" 266/1","4 nov 2025 7:50:14","20928","18,866","0,860","3,468","10,87","725","15,00",
" 266/2","4 nov 2025 7:50:33","20936","18,874","0,864","3,618","11,51","747","15,00",
" 266/3","4 nov 2025 7:50:51","20944","18,874","0,860","3,540","11,02","730","15,00",
" 266/4","4 nov 2025 7:51:10","20952","18,872","0,862","3,594","11,49","750","15,00",
" 266/5","4 nov 2025 7:51:29","20960","18,884","0,864","3,572","11,94","774","15,00",
" 267/1","4 nov 2025 7:53:23","21008","18,882","0,864","3,560","11,98","779","15,00",
" 267/2","4 nov 2025 7:53:42","21016","18,864","0,862","3,516","11,81","769","15,00",
" 267/3","4 nov 2025 7:54:01","21024","18,876","0,862","3,540","11,75","773","15,00",
" 267/4","4 nov 2025 7:54:19","21032","18,872","0,862","3,530","11,92","776","15,00",
" 267/5","4 nov 2025 7:54:38","21040","18,876","0,862","3,528","12,03","784","15,00",
" 268/1","4 nov 2025 7:56:31","21088","18,872","0,860","3,508","11,59","757","15,00",
" 268/2","4 nov 2025 7:56:50","21096","18,888","0,864","3,534","11,66","761","15,00",
" 268/3","4 nov 2025 7:57:09","21104","18,874","0,864","3,490","11,79","768","15,00",
" 268/4","4 nov 2025 7:57:28","21112","18,870","0,862","3,496","11,84","776","15,00",
" 268/5","4 nov 2025 7:57:47","21120","18,878","0,860","3,502","11,02","724","15,00",
" 269/1","4 nov 2025 7:59:40","21168","18,864","0,860","3,560","11,12","741","15,00",
" 269/2","4 nov 2025 7:59:59","21176","18,872","0,862","3,550","11,52","756","15,00",
" 269/3","4 nov 2025 8:00:18","21184","18,884","0,868","3,524","11,96","778","15,00",
" 269/4","4 nov 2025 8:00:37","21192","18,864","0,864","3,494","11,87","772","15,00",
" 269/5","4 nov 2025 8:00:55","21200","18,876","0,860","3,506","11,23","742","15,00",
" 270/1","4 nov 2025 8:02:49","21248","18,880","0,862","3,478","11,79","773","15,00",
" 270/2","4 nov 2025 8:03:08","21256","18,870","0,860","3,496","11,29","748","15,00",
" 270/3","4 nov 2025 8:03:26","21264","18,866","0,862","3,546","11,20","743","15,00",
" 270/4","4 nov 2025 8:03:45","21272","18,870","0,858","3,564","10,92","725","15,00",
" 270/5","4 nov 2025 8:04:04","21280","18,868","0,860","3,586","10,76","722","15,00",
" 271/1","4 nov 2025 8:05:57","21328","18,878","0,862","3,562","11,90","778","14,99",
" 271/2","4 nov 2025 8:06:16","21336","18,886","0,862","3,534","11,74","764","15,00",
" 271/3","4 nov 2025 8:06:35","21344","18,884","0,864","3,536","11,77","766","15,00",
" 271/4","4 nov 2025 8:06:54","21352","18,870","0,862","3,526","11,54","760","15,00",
" 271/5","4 nov 2025 8:07:13","21360","18,878","0,862","3,530","11,81","768","15,00",
" 272/1","4 nov 2025 8:09:06","21408","18,886","0,864","3,504","11,97","784","14,99",
" 272/2","4 nov 2025 8:09:25","21416","18,862","0,862","3,500","11,59","756","15,00",
" 272/3","4 nov 2025 8:09:44","21424","18,872","0,860","3,530","11,64","752","14,99",
" 272/4","4 nov 2025 8:10:03","21432","18,874","0,862","3,470","11,77","774","14,99",
" 272/5","4 nov 2025 8:10:22","21440","18,888","0,862","3,518","11,72","777","15,00",
" 273/1","4 nov 2025 8:12:15","21488","18,876","0,862","3,520","11,34","740","15,00",
" 273/2","4 nov 2025 8:12:34","21496","18,892","0,864","3,526","11,74","773","15,00",
" 273/3","4 nov 2025 8:12:53","21504","18,870","0,852","3,498","11,45","752","15,00",
" 273/4","4 nov 2025 8:13:12","21512","18,874","0,860","3,566","11,47","751","15,00",
" 273/5","4 nov 2025 8:13:31","21520","18,862","0,860","3,594","11,58","741","15,00",
" 274/1","4 nov 2025 8:15:24","21568","18,866","0,860","3,526","11,94","770","14,99",
" 274/2","4 nov 2025 8:15:43","21576","18,880","0,864","3,484","12,03","787","15,00",
" 274/3","4 nov 2025 8:16:02","21584","18,878","0,860","3,510","11,20","729","15,00",
" 274/4","4 nov 2025 8:16:20","21592","18,868","0,862","3,604","11,54","749","15,00",
" 274/5","4 nov 2025 8:16:39","21600","18,872","0,860","3,556","11,29","741","15,00",
" 275/1","4 nov 2025 8:18:33","21648","18,870","0,862","3,522","11,88","773","15,00",
" 275/2","4 nov 2025 8:18:51","21656","18,876","0,866","3,522","11,48","751","15,00",
" 275/3","4 nov 2025 8:19:10","21664","18,894","0,864","3,522","11,42","737","14,99",
" 275/4","4 nov 2025 8:19:29","21672","18,878","0,864","3,582","11,32","738","15,00",
" 275/5","4 nov 2025 8:19:48","21680","18,880","0,864","3,544","11,31","734","15,00",
" 276/1","4 nov 2025 8:21:41","21728","18,870","0,858","3,514","10,69","731","15,00",
" 276/2","4 nov 2025 8:22:00","21736","18,870","0,862","3,652","11,79","775","15,00",
" 276/3","4 nov 2025 8:22:19","21744","18,874","0,862","3,486","10,95","730","14,99",
" 276/4","4 nov 2025 8:22:38","21752","18,872","0,862","3,584","11,73","766","15,00",
" 276/5","4 nov 2025 8:22:57","21760","18,870","0,862","3,516","11,66","766","15,00",
" 277/1","4 nov 2025 8:24:50","21808","18,880","0,862","3,516","11,85","770","15,00",
" 277/2","4 nov 2025 8:25:09","21816","18,878","0,864","3,516","11,88","772","15,00",
" 277/3","4 nov 2025 8:25:28","21824","18,872","0,856","3,532","11,62","751","15,00",
" 277/4","4 nov 2025 8:25:47","21832","18,878","0,862","3,542","11,94","786","15,00",
" 277/5","4 nov 2025 8:26:06","21840","18,884","0,866","3,502","12,10","781","14,99",
" 278/1","4 nov 2025 8:27:59","21888","18,856","0,862","3,508","11,26","745","15,00",
" 278/2","4 nov 2025 8:28:18","21896","18,866","0,862","3,518","11,64","766","15,00",
" 278/3","4 nov 2025 8:28:37","21904","18,872","0,860","3,510","11,68","762","15,00",
" 278/4","4 nov 2025 8:28:56","21912","18,878","0,862","3,516","11,36","747","15,00",
" 278/5","4 nov 2025 8:29:14","21920","18,866","0,860","3,540","11,34","742","15,00",
" 279/1","4 nov 2025 8:31:08","21968","18,882","0,860","3,566","11,75","767","15,00",
" 279/2","4 nov 2025 8:31:27","21976","18,876","0,862","3,542","11,57","757","15,00",
" 279/3","4 nov 2025 8:31:46","21984","18,882","0,860","3,538","10,98","724","15,00",
" 279/4","4 nov 2025 8:32:04","21992","18,884","0,858","3,586","10,95","726","15,00",
" 279/5","4 nov 2025 8:32:23","22000","18,870","0,862","3,556","11,51","753","15,00",
" 280/1","4 nov 2025 8:34:16","22048","18,866","0,864","3,496","11,68","764","14,99",
" 280/2","4 nov 2025 8:34:35","22056","18,872","0,860","3,480","11,55","758","14,99",
" 280/3","4 nov 2025 8:34:54","22064","18,868","0,858","3,502","10,91","717","15,00",
" 280/4","4 nov 2025 8:35:13","22072","18,884","0,862","3,578","10,95","732","14,99",
" 280/5","4 nov 2025 8:35:32","22080","18,876","0,868","3,524","11,50","754","15,00",
" 281/1","4 nov 2025 8:37:25","22128","18,874","0,860","3,512","10,95","735","15,00",
" 281/2","4 nov 2025 8:37:44","22136","18,880","0,858","3,508","10,89","729","15,00",
" 281/3","4 nov 2025 8:38:03","22144","18,882","0,864","3,556","11,45","749","15,00",
" 281/4","4 nov 2025 8:38:22","22152","18,872","0,860","3,462","10,95","735","15,00",
" 281/5","4 nov 2025 8:38:41","22160","18,862","0,850","3,480","10,13","702","15,00",
" 282/1","4 nov 2025 8:40:34","22208","18,876","0,862","3,504","11,48","745","14,99",
" 282/2","4 nov 2025 8:40:53","22216","18,868","0,860","3,514","11,85","779","15,00",
" 282/3","4 nov 2025 8:41:12","22224","18,866","0,858","3,494","11,31","748","14,99",
" 282/4","4 nov 2025 8:41:31","22232","18,860","0,858","3,456","10,72","713","15,00",
" 282/5","4 nov 2025 8:41:49","22240","18,880","0,862","3,506","10,95","725","15,00",
" 283/1","4 nov 2025 8:43:43","22288","18,876","0,858","3,462","10,87","726","15,00",
" 283/2","4 nov 2025 8:44:02","22296","18,870","0,858","3,454","10,77","720","15,00",
" 283/3","4 nov 2025 8:44:20","22304","18,858","0,862","3,538","10,85","725","15,00",
" 283/4","4 nov 2025 8:44:39","22312","18,882","0,856","3,492","10,72","719","14,99",
" 283/5","4 nov 2025 8:44:58","22320","18,860","0,858","3,486","10,56","719","14,99",
" 284/1","4 nov 2025 8:46:51","22368","18,860","0,854","3,494","10,81","723","15,00",
" 284/2","4 nov 2025 8:47:10","22376","18,880","0,854","3,490","10,22","693","15,00",
" 284/3","4 nov 2025 8:47:29","22384","18,876","0,860","3,550","10,18","706","15,00",
" 284/4","4 nov 2025 8:47:48","22392","18,868","0,860","3,568","10,98","725","15,00",
" 284/5","4 nov 2025 8:48:07","22400","18,864","0,858","3,508","10,76","717","15,00",
" 285/1","4 nov 2025 8:50:00","22448","18,882","0,856","3,514","10,77","716","15,00",
" 285/2","4 nov 2025 8:50:19","22456","18,882","0,858","3,510","11,04","732","15,00",
" 285/3","4 nov 2025 8:50:38","22464","18,866","0,856","3,510","10,69","709","15,00",
" 285/4","4 nov 2025 8:50:57","22472","18,870","0,858","3,484","10,90","730","14,99",
" 285/5","4 nov 2025 8:51:16","22480","18,882","0,856","3,524","10,88","721","15,00",
" 286/1","4 nov 2025 8:53:09","22528","18,858","0,856","3,560","10,29","702","15,00",
" 286/2","4 nov 2025 8:53:28","22536","18,860","0,856","3,550","11,04","733","15,00",
" 286/3","4 nov 2025 8:53:47","22544","18,872","0,858","3,500","10,97","730","15,00",
" 286/4","4 nov 2025 8:54:06","22552","18,886","0,862","3,472","10,56","715","15,00",
" 286/5","4 nov 2025 8:54:24","22560","18,866","0,858","3,522","10,84","722","15,00",
" 287/1","4 nov 2025 8:56:18","22608","18,848","0,856","3,526","10,53","713","14,99",
" 287/2","4 nov 2025 8:56:36","22616","18,874","0,858","3,502","10,73","722","15,00",
" 287/3","4 nov 2025 8:56:55","22624","18,862","0,858","3,498","10,84","722","15,00",
" 287/4","4 nov 2025 8:57:14","22632","18,872","0,858","3,518","10,60","712","14,99",
" 287/5","4 nov 2025 8:57:33","22640","18,874","0,856","3,504","10,58","717","14,99",
" 288/1","4 nov 2025 8:59:26","22688","18,866","0,858","3,524","10,79","728","14,99",
" 288/2","4 nov 2025 8:59:45","22696","18,894","0,856","3,514","10,60","711","15,00",
" 288/3","4 nov 2025 9:00:04","22704","18,874","0,856","3,514","10,91","731","15,00",
" 288/4","4 nov 2025 9:00:23","22712","18,876","0,858","3,486","10,91","737","15,00",
" 288/5","4 nov 2025 9:00:42","22720","18,864","0,858","3,544","10,75","721","14,99",
" 289/1","4 nov 2025 9:02:35","22768","18,866","0,852","3,486","10,22","708","15,00",
" 289/2","4 nov 2025 9:02:54","22776","18,872","0,858","3,580","11,19","733","15,00",
" 289/3","4 nov 2025 9:03:13","22784","18,862","0,860","3,516","10,86","725","14,99",
" 289/4","4 nov 2025 9:03:32","22792","18,886","0,858","3,534","10,98","723","15,00",
" 289/5","4 nov 2025 9:03:51","22800","18,874","0,856","3,478","10,95","725","15,00",
" 290/1","4 nov 2025 9:05:44","22848","18,874","0,858","3,500","10,72","714","15,00",
" 290/2","4 nov 2025 9:06:03","22856","18,874","0,858","3,552","10,82","724","15,00",
" 290/3","4 nov 2025 9:06:22","22864","18,868","0,860","3,518","11,25","743","15,00",
" 290/4","4 nov 2025 9:06:40","22872","18,876","0,860","3,494","11,12","738","15,00",
" 290/5","4 nov 2025 9:06:59","22880","18,876","0,858","3,514","10,89","724","15,00",
" 291/1","4 nov 2025 9:08:53","22928","18,868","0,858","3,516","11,36","743","14,99",
" 291/2","4 nov 2025 9:09:11","22936","18,862","0,858","3,504","11,01","728","15,00",
" 291/3","4 nov 2025 9:09:30","22944","18,872","0,856","3,486","10,46","699","15,00",
" 291/4","4 nov 2025 9:09:49","22952","18,874","0,858","3,562","11,10","732","15,00",
" 291/5","4 nov 2025 9:10:08","22960","18,866","0,856","3,502","11,10","732","15,00",
" 292/1","4 nov 2025 9:12:01","23008","18,866","0,856","3,546","10,52","706","15,00",
" 292/2","4 nov 2025 9:12:21","23016","18,888","0,860","3,532","11,31","742","15,00",
" 292/3","4 nov 2025 9:12:39","23024","18,882","0,856","3,486","10,95","722","14,99",
" 292/4","4 nov 2025 9:12:58","23032","18,872","0,860","3,518","10,95","720","15,00",
" 292/5","4 nov 2025 9:13:17","23040","18,868","0,858","3,502","11,12","727","15,00",
" 293/1","4 nov 2025 9:15:10","23088","18,868","0,860","3,504","10,85","717","15,00",
" 293/2","4 nov 2025 9:15:29","23096","18,884","0,858","3,536","11,10","734","15,00",
" 293/3","4 nov 2025 9:15:48","23104","18,880","0,860","3,496","11,19","742","15,00",
" 293/4","4 nov 2025 9:16:07","23112","18,868","0,858","3,454","10,65","711","15,00",
" 293/5","4 nov 2025 9:16:26","23120","18,874","0,858","3,512","11,24","739","15,00",
" 294/1","4 nov 2025 9:18:19","23168","18,888","0,862","3,526","11,19","737","15,00",
" 294/2","4 nov 2025 9:18:38","23176","18,866","0,856","3,508","11,05","725","15,00",
" 294/3","4 nov 2025 9:18:57","23184","18,870","0,860","3,514","10,41","701","15,00",
" 294/4","4 nov 2025 9:19:16","23192","18,870","0,858","3,568","10,64","711","14,99",
" 294/5","4 nov 2025 9:19:34","23200","18,874","0,858","3,520","10,93","727","15,00",
" 295/1","4 nov 2025 9:21:28","23248","18,886","0,856","3,548","10,61","714","15,00",
" 295/2","4 nov 2025 9:21:47","23256","18,888","0,866","3,550","10,39","713","14,99",
" 295/3","4 nov 2025 9:22:05","23264","18,872","0,858","3,534","11,26","733","15,00",
" 295/4","4 nov 2025 9:22:24","23272","18,870","0,856","3,480","10,66","718","15,00",
" 295/5","4 nov 2025 9:22:43","23280","18,870","0,856","3,524","10,50","707","15,00",
" 296/1","4 nov 2025 9:24:36","23328","18,872","0,856","3,542","10,72","710","15,00",
" 296/2","4 nov 2025 9:24:55","23336","18,886","0,856","3,492","10,46","712","15,00",
" 296/3","4 nov 2025 9:25:14","23344","18,876","0,856","3,480","10,56","711","14,99",
" 296/4","4 nov 2025 9:25:33","23352","18,868","0,854","3,540","10,74","715","15,00",
" 296/5","4 nov 2025 9:25:52","23360","18,880","0,856","3,540","10,39","707","15,00",
" 297/1","4 nov 2025 9:27:45","23408","18,870","0,856","3,500","10,95","725","15,00",
" 297/2","4 nov 2025 9:28:04","23416","18,880","0,858","3,492","10,56","714","15,00",
" 297/3","4 nov 2025 9:28:23","23424","18,876","0,854","3,472","10,71","711","15,00",
" 297/4","4 nov 2025 9:28:42","23432","18,890","0,870","3,574","11,36","749","14,99",
" 297/5","4 nov 2025 9:29:01","23440","18,874","0,856","3,432","10,50","708","15,00",
" 298/1","4 nov 2025 9:30:54","23488","18,874","0,856","3,496","10,54","707","15,00",
" 298/2","4 nov 2025 9:31:13","23496","18,876","0,856","3,500","10,34","697","15,00",
" 298/3","4 nov 2025 9:31:33","23504","18,868","0,856","3,576","10,87","724","14,99",
" 298/4","4 nov 2025 9:31:53","23512","18,876","0,858","3,490","10,80","718","15,00",
" 298/5","4 nov 2025 9:32:11","23520","18,868","0,856","3,500","10,21","695","15,00",
" 299/1","4 nov 2025 9:34:03","23568","18,892","0,858","3,526","10,96","725","15,00",
" 299/2","4 nov 2025 9:34:22","23576","18,880","0,858","3,522","11,07","730","15,00",
" 299/3","4 nov 2025 9:34:41","23584","18,880","0,856","3,504","10,77","720","15,00",
" 299/4","4 nov 2025 9:34:59","23592","18,876","0,860","3,538","11,06","733","15,00",
" 299/5","4 nov 2025 9:35:18","23600","18,886","0,858","3,506","10,73","717","15,00",
" 300/1","4 nov 2025 9:37:12","23648","18,880","0,860","3,504","11,05","731","14,99",
" 300/2","4 nov 2025 9:37:31","23656","18,882","0,860","3,484","10,98","719","15,00",
" 300/3","4 nov 2025 9:37:50","23664","18,872","0,856","3,500","10,78","717","15,00",
" 300/4","4 nov 2025 9:38:08","23672","18,862","0,856","3,534","11,04","726","15,00",
" 300/5","4 nov 2025 9:38:27","23680","18,872","0,856","3,504","10,92","714","15,00",
" 301/1","4 nov 2025 9:40:21","23728","18,886","0,858","3,514","11,02","732","15,00",
" 301/2","4 nov 2025 9:40:39","23736","18,878","0,858","3,484","10,69","714","15,00",
" 301/3","4 nov 2025 9:40:58","23744","18,884","0,858","3,492","10,76","715","15,00",
" 301/4","4 nov 2025 9:41:17","23752","18,866","0,854","3,488","10,83","725","15,00",
" 301/5","4 nov 2025 9:41:36","23760","18,876","0,858","3,520","10,70","719","15,00",
" 302/1","4 nov 2025 9:43:30","23808","18,876","0,858","3,510","10,69","718","15,00",
" 302/2","4 nov 2025 9:43:48","23816","18,880","0,858","3,536","11,00","727","15,00",
" 302/3","4 nov 2025 9:44:07","23824","18,892","0,858","3,522","10,98","722","14,99",
" 302/4","4 nov 2025 9:44:26","23832","18,886","0,858","3,518","10,27","709","15,00",
" 302/5","4 nov 2025 9:44:45","23840","18,876","0,856","3,540","10,11","698","15,00",
" 303/1","4 nov 2025 9:46:38","23888","18,876","0,858","3,568","10,80","723","15,00",
" 303/2","4 nov 2025 9:46:57","23896","18,872","0,858","3,534","11,08","735","15,00",
" 303/3","4 nov 2025 9:47:16","23904","18,890","0,858","3,494","10,96","726","15,00",
" 303/4","4 nov 2025 9:47:35","23912","18,874","0,858","3,490","10,34","709","15,00",
" 303/5","4 nov 2025 9:47:53","23920","18,878","0,856","3,546","11,21","738","15,00",
" 304/1","4 nov 2025 9:49:47","23968","18,876","0,856","3,546","10,33","701","15,00",
" 304/2","4 nov 2025 9:50:06","23976","18,886","0,858","3,530","10,95","720","15,00",
" 304/3","4 nov 2025 9:50:24","23984","18,880","0,858","3,524","11,00","726","15,00",
" 304/4","4 nov 2025 9:50:44","23992","18,874","0,856","3,486","10,77","717","14,99",
" 304/5","4 nov 2025 9:51:03","24000","18,884","0,858","3,484","10,65","713","15,00",
" 305/1","4 nov 2025 9:52:56","24048","18,874","0,858","3,486","10,31","706","15,00",
" 305/2","4 nov 2025 9:53:15","24056","18,880","0,858","3,540","10,42","711","14,99",
" 305/3","4 nov 2025 9:53:33","24064","18,896","0,858","3,548","10,45","711","15,00",
" 305/4","4 nov 2025 9:53:52","24072","18,884","0,858","3,556","11,04","729","15,00",
" 305/5","4 nov 2025 9:54:11","24080","18,872","0,856","3,520","10,93","726","15,00",
" 306/1","4 nov 2025 9:56:04","24128","18,870","0,858","3,596","10,78","722","14,99",
" 306/2","4 nov 2025 9:56:24","24136","18,868","0,858","3,510","11,07","724","15,00",
" 306/3","4 nov 2025 9:56:42","24144","18,866","0,858","3,540","11,23","741","15,00",
" 306/4","4 nov 2025 9:57:01","24152","18,868","0,860","3,486","11,02","724","15,00",
" 306/5","4 nov 2025 9:57:20","24160","18,878","0,856","3,502","11,06","726","14,99",
" 307/1","4 nov 2025 9:59:13","24208","18,890","0,858","3,498","10,84","721","15,00",
" 307/2","4 nov 2025 9:59:32","24216","18,870","0,858","3,532","10,79","722","15,00",
" 307/3","4 nov 2025 9:59:51","24224","18,876","0,860","3,516","11,12","727","15,00",
" 307/4","4 nov 2025 10:00:10","24232","18,894","0,858","3,490","11,01","727","15,00",
" 307/5","4 nov 2025 10:00:29","24240","18,888","0,858","3,496","10,99","723","15,00",
" 308/1","4 nov 2025 10:02:22","24288","18,888","0,858","3,514","10,58","712","15,00",
" 308/2","4 nov 2025 10:02:41","24296","18,882","0,858","3,550","10,71","708","15,00",
" 308/3","4 nov 2025 10:03:00","24304","18,876","0,860","3,498","11,02","720","15,00",
" 308/4","4 nov 2025 10:03:19","24312","18,880","0,858","3,510","10,91","727","15,00",
" 308/5","4 nov 2025 10:03:37","24320","18,872","0,856","3,490","10,09","704","14,99",
" 309/1","4 nov 2025 10:05:31","24368","18,866","0,858","3,504","11,14","735","15,00",
" 309/2","4 nov 2025 10:05:50","24376","18,880","0,856","3,492","10,73","707","15,00",
" 309/3","4 nov 2025 10:06:08","24384","18,888","0,856","3,548","10,76","716","14,99",
" 309/4","4 nov 2025 10:06:27","24392","18,880","0,858","3,526","11,00","727","15,00",
" 309/5","4 nov 2025 10:06:47","24400","18,884","0,858","3,482","11,31","741","15,00",
" 310/1","4 nov 2025 10:08:40","24448","18,872","0,856","3,482","10,26","706","15,00",
" 310/2","4 nov 2025 10:08:58","24456","18,892","0,856","3,580","11,15","732","15,00",
" 310/3","4 nov 2025 10:09:17","24464","18,876","0,858","3,508","10,97","723","15,00",
" 310/4","4 nov 2025 10:09:36","24472","18,886","0,860","3,506","10,77","718","14,99",
" 310/5","4 nov 2025 10:09:55","24480","18,888","0,860","3,502","11,18","730","15,00",
" 311/1","4 nov 2025 10:11:48","24528","18,872","0,860","3,470","10,16","696","15,00",
" 311/2","4 nov 2025 10:12:08","24536","18,878","0,858","3,528","10,52","708","15,00",
" 311/3","4 nov 2025 10:12:26","24544","18,872","0,856","3,550","11,06","732","15,00",
" 311/4","4 nov 2025 10:12:45","24552","18,894","0,860","3,526","11,05","718","15,00",
" 311/5","4 nov 2025 10:13:04","24560","18,886","0,858","3,486","10,93","726","15,00",
" 312/1","4 nov 2025 10:14:57","24608","18,864","0,860","3,460","10,75","721","15,00",
" 312/2","4 nov 2025 10:15:16","24616","18,894","0,858","3,478","10,89","716","15,00",
" 312/3","4 nov 2025 10:15:35","24624","18,880","0,856","3,506","10,64","714","14,99",
" 312/4","4 nov 2025 10:15:54","24632","18,876","0,860","3,550","10,43","712","15,00",
" 312/5","4 nov 2025 10:16:13","24640","18,870","0,860","3,514","10,81","712","15,00",
" 313/1","4 nov 2025 10:18:06","24688","18,886","0,858","3,524","11,01","728","15,00",
" 313/2","4 nov 2025 10:18:25","24696","18,868","0,858","3,498","11,08","727","14,99",
" 313/3","4 nov 2025 10:18:44","24704","18,862","0,858","3,508","10,71","715","15,00",
" 313/4","4 nov 2025 10:19:03","24712","18,888","0,858","3,510","10,43","706","15,00",
" 313/5","4 nov 2025 10:19:22","24720","18,884","0,860","3,562","10,74","714","15,00",
" 314/1","4 nov 2025 10:21:15","24768","18,880","0,858","3,480","10,84","714","15,00",
" 314/2","4 nov 2025 10:21:34","24776","18,890","0,860","3,490","11,12","732","15,00",
" 314/3","4 nov 2025 10:21:53","24784","18,876","0,858","3,474","11,10","729","15,00",
" 314/4","4 nov 2025 10:22:11","24792","18,880","0,854","3,520","10,89","717","15,00",
" 314/5","4 nov 2025 10:22:30","24800","18,884","0,860","3,514","11,02","721","15,00",
" 315/1","4 nov 2025 10:24:24","24848","18,874","0,858","3,466","10,83","723","15,00",
" 315/2","4 nov 2025 10:24:42","24856","18,886","0,856","3,506","10,60","710","15,00",
" 315/3","4 nov 2025 10:25:01","24864","18,886","0,856","3,522","10,48","705","15,00",
" 315/4","4 nov 2025 10:25:20","24872","18,888","0,858","3,520","10,68","715","15,00",
" 315/5","4 nov 2025 10:25:39","24880","18,872","0,858","3,478","10,92","719","15,00",
" 316/1","4 nov 2025 10:27:33","24928","18,874","0,858","3,486","10,75","718","15,00",
" 316/2","4 nov 2025 10:27:51","24936","18,870","0,858","3,478","10,91","721","15,00",
" 316/3","4 nov 2025 10:28:10","24944","18,876","0,858","3,458","10,73","714","15,00",
" 316/4","4 nov 2025 10:28:29","24952","18,870","0,856","3,496","10,69","709","14,99",
" 316/5","4 nov 2025 10:28:48","24960","18,866","0,856","3,506","10,87","717","14,99",
" 317/1","4 nov 2025 10:30:41","25008","18,874","0,856","3,532","10,46","705","14,99",
" 317/2","4 nov 2025 10:31:00","25016","18,866","0,860","3,526","11,06","724","15,00",
" 317/3","4 nov 2025 10:31:19","25024","18,884","0,858","3,466","10,73","720","15,00",
" 317/4","4 nov 2025 10:31:38","25032","18,874","0,858","3,512","10,69","714","15,00",
" 317/5","4 nov 2025 10:31:57","25040","18,864","0,856","3,512","10,90","722","15,00",
" 318/1","4 nov 2025 10:33:50","25088","18,872","0,854","3,520","10,54","701","15,00",
" 318/2","4 nov 2025 10:34:09","25096","18,874","0,858","3,486","11,01","731","15,00",
" 318/3","4 nov 2025 10:34:28","25104","18,862","0,858","3,498","10,18","698","15,00",
" 318/4","4 nov 2025 10:34:47","25112","18,888","0,854","3,536","10,03","703","15,00",
" 318/5","4 nov 2025 10:35:05","25120","18,876","0,858","3,546","11,03","726","15,00",
" 319/1","4 nov 2025 10:36:59","25168","18,874","0,856","3,474","10,87","720","15,00",
" 319/2","4 nov 2025 10:37:18","25176","18,874","0,858","3,486","11,00","727","15,00",
" 319/3","4 nov 2025 10:37:37","25184","18,870","0,860","3,468","10,95","723","15,00",
" 319/4","4 nov 2025 10:37:55","25192","18,872","0,858","3,436","10,97","726","15,00",
" 319/5","4 nov 2025 10:38:14","25200","18,858","0,856","3,486","10,83","716","15,00",
" 320/1","4 nov 2025 10:40:07","25248","18,864","0,854","3,590","10,93","724","15,00",
" 320/2","4 nov 2025 10:40:26","25256","18,884","0,858","3,522","11,11","733","15,00",
" 320/3","4 nov 2025 10:40:46","25264","18,868","0,858","3,462","10,85","720","15,00",
" 320/4","4 nov 2025 10:41:04","25272","18,874","0,856","3,484","10,84","717","15,00",
" 320/5","4 nov 2025 10:41:23","25280","18,886","0,858","3,470","10,97","724","15,00",
" 321/1","4 nov 2025 10:43:16","25328","18,870","0,854","3,534","10,33","705","15,00",
" 321/2","4 nov 2025 10:43:35","25336","18,878","0,858","3,504","10,94","720","15,00",
" 321/3","4 nov 2025 10:43:54","25344","18,872","0,856","3,482","10,38","699","15,00",
" 321/4","4 nov 2025 10:44:13","25352","18,864","0,856","3,524","10,54","706","15,00",
" 321/5","4 nov 2025 10:44:32","25360","18,870","0,856","3,514","11,06","719","15,00",
" 322/1","4 nov 2025 10:46:25","25408","18,860","0,858","3,488","10,87","722","15,00",
" 322/2","4 nov 2025 10:46:44","25416","18,894","0,858","3,476","10,67","714","15,00",
" 322/3","4 nov 2025 10:47:03","25424","18,866","0,856","3,498","10,80","713","14,99",
" 322/4","4 nov 2025 10:47:22","25432","18,876","0,854","3,468","10,95","723","15,00",
" 322/5","4 nov 2025 10:47:40","25440","18,862","0,856","3,436","10,61","713","15,00",
" 323/1","4 nov 2025 10:49:34","25488","18,874","0,858","3,440","10,42","713","14,99",
" 323/2","4 nov 2025 10:49:53","25496","18,876","0,856","3,526","10,29","708","15,00",
" 323/3","4 nov 2025 10:50:11","25504","18,864","0,862","3,504","10,87","720","15,00",
" 323/4","4 nov 2025 10:50:30","25512","18,880","0,858","3,504","10,92","720","14,99",
" 323/5","4 nov 2025 10:50:49","25520","18,866","0,858","3,482","10,61","711","15,00",
" 324/1","4 nov 2025 10:52:42","25568","18,866","0,858","3,536","11,08","721","15,00",
" 324/2","4 nov 2025 10:53:01","25576","18,888","0,858","3,502","10,82","721","15,00",
" 324/3","4 nov 2025 10:53:21","25584","18,876","0,858","3,530","10,93","722","15,00",
" 324/4","4 nov 2025 10:53:39","25592","18,874","0,856","3,490","11,15","731","15,00",
" 324/5","4 nov 2025 10:53:58","25600","18,866","0,860","3,494","11,02","729","15,00",
" 325/1","4 nov 2025 10:55:51","25648","18,878","0,858","3,612","11,18","734","15,00",
" 325/2","4 nov 2025 10:56:10","25656","18,874","0,860","3,490","11,10","728","15,00",
" 325/3","4 nov 2025 10:56:29","25664","18,866","0,858","3,500","10,91","725","15,00",
" 325/4","4 nov 2025 10:56:48","25672","18,878","0,856","3,492","10,93","725","14,99",
" 325/5","4 nov 2025 10:57:07","25680","18,856","0,858","3,480","11,17","736","15,00",
" 326/1","4 nov 2025 10:59:00","25728","18,888","0,860","3,526","10,82","721","15,00",
" 326/2","4 nov 2025 10:59:19","25736","18,882","0,860","3,546","11,15","724","15,00",
" 326/3","4 nov 2025 10:59:38","25744","18,868","0,858","3,496","10,79","717","15,00",
" 326/4","4 nov 2025 10:59:57","25752","18,878","0,858","3,492","10,37","707","15,00",
" 326/5","4 nov 2025 11:00:16","25760","18,872","0,858","3,572","11,08","736","15,00",
" 327/1","4 nov 2025 11:02:09","25808","18,880","0,858","3,544","10,46","709","15,00",
" 327/2","4 nov 2025 11:02:28","25816","18,870","0,856","3,500","10,91","725","15,00",
" 327/3","4 nov 2025 11:02:47","25824","18,878","0,858","3,496","10,53","701","15,00",
" 327/4","4 nov 2025 11:03:05","25832","18,878","0,858","3,530","10,20","703","14,99",
" 327/5","4 nov 2025 11:03:25","25840","18,870","0,858","3,492","10,69","708","15,00",
" 328/1","4 nov 2025 11:05:18","25888","18,870","0,854","3,448","10,96","718","15,00",
" 328/2","4 nov 2025 11:05:36","25896","18,878","0,858","3,476","11,10","735","15,00",
" 328/3","4 nov 2025 11:05:55","25904","18,894","0,858","3,486","10,96","727","15,00",
" 328/4","4 nov 2025 11:06:14","25912","18,876","0,856","3,492","11,23","727","15,00",
" 328/5","4 nov 2025 11:06:33","25920","18,870","0,858","3,472","11,02","732","14,99",
" 329/1","4 nov 2025 11:08:26","25968","18,864","0,856","3,494","10,87","718","14,99",
" 329/2","4 nov 2025 11:08:46","25976","18,872","0,858","3,500","10,76","718","15,00",
" 329/3","4 nov 2025 11:09:04","25984","18,882","0,858","3,502","10,93","721","15,00",
" 329/4","4 nov 2025 11:09:23","25992","18,870","0,858","3,484","11,06","724","15,00",
" 329/5","4 nov 2025 11:09:42","26000","18,870","0,856","3,438","10,76","714","15,00",
" 330/1","4 nov 2025 11:11:35","26048","18,886","0,858","3,472","10,59","713","15,00",
" 330/2","4 nov 2025 11:11:54","26056","18,890","0,858","3,580","10,26","704","15,00",
" 330/3","4 nov 2025 11:12:13","26064","18,876","0,860","3,528","11,02","726","15,00",
" 330/4","4 nov 2025 11:12:32","26072","18,878","0,858","3,496","10,87","722","15,00",
" 330/5","4 nov 2025 11:12:51","26080","18,884","0,856","3,486","10,16","696","14,99",
" 331/1","4 nov 2025 11:14:44","26128","18,866","0,856","3,500","10,74","720","15,00",
" 331/2","4 nov 2025 11:15:03","26136","18,880","0,856","3,486","10,08","697","15,00",
" 331/3","4 nov 2025 11:15:22","26144","18,874","0,854","3,554","10,06","701","15,00",
" 331/4","4 nov 2025 11:15:41","26152","18,878","0,856","3,518","10,61","703","15,00",
" 331/5","4 nov 2025 11:16:00","26160","18,878","0,856","3,504","10,81","708","15,00",
" 332/1","4 nov 2025 11:17:53","26208","18,870","0,856","3,510","10,87","713","15,00",
" 332/2","4 nov 2025 11:18:12","26216","18,864","0,856","3,508","9,90","695","15,00",
" 332/3","4 nov 2025 11:18:31","26224","18,876","0,854","3,536","10,22","699","15,00",
" 332/4","4 nov 2025 11:18:50","26232","18,886","0,856","3,554","10,90","724","15,00",
" 332/5","4 nov 2025 11:19:09","26240","18,884","0,858","3,490","10,87","720","15,00",
" 333/1","4 nov 2025 11:21:02","26288","18,882","0,858","3,500","10,93","721","14,99",
" 333/2","4 nov 2025 11:21:21","26296","18,872","0,856","3,466","9,77","693","15,00",
" 333/3","4 nov 2025 11:21:40","26304","18,892","0,860","3,570","10,92","725","14,99",
" 333/4","4 nov 2025 11:21:59","26312","18,874","0,858","3,460","10,93","726","15,00",
" 333/5","4 nov 2025 11:22:17","26320","18,886","0,858","3,504","10,67","715","15,00",
" 334/1","4 nov 2025 11:24:11","26368","18,886","0,856","3,502","10,76","709","15,00",
" 334/2","4 nov 2025 11:24:30","26376","18,890","0,856","3,534","9,63","692","15,00",
" 334/3","4 nov 2025 11:24:48","26384","18,868","0,856","3,580","10,34","701","14,99",
" 334/4","4 nov 2025 11:25:07","26392","18,870","0,856","3,506","10,76","712","15,00",
" 334/5","4 nov 2025 11:25:26","26400","18,874","0,858","3,502","10,94","724","15,00",
" 335/1","4 nov 2025 11:27:20","26448","18,896","0,860","3,502","10,99","726","15,00",
" 335/2","4 nov 2025 11:27:38","26456","18,882","0,858","3,508","10,30","705","15,00",
" 335/3","4 nov 2025 11:27:57","26464","18,866","0,856","3,552","9,74","698","15,00",
" 335/4","4 nov 2025 11:28:16","26472","18,894","0,856","3,598","10,11","704","15,00",
" 335/5","4 nov 2025 11:28:35","26480","18,880","0,858","3,540","10,64","711","15,00",
" 336/1","4 nov 2025 11:30:28","26528","18,880","0,858","3,506","10,99","724","15,00",
" 336/2","4 nov 2025 11:30:47","26536","18,874","0,856","3,496","10,90","720","15,00",
" 336/3","4 nov 2025 11:31:06","26544","18,898","0,858","3,522","9,80","696","15,00",
" 336/4","4 nov 2025 11:31:25","26552","18,884","0,858","3,564","10,38","703","14,99",
" 336/5","4 nov 2025 11:31:44","26560","18,882","0,856","3,526","10,88","721","15,00",
" 337/1","4 nov 2025 11:33:37","26608","18,872","0,858","3,492","10,72","720","15,00",
" 337/2","4 nov 2025 11:33:56","26616","18,874","0,856","3,508","10,90","726","15,00",
" 337/3","4 nov 2025 11:34:15","26624","18,858","0,856","3,520","10,14","693","15,00",
" 337/4","4 nov 2025 11:34:34","26632","18,874","0,856","3,572","9,98","690","14,99",
" 337/5","4 nov 2025 11:34:53","26640","18,880","0,858","3,560","10,81","718","15,00",
" 338/1","4 nov 2025 11:36:46","26688","18,888","0,858","3,514","10,57","700","15,00",
" 338/2","4 nov 2025 11:37:05","26696","18,876","0,856","3,506","10,87","715","15,00",
" 338/3","4 nov 2025 11:37:24","26704","18,862","0,856","3,500","10,50","715","15,00",
" 338/4","4 nov 2025 11:37:43","26712","18,878","0,856","3,508","9,72","698","14,99",
" 338/5","4 nov 2025 11:38:01","26720","18,868","0,854","3,562","10,26","702","15,00",
" 339/1","4 nov 2025 11:39:55","26768","18,876","0,856","3,520","10,59","713","15,00",
" 339/2","4 nov 2025 11:40:14","26776","18,874","0,856","3,508","10,78","719","15,00",
" 339/3","4 nov 2025 11:40:32","26784","18,890","0,858","3,518","10,90","723","15,00",
" 339/4","4 nov 2025 11:40:51","26792","18,878","0,856","3,470","10,37","698","15,00",
" 339/5","4 nov 2025 11:41:10","26800","18,886","0,860","3,556","10,24","702","15,00",
" 340/1","4 nov 2025 11:43:04","26848","18,874","0,856","3,480","10,61","711","15,00",
" 340/2","4 nov 2025 11:43:22","26856","18,882","0,856","3,512","10,61","704","15,00",
" 340/3","4 nov 2025 11:43:41","26864","18,888","0,858","3,500","10,96","725","14,99",
" 340/4","4 nov 2025 11:44:00","26872","18,872","0,854","3,484","10,49","709","15,00",
" 340/5","4 nov 2025 11:44:19","26880","18,874","0,854","3,518","10,46","707","15,00",
" 341/1","4 nov 2025 11:46:12","26928","18,896","0,858","3,554","10,89","723","15,00",
" 341/2","4 nov 2025 11:46:31","26936","18,878","0,856","3,526","10,69","715","15,00",
" 341/3","4 nov 2025 11:46:50","26944","18,876","0,856","3,494","10,48","698","14,99",
" 341/4","4 nov 2025 11:47:09","26952","18,886","0,858","3,536","10,41","694","15,00",
" 341/5","4 nov 2025 11:47:28","26960","18,886","0,856","3,512","10,73","709","15,00",
" 342/1","4 nov 2025 11:49:21","27008","18,872","0,856","3,508","10,72","716","15,00",
" 342/2","4 nov 2025 11:49:40","27016","18,884","0,856","3,532","10,79","703","15,00",
" 342/3","4 nov 2025 11:49:59","27024","18,874","0,856","3,494","10,38","693","14,99",
" 342/4","4 nov 2025 11:50:18","27032","18,868","0,856","3,534","10,28","702","15,00",
" 342/5","4 nov 2025 11:50:37","27040","18,894","0,858","3,546","10,36","704","15,00",
" 343/1","4 nov 2025 11:52:30","27088","18,890","0,856","3,518","10,59","705","15,00",
" 343/2","4 nov 2025 11:52:49","27096","18,878","0,856","3,486","10,86","718","15,00",
" 343/3","4 nov 2025 11:53:08","27104","18,884","0,856","3,466","10,76","713","15,00",
" 343/4","4 nov 2025 11:53:27","27112","18,890","0,858","3,506","10,46","705","15,00",
" 343/5","4 nov 2025 11:53:46","27120","18,884","0,858","3,552","10,46","707","15,00",
" 344/1","4 nov 2025 11:55:39","27168","18,870","0,858","3,522","10,62","711","14,99",
" 344/2","4 nov 2025 11:55:58","27176","18,870","0,854","3,496","10,83","719","15,00",
" 344/3","4 nov 2025 11:56:17","27184","18,892","0,856","3,440","10,59","712","15,00",
" 344/4","4 nov 2025 11:56:36","27192","18,876","0,856","3,502","10,74","704","15,00",
" 344/5","4 nov 2025 11:56:54","27200","18,882","0,856","3,494","10,86","712","15,00",
" 345/1","4 nov 2025 11:58:48","27248","18,870","0,856","3,494","10,89","715","14,99",
" 345/2","4 nov 2025 11:59:07","27256","18,890","0,858","3,490","10,95","729","15,00",
" 345/3","4 nov 2025 11:59:25","27264","18,888","0,858","3,490","10,58","711","15,00",
" 345/4","4 nov 2025 11:59:44","27272","18,872","0,856","3,532","10,53","701","15,00",
" 345/5","4 nov 2025 12:00:03","27280","18,882","0,858","3,490","10,95","722","15,00",
" 346/1","4 nov 2025 12:01:57","27328","18,878","0,858","3,512","10,48","708","15,00",
" 346/2","4 nov 2025 12:02:15","27336","18,886","0,860","3,524","10,98","720","14,99",
" 346/3","4 nov 2025 12:02:34","27344","18,880","0,858","3,502","10,95","727","15,00",
" 346/4","4 nov 2025 12:02:53","27352","18,880","0,856","3,498","10,66","714","15,00",
" 346/5","4 nov 2025 12:03:12","27360","18,894","0,856","3,510","10,87","718","15,00",
" 347/1","4 nov 2025 12:05:05","27408","18,894","0,856","3,534","10,05","701","15,00",
" 347/2","4 nov 2025 12:05:24","27416","18,882","0,856","3,570","10,90","724","14,99",
" 347/3","4 nov 2025 12:05:43","27424","18,876","0,856","3,528","10,93","722","15,00",
" 347/4","4 nov 2025 12:06:02","27432","18,882","0,858","3,492","10,74","704","15,00",
" 347/5","4 nov 2025 12:06:21","27440","18,874","0,858","3,518","10,73","705","14,99",
" 348/1","4 nov 2025 12:08:14","27488","18,904","0,858","3,496","10,32","707","15,00",
" 348/2","4 nov 2025 12:08:33","27496","18,878","0,858","3,574","10,30","704","15,00",
" 348/3","4 nov 2025 12:08:52","27504","18,880","0,862","3,546","10,83","716","15,00",
" 348/4","4 nov 2025 12:09:11","27512","18,884","0,858","3,506","11,02","722","15,00",
" 348/5","4 nov 2025 12:09:30","27520","18,886","0,860","3,508","10,74","718","15,00",
" 349/1","4 nov 2025 12:11:23","27568","18,878","0,856","3,552","11,04","720","15,00",
" 349/2","4 nov 2025 12:11:42","27576","18,878","0,856","3,498","10,89","720","15,00",
" 349/3","4 nov 2025 12:12:01","27584","18,890","0,858","3,530","10,45","706","14,99",
" 349/4","4 nov 2025 12:12:20","27592","18,864","0,856","3,534","10,22","696","15,00",
" 349/5","4 nov 2025 12:12:39","27600","18,880","0,856","3,546","10,90","711","15,00",
" 350/1","4 nov 2025 12:14:32","27648","18,884","0,856","3,520","10,84","718","15,00",
" 350/2","4 nov 2025 12:14:51","27656","18,894","0,858","3,484","11,05","728","15,00",
" 350/3","4 nov 2025 12:15:10","27664","18,888","0,852","3,456","10,20","701","15,00",
" 350/4","4 nov 2025 12:15:29","27672","18,872","0,860","3,604","10,44","709","15,00",
" 350/5","4 nov 2025 12:15:48","27680","18,878","0,856","3,502","10,77","715","15,00",
" 351/1","4 nov 2025 12:17:41","27728","18,884","0,854","3,526","10,64","711","15,00",
" 351/2","4 nov 2025 12:18:00","27736","18,874","0,858","3,508","10,98","720","15,00",
" 351/3","4 nov 2025 12:18:19","27744","18,882","0,858","3,492","10,76","713","14,99",
" 351/4","4 nov 2025 12:18:37","27752","18,870","0,856","3,514","9,98","697","14,99",
" 351/5","4 nov 2025 12:18:56","27760","18,886","0,858","3,592","10,41","707","15,00",
" 352/1","4 nov 2025 12:20:50","27808","18,888","0,858","3,516","10,51","706","15,00",
" 352/2","4 nov 2025 12:21:09","27816","18,872","0,856","3,544","10,31","706","15,00",
" 352/3","4 nov 2025 12:21:27","27824","18,884","0,858","3,518","10,93","715","14,99",
" 352/4","4 nov 2025 12:21:46","27832","18,888","0,858","3,512","10,93","729","15,00",
" 352/5","4 nov 2025 12:22:05","27840","18,886","0,856","3,482","10,35","708","15,00",
" 353/1","4 nov 2025 12:23:58","27888","18,874","0,858","3,534","10,91","718","15,00",
" 353/2","4 nov 2025 12:24:17","27896","18,890","0,856","3,462","10,86","710","15,00",
" 353/3","4 nov 2025 12:24:36","27904","18,882","0,858","3,524","11,00","724","15,00",
" 353/4","4 nov 2025 12:24:55","27912","18,892","0,862","3,504","11,05","729","15,00",
" 353/5","4 nov 2025 12:25:14","27920","18,894","0,858","3,488","10,26","694","15,00",
" 354/1","4 nov 2025 12:27:07","27968","18,884","0,858","3,488","10,83","718","15,00",
" 354/2","4 nov 2025 12:27:26","27976","18,882","0,858","3,518","10,67","714","14,99",
" 354/3","4 nov 2025 12:27:46","27984","18,890","0,860","3,498","10,82","710","14,99",
" 354/4","4 nov 2025 12:28:04","27992","18,888","0,858","3,520","10,84","718","15,00",
" 354/5","4 nov 2025 12:28:23","28000","18,878","0,858","3,488","10,79","715","15,00",
" 355/1","4 nov 2025 12:30:16","28048","18,870","0,856","3,538","11,08","718","15,00",
" 355/2","4 nov 2025 12:30:35","28056","18,884","0,858","3,476","10,97","725","15,00",
" 355/3","4 nov 2025 12:30:54","28064","18,894","0,858","3,494","10,90","721","14,99",
" 355/4","4 nov 2025 12:31:13","28072","18,902","0,858","3,480","10,94","720","14,99",
" 355/5","4 nov 2025 12:31:32","28080","18,880","0,858","3,500","10,96","723","15,00",
" 356/1","4 nov 2025 12:33:25","28128","18,878","0,858","3,512","10,53","704","15,00",
" 356/2","4 nov 2025 12:33:44","28136","18,876","0,858","3,518","10,98","728","15,00",
" 356/3","4 nov 2025 12:34:03","28144","18,880","0,858","3,516","10,84","718","15,00",
" 356/4","4 nov 2025 12:34:22","28152","18,882","0,858","3,532","10,61","708","14,99",
" 356/5","4 nov 2025 12:34:41","28160","18,904","0,858","3,536","10,49","706","14,99",
" 357/1","4 nov 2025 12:36:34","28208","18,884","0,856","3,486","10,62","701","15,00",
" 357/2","4 nov 2025 12:36:53","28216","18,880","0,858","3,526","10,59","711","14,99",
" 357/3","4 nov 2025 12:37:12","28224","18,874","0,856","3,504","10,94","722","14,99",
" 357/4","4 nov 2025 12:37:31","28232","18,900","0,858","3,530","10,90","724","14,99",
" 357/5","4 nov 2025 12:37:49","28240","18,872","0,856","3,504","10,01","694","15,00",
" 358/1","4 nov 2025 12:39:43","28288","18,872","0,856","3,492","10,97","723","15,00",
" 358/2","4 nov 2025 12:40:02","28296","18,892","0,858","3,476","10,65","712","15,00",
" 358/3","4 nov 2025 12:40:21","28304","18,874","0,856","3,534","10,71","701","15,00",
" 358/4","4 nov 2025 12:40:39","28312","18,882","0,858","3,512","10,89","718","15,00",
" 358/5","4 nov 2025 12:40:58","28320","18,876","0,856","3,494","10,83","716","14,99",
" 359/1","4 nov 2025 12:42:52","28368","18,886","0,858","3,502","10,61","704","15,00",
" 359/2","4 nov 2025 12:43:10","28376","18,876","0,858","3,506","10,98","722","15,00",
" 359/3","4 nov 2025 12:43:29","28384","18,872","0,856","3,510","10,70","708","15,00",
" 359/4","4 nov 2025 12:43:48","28392","18,874","0,858","3,516","10,56","711","14,99",
" 359/5","4 nov 2025 12:44:07","28400","18,874","0,856","3,524","10,67","713","14,99",
" 360/1","4 nov 2025 12:46:00","28448","18,882","0,858","3,528","10,79","713","14,99",
" 360/2","4 nov 2025 12:46:19","28456","18,884","0,860","3,512","10,99","717","15,00",
" 360/3","4 nov 2025 12:46:38","28464","18,874","0,858","3,474","10,83","715","15,00",
" 360/4","4 nov 2025 12:46:57","28472","18,870","0,852","3,504","10,43","707","15,00",
" 360/5","4 nov 2025 12:47:16","28480","18,890","0,858","3,548","10,86","718","15,00",
" 361/1","4 nov 2025 12:49:09","28528","18,864","0,854","3,480","10,61","706","15,00",
" 361/2","4 nov 2025 12:49:28","28536","18,876","0,856","3,476","10,91","711","15,00",
" 361/3","4 nov 2025 12:49:47","28544","18,858","0,854","3,498","10,45","703","15,00",
" 361/4","4 nov 2025 12:50:06","28552","18,894","0,856","3,520","10,75","715","15,00",
" 361/5","4 nov 2025 12:50:25","28560","18,878","0,858","3,480","10,92","718","15,00",
" 362/1","4 nov 2025 12:52:18","28608","18,874","0,858","3,496","10,90","719","15,00",
" 362/2","4 nov 2025 12:52:37","28616","18,896","0,860","3,510","10,91","719","15,00",
" 362/3","4 nov 2025 12:52:56","28624","18,888","0,858","3,492","10,20","699","15,00",
" 362/4","4 nov 2025 12:53:15","28632","18,876","0,860","3,550","10,56","705","15,00",
" 362/5","4 nov 2025 12:53:34","28640","18,866","0,856","3,492","10,92","717","15,00",
" 363/1","4 nov 2025 12:55:27","28688","18,862","0,858","3,502","10,56","708","15,00",
" 363/2","4 nov 2025 12:55:46","28696","18,876","0,856","3,482","10,90","719","14,99",
" 363/3","4 nov 2025 12:56:05","28704","18,884","0,858","3,500","10,68","716","15,00",
" 363/4","4 nov 2025 12:56:23","28712","18,882","0,856","3,528","10,61","702","15,00",
" 363/5","4 nov 2025 12:56:42","28720","18,868","0,856","3,492","10,77","715","15,00",
" 364/1","4 nov 2025 12:58:36","28768","18,880","0,860","3,492","10,82","707","15,00",
" 364/2","4 nov 2025 12:58:55","28776","18,890","0,858","3,492","10,80","710","15,00",
" 364/3","4 nov 2025 12:59:13","28784","18,894","0,856","3,492","9,48","694","15,00",
" 364/4","4 nov 2025 12:59:32","28792","18,876","0,856","3,554","10,56","707","15,00",
" 364/5","4 nov 2025 12:59:51","28800","18,870","0,856","3,504","10,83","718","15,00",
" 365/1","4 nov 2025 13:01:44","28848","18,884","0,858","3,504","10,80","715","15,00",
" 365/2","4 nov 2025 13:02:03","28856","18,884","0,860","3,538","10,56","699","15,00",
" 365/3","4 nov 2025 13:02:22","28864","18,888","0,856","3,470","9,51","694","15,00",
" 365/4","4 nov 2025 13:02:41","28872","18,876","0,854","3,586","9,97","698","14,99",
" 365/5","4 nov 2025 13:03:00","28880","18,888","0,856","3,528","10,55","704","15,00",
" 366/1","4 nov 2025 13:04:53","28928","18,882","0,856","3,470","10,79","714","15,00",
" 366/2","4 nov 2025 13:05:12","28936","18,880","0,856","3,488","10,47","695","14,99",
" 366/3","4 nov 2025 13:05:31","28944","18,880","0,856","3,522","10,19","688","15,00",
" 366/4","4 nov 2025 13:05:50","28952","18,882","0,856","3,508","10,82","718","14,99",
" 366/5","4 nov 2025 13:06:09","28960","18,878","0,854","3,484","10,37","705","15,00",
" 367/1","4 nov 2025 13:08:02","29008","18,886","0,858","3,470","10,50","711","14,99",
" 367/2","4 nov 2025 13:08:21","29016","18,886","0,856","3,498","10,64","713","15,00",
" 367/3","4 nov 2025 13:08:40","29024","18,884","0,856","3,494","10,76","714","15,00",
" 367/4","4 nov 2025 13:08:59","29032","18,866","0,854","3,510","10,39","703","15,00",
" 367/5","4 nov 2025 13:09:18","29040","18,896","0,858","3,526","10,44","697","15,00",
" 368/1","4 nov 2025 13:11:11","29088","18,892","0,856","3,476","10,61","706","15,00",
" 368/2","4 nov 2025 13:11:30","29096","18,878","0,856","3,518","10,49","707","15,00",
" 368/3","4 nov 2025 13:11:49","29104","18,874","0,860","3,472","10,88","724","15,00",
" 368/4","4 nov 2025 13:12:08","29112","18,896","0,858","3,468","10,69","713","15,00",
" 368/5","4 nov 2025 13:12:27","29120","18,886","0,856","3,482","10,55","710","14,99",
" 369/1","4 nov 2025 13:14:20","29168","18,878","0,856","3,496","10,03","697","15,00",
" 369/2","4 nov 2025 13:14:39","29176","18,882","0,856","3,526","10,16","702","15,00",
" 369/3","4 nov 2025 13:14:58","29184","18,892","0,856","3,548","10,72","715","15,00",
" 369/4","4 nov 2025 13:15:16","29192","18,878","0,858","3,500","10,80","718","15,00",
" 369/5","4 nov 2025 13:15:35","29200","18,884","0,856","3,458","9,94","693","15,00",
" 370/1","4 nov 2025 13:17:29","29248","18,876","0,856","3,514","10,72","713","15,00",
" 370/2","4 nov 2025 13:17:48","29256","18,882","0,856","3,504","10,47","701","15,00",
" 370/3","4 nov 2025 13:18:06","29264","18,884","0,856","3,534","10,45","705","15,00",
" 370/4","4 nov 2025 13:18:25","29272","18,864","0,854","3,488","10,76","715","15,00",
" 370/5","4 nov 2025 13:18:44","29280","18,872","0,856","3,478","10,36","704","15,00",
" 371/1","4 nov 2025 13:20:37","29328","18,894","0,858","3,520","10,74","714","15,00",
" 371/2","4 nov 2025 13:20:56","29336","18,876","0,856","3,518","10,62","701","15,00",
" 371/3","4 nov 2025 13:21:16","29344","18,888","0,856","3,490","10,27","702","15,00",
" 371/4","4 nov 2025 13:21:34","29352","18,872","0,856","3,538","10,46","705","15,00",
" 371/5","4 nov 2025 13:21:53","29360","18,892","0,856","3,502","10,72","714","15,00",
" 372/1","4 nov 2025 13:23:46","29408","18,890","0,856","3,468","10,33","696","15,00",
" 372/2","4 nov 2025 13:24:05","29416","18,890","0,856","3,514","10,78","713","15,00",
" 372/3","4 nov 2025 13:24:24","29424","18,874","0,854","3,498","10,58","707","15,00",
" 372/4","4 nov 2025 13:24:43","29432","18,884","0,856","3,480","10,51","699","15,00",
" 372/5","4 nov 2025 13:25:02","29440","18,880","0,856","3,484","10,87","718","15,00",
" 373/1","4 nov 2025 13:26:55","29488","18,890","0,854","3,480","9,96","701","14,99",
" 373/2","4 nov 2025 13:27:14","29496","18,886","0,856","3,524","10,29","701","15,00",
" 373/3","4 nov 2025 13:27:33","29504","18,880","0,856","3,522","10,84","718","15,00",
" 373/4","4 nov 2025 13:27:52","29512","18,878","0,856","3,482","10,52","699","14,99",
" 373/5","4 nov 2025 13:28:11","29520","18,878","0,854","3,480","10,52","706","15,00",
" 374/1","4 nov 2025 13:30:04","29568","18,886","0,856","3,514","9,82","688","15,00",
" 374/2","4 nov 2025 13:30:24","29576","18,884","0,856","3,566","9,89","693","14,99",
" 374/3","4 nov 2025 13:30:42","29584","18,878","0,856","3,572","10,65","713","15,00",
" 374/4","4 nov 2025 13:31:01","29592","18,890","0,856","3,504","10,69","714","15,00",
" 374/5","4 nov 2025 13:31:20","29600","18,886","0,856","3,486","10,51","707","15,00",
" 375/1","4 nov 2025 13:33:13","29648","18,894","0,856","3,476","10,22","692","15,00",
" 375/2","4 nov 2025 13:33:32","29656","18,882","0,856","3,496","10,62","712","15,00",
" 375/3","4 nov 2025 13:33:51","29664","18,884","0,854","3,526","10,55","708","15,00",
" 375/4","4 nov 2025 13:34:10","29672","18,880","0,852","3,508","10,13","702","15,00",
" 375/5","4 nov 2025 13:34:28","29680","18,892","0,856","3,558","10,38","705","15,00",
" 376/1","4 nov 2025 13:36:22","29728","18,878","0,856","3,506","10,57","708","15,00",
" 376/2","4 nov 2025 13:36:41","29736","18,878","0,856","3,496","10,69","711","15,00",
" 376/3","4 nov 2025 13:37:00","29744","18,886","0,858","3,500","10,84","718","15,00",
" 376/4","4 nov 2025 13:37:18","29752","18,892","0,856","3,488","10,66","706","15,00",
" 376/5","4 nov 2025 13:37:37","29760","18,882","0,856","3,486","10,54","702","15,00",
" 377/1","4 nov 2025 13:39:31","29808","18,886","0,856","3,474","10,46","698","15,00",
" 377/2","4 nov 2025 13:39:50","29816","18,874","0,856","3,512","10,62","707","15,00",
" 377/3","4 nov 2025 13:40:08","29824","18,880","0,856","3,492","10,83","717","15,00",
" 377/4","4 nov 2025 13:40:27","29832","18,876","0,854","3,492","10,48","705","15,00",
" 377/5","4 nov 2025 13:40:46","29840","18,856","0,854","3,488","10,60","703","15,00",
" 378/1","4 nov 2025 13:42:39","29888","18,888","0,856","3,488","10,54","712","15,00",
" 378/2","4 nov 2025 13:42:58","29896","18,884","0,854","3,492","10,48","708","14,99",
" 378/3","4 nov 2025 13:43:17","29904","18,882","0,858","3,494","10,82","717","15,00",
" 378/4","4 nov 2025 13:43:37","29912","18,886","0,856","3,480","10,18","701","14,99",
" 378/5","4 nov 2025 13:43:55","29920","18,896","0,858","3,522","10,33","704","15,00",
" 379/1","4 nov 2025 13:45:48","29968","18,896","0,856","3,510","10,53","700","15,00",
" 379/2","4 nov 2025 13:46:07","29976","18,882","0,856","3,462","10,82","721","15,00",
" 379/3","4 nov 2025 13:46:26","29984","18,884","0,858","3,482","10,60","710","15,00",
" 379/4","4 nov 2025 13:46:45","29992","18,864","0,856","3,500","10,34","699","15,00",
" 379/5","4 nov 2025 13:47:04","30000","18,884","0,858","3,484","10,87","722","15,00",
" 380/1","4 nov 2025 13:48:57","30048","18,880","0,856","3,462","10,61","706","15,00",
" 380/2","4 nov 2025 13:49:16","30056","18,888","0,856","3,462","10,55","703","15,00",
" 380/3","4 nov 2025 13:49:35","30064","18,880","0,856","3,498","10,82","709","15,00",
" 380/4","4 nov 2025 13:49:54","30072","18,890","0,856","3,500","10,37","702","15,00",
" 380/5","4 nov 2025 13:50:13","30080","18,888","0,856","3,522","9,92","691","14,99",
" 381/1","4 nov 2025 13:52:06","30128","18,870","0,854","3,478","10,54","707","15,00",
" 381/2","4 nov 2025 13:52:25","30136","18,868","0,856","3,546","10,59","712","14,99",
" 381/3","4 nov 2025 13:52:44","30144","18,886","0,856","3,502","10,75","718","15,00",
" 381/4","4 nov 2025 13:53:03","30152","18,896","0,856","3,502","10,83","720","15,00",
" 381/5","4 nov 2025 13:53:21","30160","18,868","0,856","3,476","10,22","699","15,00",
" 382/1","4 nov 2025 13:55:15","30208","18,888","0,856","3,466","10,71","707","14,99",
" 382/2","4 nov 2025 13:55:34","30216","18,874","0,854","3,466","10,37","698","14,99",
" 382/3","4 nov 2025 13:55:53","30224","18,890","0,856","3,510","10,77","720","14,99",
" 382/4","4 nov 2025 13:56:11","30232","18,894","0,856","3,494","10,67","710","15,00",
" 382/5","4 nov 2025 13:56:30","30240","18,882","0,856","3,522","10,37","704","15,00",
" 383/1","4 nov 2025 13:58:24","30288","18,882","0,856","3,484","10,26","699","15,00",
" 383/2","4 nov 2025 13:58:43","30296","18,872","0,854","3,486","10,23","707","14,99",
" 383/3","4 nov 2025 13:59:01","30304","18,892","0,856","3,528","10,86","722","15,00",
" 383/4","4 nov 2025 13:59:20","30312","18,888","0,856","3,468","10,46","704","15,00",
" 383/5","4 nov 2025 13:59:39","30320","18,892","0,856","3,490","10,48","707","15,00",
" 384/1","4 nov 2025 14:01:32","30368","18,872","0,856","3,488","10,68","708","15,00",
" 384/2","4 nov 2025 14:01:52","30376","18,882","0,854","3,474","10,69","713","15,00",
" 384/3","4 nov 2025 14:02:10","30384","18,892","0,856","3,494","10,58","711","15,00",
" 384/4","4 nov 2025 14:02:29","30392","18,896","0,858","3,510","10,63","716","15,00",
" 384/5","4 nov 2025 14:02:48","30400","18,870","0,856","3,462","10,80","722","15,00",
" 385/1","4 nov 2025 14:04:41","30448","18,876","0,856","3,488","10,64","701","15,00",
" 385/2","4 nov 2025 14:05:00","30456","18,898","0,856","3,500","10,83","716","15,00",
" 385/3","4 nov 2025 14:05:19","30464","18,884","0,856","3,510","10,50","705","14,99",
" 385/4","4 nov 2025 14:05:38","30472","18,880","0,856","3,490","10,59","711","15,00",
" 385/5","4 nov 2025 14:05:57","30480","18,896","0,858","3,484","10,83","722","15,00",
" 386/1","4 nov 2025 14:07:50","30528","18,884","0,856","3,474","10,69","706","15,00",
" 386/2","4 nov 2025 14:08:09","30536","18,872","0,856","3,492","10,72","713","15,00",
" 386/3","4 nov 2025 14:08:28","30544","18,874","0,856","3,492","10,53","703","14,99",
" 386/4","4 nov 2025 14:08:47","30552","18,892","0,856","3,464","10,69","713","15,00",
" 386/5","4 nov 2025 14:09:06","30560","18,872","0,856","3,466","10,56","711","15,00",
" 387/1","4 nov 2025 14:15:25","30592","18,902","0,858","3,362","10,14","707","15,00",
" 387/2","4 nov 2025 14:15:43","30600","18,892","0,856","3,374","10,56","713","15,00",
" 387/3","4 nov 2025 14:16:02","30608","18,890","0,854","3,420","10,52","704","15,00",
" 387/4","4 nov 2025 14:16:21","30616","18,888","0,858","3,412","10,90","722","15,00",
" 387/5","4 nov 2025 14:16:40","30624","18,896","0,856","3,408","10,67","717","15,00",
" 388/1","4 nov 2025 14:18:34","30672","18,882","0,854","3,456","10,23","700","15,00",
" 388/2","4 nov 2025 14:18:52","30680","18,876","0,856","3,526","10,89","719","15,00",
" 388/3","4 nov 2025 14:19:11","30688","18,904","0,858","3,460","10,66","709","14,99",
" 388/4","4 nov 2025 14:19:30","30696","18,890","0,856","3,478","10,87","722","15,00",
" 388/5","4 nov 2025 14:19:49","30704","18,888","0,856","3,516","10,94","716","15,00",
" 389/1","4 nov 2025 14:21:42","30752","18,892","0,856","3,522","10,44","707","15,00",
" 389/2","4 nov 2025 14:22:01","30760","18,882","0,856","3,492","10,81","719","15,00",
" 389/3","4 nov 2025 14:22:20","30768","18,882","0,854","3,500","10,26","707","15,00",
" 389/4","4 nov 2025 14:22:39","30776","18,886","0,856","3,520","10,41","704","15,00",
" 389/5","4 nov 2025 14:22:58","30784","18,894","0,858","3,512","10,86","725","15,00",
" 390/1","4 nov 2025 14:24:51","30832","18,902","0,856","3,512","10,34","707","14,99",
" 390/2","4 nov 2025 14:25:10","30840","18,880","0,854","3,516","10,44","712","15,00",
" 390/3","4 nov 2025 14:25:29","30848","18,888","0,856","3,486","10,87","724","15,00",
" 390/4","4 nov 2025 14:25:48","30856","18,890","0,856","3,494","10,33","707","14,99",
" 390/5","4 nov 2025 14:26:06","30864","18,904","0,856","3,566","10,63","717","14,99",
" 391/1","4 nov 2025 14:28:00","30912","18,888","0,856","3,560","10,94","726","15,00",
" 391/2","4 nov 2025 14:28:19","30920","18,866","0,856","3,516","10,76","715","15,00",
" 391/3","4 nov 2025 14:28:37","30928","18,878","0,856","3,500","10,22","702","15,00",
" 391/4","4 nov 2025 14:28:56","30936","18,884","0,858","3,552","10,91","718","15,00",
" 391/5","4 nov 2025 14:29:15","30944","18,882","0,858","3,512","10,80","714","15,00",
" 392/1","4 nov 2025 14:31:09","30992","18,874","0,856","3,506","10,90","722","15,00",
" 392/2","4 nov 2025 14:31:27","31000","18,892","0,858","3,522","10,96","729","14,99",
" 392/3","4 nov 2025 14:31:47","31008","18,878","0,856","3,500","10,61","705","15,00",
" 392/4","4 nov 2025 14:32:05","31016","18,886","0,856","3,512","10,71","712","15,00",
" 392/5","4 nov 2025 14:32:24","31024","18,870","0,856","3,484","10,89","714","15,00",
" 393/1","4 nov 2025 14:34:17","31072","18,892","0,856","3,548","9,50","692","15,00",
" 393/2","4 nov 2025 14:34:36","31080","18,866","0,856","3,634","10,55","702","15,00",
" 393/3","4 nov 2025 14:34:55","31088","18,874","0,856","3,512","10,81","719","14,99",
" 393/4","4 nov 2025 14:35:14","31096","18,880","0,856","3,494","10,95","727","15,00",
" 393/5","4 nov 2025 14:35:33","31104","18,880","0,856","3,478","10,78","718","15,00",
" 394/1","4 nov 2025 14:37:26","31152","18,870","0,858","3,486","10,39","710","15,00",
" 394/2","4 nov 2025 14:37:46","31160","18,888","0,856","3,516","10,36","707","15,00",
" 394/3","4 nov 2025 14:38:04","31168","18,888","0,858","3,512","10,69","716","15,00",
" 394/4","4 nov 2025 14:38:23","31176","18,876","0,856","3,488","10,77","715","15,00",
" 394/5","4 nov 2025 14:38:42","31184","18,886","0,854","3,476","10,22","703","15,00",
" 395/1","4 nov 2025 14:40:36","31232","18,882","0,856","3,512","10,85","716","14,99",
" 395/2","4 nov 2025 14:40:54","31240","18,876","0,860","3,508","10,41","707","15,00",
" 395/3","4 nov 2025 14:41:13","31248","18,886","0,856","3,506","10,75","718","15,00",
" 395/4","4 nov 2025 14:41:32","31256","18,874","0,854","3,522","10,65","714","15,00",
" 395/5","4 nov 2025 14:41:51","31264","18,892","0,856","3,502","10,36","709","14,99",
" 396/1","4 nov 2025 14:43:44","31312","18,876","0,856","3,508","10,78","713","15,00",
" 396/2","4 nov 2025 14:44:03","31320","18,888","0,856","3,490","10,50","707","15,00",
" 396/3","4 nov 2025 14:44:22","31328","18,892","0,856","3,496","10,70","717","15,00",
" 396/4","4 nov 2025 14:44:41","31336","18,872","0,854","3,530","10,73","716","14,99",
" 396/5","4 nov 2025 14:44:59","31344","18,880","0,856","3,490","10,16","699","15,00",
" 397/1","4 nov 2025 14:46:53","31392","18,888","0,856","3,496","10,62","714","15,00",
" 397/2","4 nov 2025 14:47:12","31400","18,882","0,854","3,512","10,49","711","15,00",
" 397/3","4 nov 2025 14:47:31","31408","18,882","0,856","3,496","10,65","709","14,99",
" 397/4","4 nov 2025 14:47:49","31416","18,890","0,856","3,502","10,76","722","15,00",
" 397/5","4 nov 2025 14:48:08","31424","18,886","0,858","3,474","10,59","712","15,00",
" 398/1","4 nov 2025 14:50:02","31472","18,880","0,854","3,530","10,70","712","15,00",
" 398/2","4 nov 2025 14:50:20","31480","18,874","0,856","3,514","10,67","712","15,00",
" 398/3","4 nov 2025 14:50:39","31488","18,896","0,856","3,490","10,60","711","15,00",
" 398/4","4 nov 2025 14:50:58","31496","18,884","0,856","3,456","10,82","713","15,00",
" 398/5","4 nov 2025 14:51:17","31504","18,886","0,856","3,466","10,63","711","15,00",
" 399/1","4 nov 2025 14:53:10","31552","18,882","0,856","3,554","10,43","704","15,00",
" 399/2","4 nov 2025 14:53:29","31560","18,880","0,856","3,484","10,69","711","15,00",
" 399/3","4 nov 2025 14:53:48","31568","18,882","0,856","3,460","10,74","716","14,99",
" 399/4","4 nov 2025 14:54:07","31576","18,886","0,856","3,466","10,46","706","15,00",
" 399/5","4 nov 2025 14:54:26","31584","18,876","0,856","3,516","10,85","712","14,99",
" 400/1","4 nov 2025 14:56:19","31632","18,890","0,856","3,552","10,08","699","14,99",
" 400/2","4 nov 2025 14:56:38","31640","18,884","0,856","3,536","10,67","716","15,00",
" 400/3","4 nov 2025 14:56:58","31648","18,868","0,856","3,510","10,60","712","15,00",
" 400/4","4 nov 2025 14:57:16","31656","18,866","0,854","3,466","9,84","699","15,00",
" 400/5","4 nov 2025 14:57:35","31664","18,896","0,856","3,554","10,72","711","15,00",
" 401/1","4 nov 2025 14:59:28","31712","18,878","0,856","3,482","10,82","716","15,00",
" 401/2","4 nov 2025 14:59:47","31720","18,884","0,854","3,478","10,69","706","15,00",
" 401/3","4 nov 2025 15:00:06","31728","18,866","0,856","3,478","10,50","704","15,00",
" 401/4","4 nov 2025 15:00:25","31736","18,884","0,856","3,498","10,69","714","15,00",
" 401/5","4 nov 2025 15:00:44","31744","18,902","0,856","3,512","10,54","703","14,99",
" 402/1","4 nov 2025 15:02:38","31792","18,878","0,856","3,488","10,63","706","15,00",
" 402/2","4 nov 2025 15:02:56","31800","18,882","0,856","3,460","10,81","712","15,00",
" 402/3","4 nov 2025 15:03:15","31808","18,870","0,856","3,494","10,63","705","15,00",
" 402/4","4 nov 2025 15:03:34","31816","18,880","0,858","3,498","10,53","711","15,00",
" 402/5","4 nov 2025 15:03:52","31824","18,876","0,856","3,494","10,77","718","15,00",
" 403/1","4 nov 2025 15:05:46","31872","18,902","0,856","3,482","10,77","714","15,00",
" 403/2","4 nov 2025 15:06:05","31880","18,890","0,858","3,500","10,65","702","15,00",
" 403/3","4 nov 2025 15:06:24","31888","18,880","0,856","3,488","10,82","714","14,99",
" 403/4","4 nov 2025 15:06:42","31896","18,890","0,856","3,496","10,64","704","15,00",
" 403/5","4 nov 2025 15:07:01","31904","18,884","0,856","3,482","10,48","706","14,99",
" 404/1","4 nov 2025 15:08:55","31952","18,888","0,856","3,490","10,79","716","15,00",
" 404/2","4 nov 2025 15:09:14","31960","18,884","0,856","3,490","10,63","714","15,00",
" 404/3","4 nov 2025 15:09:32","31968","18,900","0,858","3,486","10,88","715","15,00",
" 404/4","4 nov 2025 15:09:51","31976","18,892","0,856","3,488","10,89","715","15,00",
" 404/5","4 nov 2025 15:10:10","31984","18,880","0,856","3,472","10,61","704","15,00",
" 405/1","4 nov 2025 15:12:04","32032","18,876","0,856","3,492","9,89","698","15,00",
" 405/2","4 nov 2025 15:12:22","32040","18,874","0,854","3,570","9,79","702","15,00",
" 405/3","4 nov 2025 15:12:41","32048","18,894","0,856","3,566","10,83","713","15,00",
" 405/4","4 nov 2025 15:13:00","32056","18,888","0,856","3,498","10,78","719","14,99",
" 405/5","4 nov 2025 15:13:19","32064","18,876","0,854","3,476","10,37","703","15,00",
" 406/1","4 nov 2025 15:15:12","32112","18,872","0,856","3,490","10,35","702","15,00",
" 406/2","4 nov 2025 15:15:32","32120","18,894","0,856","3,532","10,17","700","15,00",
" 406/3","4 nov 2025 15:15:51","32128","18,890","0,856","3,530","10,21","700","15,00",
" 406/4","4 nov 2025 15:16:09","32136","18,902","0,858","3,560","10,79","719","15,00",
" 406/5","4 nov 2025 15:16:28","32144","18,876","0,858","3,496","10,53","710","15,00",
" 407/1","4 nov 2025 15:18:21","32192","18,888","0,856","3,530","10,67","715","15,00",
" 407/2","4 nov 2025 15:18:41","32200","18,870","0,854","3,512","9,86","698","15,00",
" 407/3","4 nov 2025 15:18:59","32208","18,880","0,852","3,580","9,48","694","15,00",
" 407/4","4 nov 2025 15:19:18","32216","18,880","0,856","3,614","10,74","712","15,00",
" 407/5","4 nov 2025 15:19:37","32224","18,868","0,856","3,520","10,93","709","15,00",
" 408/1","4 nov 2025 15:21:30","32272","18,890","0,856","3,492","10,44","707","14,99",
" 408/2","4 nov 2025 15:21:49","32280","18,900","0,858","3,542","10,82","721","15,00",
" 408/3","4 nov 2025 15:22:08","32288","18,898","0,856","3,478","10,59","705","15,00",
" 408/4","4 nov 2025 15:22:27","32296","18,882","0,856","3,534","10,50","705","14,99",
" 408/5","4 nov 2025 15:22:46","32304","18,882","0,856","3,544","10,44","708","14,99",
" 409/1","4 nov 2025 15:24:39","32352","18,898","0,856","3,484","10,59","703","14,99",
" 409/2","4 nov 2025 15:24:58","32360","18,884","0,858","3,498","10,66","702","15,00",
" 409/3","4 nov 2025 15:25:17","32368","18,880","0,856","3,496","10,93","709","15,00",
" 409/4","4 nov 2025 15:25:36","32376","18,880","0,856","3,492","10,42","700","15,00",
" 409/5","4 nov 2025 15:25:55","32384","18,890","0,856","3,512","10,25","702","15,00",
" 410/1","4 nov 2025 15:27:48","32432","18,902","0,858","3,542","10,90","722","15,00",
" 410/2","4 nov 2025 15:28:07","32440","18,892","0,856","3,472","10,52","700","14,99",
" 410/3","4 nov 2025 15:28:26","32448","18,882","0,856","3,500","10,79","703","15,00",
" 410/4","4 nov 2025 15:28:45","32456","18,880","0,856","3,490","10,94","720","15,00",
" 410/5","4 nov 2025 15:29:03","32464","18,894","0,852","3,484","10,01","699","15,00",
" 411/1","4 nov 2025 15:30:57","32512","18,884","0,856","3,516","10,88","717","15,00",
" 411/2","4 nov 2025 15:31:16","32520","18,888","0,858","3,476","10,48","708","15,00",
" 411/3","4 nov 2025 15:31:35","32528","18,898","0,858","3,510","10,51","709","15,00",
" 411/4","4 nov 2025 15:31:54","32536","18,894","0,856","3,482","10,92","712","14,99",
" 411/5","4 nov 2025 15:32:12","32544","18,878","0,856","3,468","10,50","707","15,00",
" 412/1","4 nov 2025 15:34:06","32592","18,888","0,856","3,494","10,35","704","15,00",
" 412/2","4 nov 2025 15:34:25","32600","18,896","0,856","3,524","10,58","715","15,00",
" 412/3","4 nov 2025 15:34:43","32608","18,878","0,856","3,512","10,63","712","15,00",
" 412/4","4 nov 2025 15:35:02","32616","18,878","0,856","3,540","10,16","701","15,00",
" 412/5","4 nov 2025 15:35:21","32624","18,866","0,856","3,522","10,11","701","15,00",
" 413/1","4 nov 2025 15:37:15","32672","18,888","0,856","3,492","10,52","711","14,99",
" 413/2","4 nov 2025 15:37:33","32680","18,868","0,856","3,478","10,59","702","15,00",
" 413/3","4 nov 2025 15:37:52","32688","18,880","0,856","3,494","10,63","708","15,00",
" 413/4","4 nov 2025 15:38:11","32696","18,904","0,856","3,498","10,42","709","15,00",
" 413/5","4 nov 2025 15:38:30","32704","18,886","0,858","3,510","10,65","710","15,00",
" 414/1","4 nov 2025 15:40:23","32752","18,874","0,858","3,498","10,62","709","15,00",
" 414/2","4 nov 2025 15:40:43","32760","18,882","0,854","3,502","10,39","706","15,00",
" 414/3","4 nov 2025 15:41:01","32768","18,880","0,856","3,534","10,68","711","15,00",
" 414/4","4 nov 2025 15:41:20","32776","18,892","0,858","3,494","10,69","716","15,00",
" 414/5","4 nov 2025 15:41:39","32784","18,876","0,856","3,482","10,39","711","15,00",
" 415/1","4 nov 2025 15:43:32","32832","18,878","0,856","3,470","10,46","702","15,00",
" 415/2","4 nov 2025 15:43:51","32840","18,880","0,856","3,484","10,51","711","15,00",
" 415/3","4 nov 2025 15:44:10","32848","18,884","0,858","3,494","10,76","716","15,00",
" 415/4","4 nov 2025 15:44:29","32856","18,898","0,860","3,494","10,44","706","15,00",
" 415/5","4 nov 2025 15:44:48","32864","18,886","0,858","3,496","10,59","711","15,00",
" 416/1","4 nov 2025 15:46:41","32912","18,884","0,856","3,496","10,57","708","15,00",
" 416/2","4 nov 2025 15:47:00","32920","18,880","0,856","3,516","10,48","704","15,00",
" 416/3","4 nov 2025 15:47:19","32928","18,892","0,858","3,510","10,71","713","15,00",
" 416/4","4 nov 2025 15:47:38","32936","18,884","0,856","3,496","10,68","710","15,00",
" 416/5","4 nov 2025 15:47:57","32944","18,886","0,854","3,496","10,35","705","15,00",
" 417/1","4 nov 2025 15:49:50","32992","18,888","0,858","3,478","10,40","700","14,99",
" 417/2","4 nov 2025 15:50:09","33000","18,904","0,858","3,514","9,97","702","15,00",
" 417/3","4 nov 2025 15:50:28","33008","18,898","0,858","3,548","10,47","710","15,00",
" 417/4","4 nov 2025 15:50:47","33016","18,874","0,858","3,514","10,72","717","15,00",
" 417/5","4 nov 2025 15:51:06","33024","18,880","0,856","3,480","10,60","708","15,00",
" 418/1","4 nov 2025 15:52:59","33072","18,892","0,856","3,486","10,01","691","15,00",
" 418/2","4 nov 2025 15:53:18","33080","18,886","0,854","3,512","9,47","688","15,00",
" 418/3","4 nov 2025 15:53:37","33088","18,880","0,856","3,562","10,44","706","14,99",
" 418/4","4 nov 2025 15:53:56","33096","18,882","0,856","3,536","10,62","710","15,00",
" 418/5","4 nov 2025 15:54:14","33104","18,892","0,856","3,496","10,07","697","15,00",
" 419/1","4 nov 2025 15:56:08","33152","18,892","0,856","3,556","10,74","715","15,00",
" 419/2","4 nov 2025 15:56:27","33160","18,878","0,856","3,502","10,41","704","15,00",
" 419/3","4 nov 2025 15:56:46","33168","18,890","0,856","3,538","10,33","705","15,00",
" 419/4","4 nov 2025 15:57:04","33176","18,894","0,856","3,506","10,50","701","14,99",
" 419/5","4 nov 2025 15:57:23","33184","18,878","0,856","3,516","10,66","711","15,00",
" 420/1","4 nov 2025 15:59:17","33232","18,872","0,856","3,524","10,63","709","15,00",
" 420/2","4 nov 2025 15:59:36","33240","18,874","0,856","3,482","10,53","708","15,00",
" 420/3","4 nov 2025 15:59:54","33248","18,874","0,856","3,498","10,54","701","15,00",
" 420/4","4 nov 2025 16:00:13","33256","18,894","0,858","3,484","10,84","716","14,99",
" 420/5","4 nov 2025 16:00:32","33264","18,874","0,856","3,462","10,34","703","15,00",
" 421/1","4 nov 2025 16:02:25","33312","18,892","0,856","3,516","10,63","703","15,00",
" 421/2","4 nov 2025 16:02:44","33320","18,880","0,856","3,482","10,37","697","15,00",
" 421/3","4 nov 2025 16:03:03","33328","18,886","0,858","3,528","10,55","711","15,00",
" 421/4","4 nov 2025 16:03:23","33336","18,886","0,856","3,472","10,74","716","15,00",
" 421/5","4 nov 2025 16:03:41","33344","18,890","0,856","3,512","10,04","696","15,00",
" 422/1","4 nov 2025 16:05:34","33392","18,862","0,854","3,538","10,61","708","15,00",
" 422/2","4 nov 2025 16:05:53","33400","18,888","0,856","3,500","10,56","708","15,00",
" 422/3","4 nov 2025 16:06:12","33408","18,886","0,854","3,472","10,46","706","15,00",
" 422/4","4 nov 2025 16:06:31","33416","18,870","0,856","3,482","10,66","708","15,00",
" 422/5","4 nov 2025 16:06:51","33424","18,896","0,856","3,500","10,41","704","15,00",
" 423/1","4 nov 2025 16:08:43","33472","18,880","0,858","3,478","10,46","707","14,99",
" 423/2","4 nov 2025 16:09:03","33480","18,892","0,856","3,498","10,78","714","15,00",
" 423/3","4 nov 2025 16:09:21","33488","18,876","0,858","3,458","10,48","706","15,00",
" 423/4","4 nov 2025 16:09:40","33496","18,886","0,858","3,520","10,54","706","15,00",
" 423/5","4 nov 2025 16:09:59","33504","18,886","0,856","3,510","10,60","711","15,00",
" 424/1","4 nov 2025 16:11:52","33552","18,882","0,856","3,464","10,54","706","15,00",
" 424/2","4 nov 2025 16:12:11","33560","18,884","0,854","3,494","10,61","699","15,00",
" 424/3","4 nov 2025 16:12:30","33568","18,888","0,854","3,476","10,66","710","15,00",
" 424/4","4 nov 2025 16:12:49","33576","18,892","0,856","3,448","10,01","695","15,00",
" 424/5","4 nov 2025 16:13:08","33584","18,872","0,858","3,534","10,67","710","15,00",
" 425/1","4 nov 2025 16:15:01","33632","18,890","0,856","3,478","9,92","687","15,00",
" 425/2","4 nov 2025 16:15:20","33640","18,884","0,856","3,546","10,80","717","15,00",
" 425/3","4 nov 2025 16:15:39","33648","18,886","0,856","3,472","10,52","704","14,99",
" 425/4","4 nov 2025 16:15:58","33656","18,886","0,854","3,484","10,29","694","15,00",
" 425/5","4 nov 2025 16:16:16","33664","18,870","0,856","3,506","10,61","701","15,00",
" 426/1","4 nov 2025 16:18:10","33712","18,892","0,856","3,556","9,58","693","15,00",
" 426/2","4 nov 2025 16:18:29","33720","18,876","0,854","3,532","10,07","694","15,00",
" 426/3","4 nov 2025 16:18:48","33728","18,896","0,856","3,550","10,63","703","15,00",
" 426/4","4 nov 2025 16:19:06","33736","18,876","0,858","3,494","10,22","695","15,00",
" 426/5","4 nov 2025 16:19:25","33744","18,876","0,858","3,532","10,47","704","15,00",
" 427/1","4 nov 2025 16:21:19","33792","18,876","0,856","3,518","9,53","685","15,00",
" 427/2","4 nov 2025 16:21:38","33800","18,876","0,856","3,554","10,52","704","15,00",
" 427/3","4 nov 2025 16:21:56","33808","18,876","0,856","3,486","10,51","700","15,00",
" 427/4","4 nov 2025 16:22:15","33816","18,876","0,856","3,488","10,08","697","15,00",
" 427/5","4 nov 2025 16:22:34","33824","18,884","0,856","3,480","10,50","700","15,00",
" 428/1","4 nov 2025 16:24:27","33872","18,882","0,858","3,546","10,18","699","15,00",
" 428/2","4 nov 2025 16:24:47","33880","18,892","0,856","3,534","10,49","702","15,00",
" 428/3","4 nov 2025 16:25:05","33888","18,890","0,856","3,484","10,59","707","15,00",
" 428/4","4 nov 2025 16:25:24","33896","18,882","0,856","3,476","10,38","702","15,00",
" 428/5","4 nov 2025 16:25:43","33904","18,868","0,856","3,496","10,48","705","15,00",
" 429/1","4 nov 2025 16:27:36","33952","18,886","0,858","3,502","10,59","714","15,00",
" 429/2","4 nov 2025 16:27:55","33960","18,878","0,856","3,492","9,82","693","15,00",
" 429/3","4 nov 2025 16:28:14","33968","18,890","0,856","3,552","9,66","687","15,00",
" 429/4","4 nov 2025 16:28:33","33976","18,876","0,854","3,558","10,57","709","15,00",
" 429/5","4 nov 2025 16:28:52","33984","18,886","0,856","3,488","10,46","697","15,00",
" 430/1","4 nov 2025 16:30:45","34032","18,894","0,856","3,572","10,43","703","15,00",
" 430/2","4 nov 2025 16:31:04","34040","18,886","0,858","3,492","10,63","705","15,00",
" 430/3","4 nov 2025 16:31:23","34048","18,876","0,858","3,468","10,44","699","14,99",
" 430/4","4 nov 2025 16:31:42","34056","18,876","0,860","3,510","10,63","708","15,00",
" 430/5","4 nov 2025 16:32:01","34064","18,874","0,856","3,494","10,56","706","14,99",
" 431/1","4 nov 2025 16:33:54","34112","18,874","0,856","3,546","9,94","695","14,99",
" 431/2","4 nov 2025 16:34:13","34120","18,870","0,856","3,528","10,60","706","15,00",
" 431/3","4 nov 2025 16:34:32","34128","18,896","0,858","3,488","10,52","706","14,99",
" 431/4","4 nov 2025 16:34:51","34136","18,876","0,856","3,480","10,28","699","15,00",
" 431/5","4 nov 2025 16:35:09","34144","18,882","0,856","3,504","10,66","710","15,00",
" 432/1","4 nov 2025 16:37:03","34192","18,884","0,856","3,454","10,65","711","15,00",
" 432/2","4 nov 2025 16:37:22","34200","18,884","0,856","3,474","10,56","704","15,00",
" 432/3","4 nov 2025 16:37:41","34208","18,884","0,856","3,482","10,39","701","15,00",
" 432/4","4 nov 2025 16:38:00","34216","18,888","0,856","3,486","10,72","715","15,00",
" 432/5","4 nov 2025 16:38:18","34224","18,888","0,856","3,466","10,58","711","15,00",
" 433/1","4 nov 2025 16:40:12","34272","18,890","0,856","3,474","10,60","710","14,99",
" 433/2","4 nov 2025 16:40:31","34280","18,874","0,856","3,438","10,37","700","14,99",
" 433/3","4 nov 2025 16:40:49","34288","18,892","0,856","3,468","10,61","711","15,00",
" 433/4","4 nov 2025 16:41:08","34296","18,884","0,856","3,492","10,54","709","15,00",
" 433/5","4 nov 2025 16:41:27","34304","18,896","0,858","3,490","10,56","709","15,00",
" 434/1","4 nov 2025 16:43:21","34352","18,886","0,856","3,506","9,26","693","15,00",
" 434/2","4 nov 2025 16:43:39","34360","18,892","0,856","3,608","10,48","709","15,00",
" 434/3","4 nov 2025 16:43:58","34368","18,884","0,858","3,510","10,77","717","15,00",
" 434/4","4 nov 2025 16:44:17","34376","18,868","0,856","3,488","10,47","700","15,00",
" 434/5","4 nov 2025 16:44:36","34384","18,868","0,856","3,498","10,42","705","14,99",
" 435/1","4 nov 2025 16:46:29","34432","18,894","0,856","3,514","9,90","697","15,00",
" 435/2","4 nov 2025 16:46:48","34440","18,890","0,856","3,538","9,66","688","15,00",
" 435/3","4 nov 2025 16:47:08","34448","18,894","0,856","3,540","10,50","697","14,99",
" 435/4","4 nov 2025 16:47:26","34456","18,882","0,856","3,524","10,62","709","15,00",
" 435/5","4 nov 2025 16:47:45","34464","18,892","0,856","3,492","10,34","701","15,00",
" 436/1","4 nov 2025 16:49:38","34512","18,898","0,856","3,466","10,44","704","15,00",
" 436/2","4 nov 2025 16:49:57","34520","18,888","0,856","3,498","10,42","704","15,00",
" 436/3","4 nov 2025 16:50:16","34528","18,890","0,858","3,496","10,64","701","15,00",
" 436/4","4 nov 2025 16:50:35","34536","18,886","0,856","3,508","10,10","694","15,00",
" 436/5","4 nov 2025 16:50:54","34544","18,866","0,854","3,552","9,67","696","15,00",
" 437/1","4 nov 2025 16:52:47","34592","18,886","0,858","3,540","10,65","712","15,00",
" 437/2","4 nov 2025 16:53:06","34600","18,898","0,856","3,490","10,14","695","14,99",
" 437/3","4 nov 2025 16:53:25","34608","18,886","0,856","3,544","10,15","703","15,00",
" 437/4","4 nov 2025 16:53:44","34616","18,882","0,856","3,498","10,50","704","15,00",
" 437/5","4 nov 2025 16:54:03","34624","18,892","0,856","3,496","10,31","704","15,00",
" 438/1","4 nov 2025 16:55:57","34672","18,870","0,856","3,528","10,46","703","15,00",
" 438/2","4 nov 2025 16:56:15","34680","18,886","0,856","3,530","10,61","702","14,99",
" 438/3","4 nov 2025 16:56:34","34688","18,878","0,856","3,526","10,20","698","14,99",
" 438/4","4 nov 2025 16:56:53","34696","18,886","0,856","3,534","10,03","698","15,00",
" 438/5","4 nov 2025 16:57:12","34704","18,878","0,856","3,544","10,61","708","14,99",
" 439/1","4 nov 2025 16:59:05","34752","18,882","0,858","3,502","10,45","704","15,00",
" 439/2","4 nov 2025 16:59:24","34760","18,876","0,856","3,500","10,44","704","15,00",
" 439/3","4 nov 2025 16:59:43","34768","18,882","0,858","3,504","10,61","709","15,00",
" 439/4","4 nov 2025 17:00:02","34776","18,882","0,854","3,468","10,27","703","15,00",
" 439/5","4 nov 2025 17:00:20","34784","18,896","0,856","3,480","10,49","699","15,00",
" 440/1","4 nov 2025 17:02:14","34832","18,888","0,856","3,490","10,44","702","15,00",
" 440/2","4 nov 2025 17:02:33","34840","18,876","0,856","3,488","10,50","706","15,00",
" 440/3","4 nov 2025 17:02:52","34848","18,878","0,856","3,504","10,70","707","15,00",
" 440/4","4 nov 2025 17:03:10","34856","18,906","0,856","3,460","10,31","702","15,00",
" 440/5","4 nov 2025 17:03:29","34864","18,886","0,856","3,510","10,46","707","15,00",
" 441/1","4 nov 2025 17:05:24","34912","18,888","0,856","3,510","10,52","700","15,00",
" 441/2","4 nov 2025 17:05:42","34920","18,882","0,856","3,482","10,50","701","15,00",
" 441/3","4 nov 2025 17:06:00","34928","18,878","0,856","3,504","10,59","708","15,00",
" 441/4","4 nov 2025 17:06:19","34936","18,886","0,856","3,512","10,16","699","15,00",
" 441/5","4 nov 2025 17:06:38","34944","18,886","0,856","3,520","10,10","700","15,00",
" 442/1","4 nov 2025 17:08:32","34992","18,876","0,856","3,532","10,51","707","15,00",
" 442/2","4 nov 2025 17:08:50","35000","18,874","0,854","3,528","10,04","694","15,00",
" 442/3","4 nov 2025 17:09:09","35008","18,888","0,856","3,530","10,09","693","14,99",
" 442/4","4 nov 2025 17:09:28","35016","18,880","0,856","3,524","10,20","699","15,00",
" 442/5","4 nov 2025 17:09:47","35024","18,892","0,856","3,554","10,57","703","15,00",
" 443/1","4 nov 2025 17:11:40","35072","18,894","0,862","3,564","10,19","697","15,00",
" 443/2","4 nov 2025 17:11:59","35080","18,880","0,856","3,488","10,31","694","15,00",
" 443/3","4 nov 2025 17:12:18","35088","18,904","0,856","3,490","9,86","689","15,00",
" 443/4","4 nov 2025 17:12:37","35096","18,886","0,856","3,520","9,88","693","14,99",
" 443/5","4 nov 2025 17:12:56","35104","18,896","0,856","3,566","10,33","691","15,00",
" 444/1","4 nov 2025 17:14:49","35152","18,880","0,852","3,522","9,58","684","15,00",
" 444/2","4 nov 2025 17:15:08","35160","18,872","0,856","3,544","10,39","702","15,00",
" 444/3","4 nov 2025 17:15:27","35168","18,892","0,856","3,500","10,31","696","14,99",
" 444/4","4 nov 2025 17:15:47","35176","18,888","0,856","3,526","9,69","692","15,00",
" 444/5","4 nov 2025 17:16:05","35184","18,888","0,856","3,578","9,08","689","15,00",
" 445/1","4 nov 2025 17:17:58","35232","18,898","0,856","3,498","10,29","700","15,00",
" 445/2","4 nov 2025 17:18:17","35240","18,888","0,856","3,494","10,17","698","15,00",
" 445/3","4 nov 2025 17:18:36","35248","18,884","0,856","3,488","10,20","695","15,00",
" 445/4","4 nov 2025 17:18:55","35256","18,894","0,856","3,494","10,38","699","15,00",
" 445/5","4 nov 2025 17:19:14","35264","18,886","0,854","3,490","9,84","693","15,00",
" 446/1","4 nov 2025 17:21:07","35312","18,878","0,856","3,524","10,41","699","15,00",
" 446/2","4 nov 2025 17:21:26","35320","18,886","0,856","3,516","10,11","690","15,00",
" 446/3","4 nov 2025 17:21:45","35328","18,874","0,854","3,526","10,24","693","15,00",
" 446/4","4 nov 2025 17:22:04","35336","18,898","0,856","3,470","10,44","697","14,99",
" 446/5","4 nov 2025 17:22:23","35344","18,892","0,856","3,526","10,08","690","15,00",
" 447/1","4 nov 2025 17:24:16","35392","18,878","0,856","3,554","9,60","685","15,00",
" 447/2","4 nov 2025 17:24:35","35400","18,884","0,856","3,546","10,41","697","15,00",
" 447/3","4 nov 2025 17:24:54","35408","18,886","0,856","3,514","10,54","700","14,99",
" 447/4","4 nov 2025 17:25:13","35416","18,876","0,856","3,490","10,15","696","15,00",
" 447/5","4 nov 2025 17:25:32","35424","18,884","0,856","3,492","10,33","695","14,99",
" 448/1","4 nov 2025 17:27:25","35472","18,870","0,854","3,504","9,91","686","15,00",
" 448/2","4 nov 2025 17:27:44","35480","18,882","0,854","3,512","9,67","692","15,00",
" 448/3","4 nov 2025 17:28:03","35488","18,878","0,854","3,534","10,29","698","15,00",
" 448/4","4 nov 2025 17:28:21","35496","18,892","0,856","3,472","10,30","698","15,00",
" 448/5","4 nov 2025 17:28:40","35504","18,868","0,856","3,538","10,16","692","15,00",
" 449/1","4 nov 2025 17:30:53","35544","18,880","0,856","3,524","10,40","694","15,00",
" 449/2","4 nov 2025 17:31:11","35552","18,882","0,856","3,506","10,13","687","14,99",
" 449/3","4 nov 2025 17:31:30","35560","18,876","0,856","3,488","9,83","688","14,99",
" 449/4","4 nov 2025 17:31:49","35568","18,896","0,856","3,542","10,24","697","15,00",
" 449/5","4 nov 2025 17:32:08","35576","18,872","0,856","3,532","10,28","690","15,00",
" 450/1","4 nov 2025 17:33:43","35616","18,884","0,854","3,506","9,83","693","15,00",
" 450/2","4 nov 2025 17:34:39","35624","18,896","0,854","3,534","10,36","693","15,00",
" 450/3","4 nov 2025 17:34:58","35632","18,876","0,856","3,492","10,33","691","15,00",
" 450/4","4 nov 2025 17:35:17","35640","18,878","0,856","3,504","10,18","694","15,00",
" 450/5","4 nov 2025 17:35:36","35648","18,896","0,856","3,506","10,35","704","15,00",
" 451/1","4 nov 2025 17:36:51","35680","18,884","0,856","3,562","9,98","694","15,00",
" 451/2","4 nov 2025 17:37:10","35688","18,888","0,854","3,548","10,41","699","15,00",
" 451/3","4 nov 2025 17:37:29","35696","18,892","0,856","3,504","9,75","688","15,00",
" 451/4","4 nov 2025 17:37:48","35704","18,880","0,854","3,548","9,16","689","15,00",
" 451/5","4 nov 2025 17:38:07","35712","18,868","0,854","3,576","9,81","693","15,00",
" 452/1","4 nov 2025 17:40:00","35760","18,874","0,854","3,478","10,09","692","15,00",
" 452/2","4 nov 2025 17:40:19","35768","18,890","0,856","3,510","10,39","692","15,00",
" 452/3","4 nov 2025 17:40:38","35776","18,886","0,854","3,494","10,14","696","15,00",
" 452/4","4 nov 2025 17:41:35","35784","18,870","0,854","3,540","10,41","700","15,00",
" 452/5","4 nov 2025 17:41:54","35792","18,864","0,856","3,502","10,25","690","14,99",
" 453/1","4 nov 2025 17:43:09","35824","18,882","0,854","3,530","10,05","693","15,00",
" 453/2","4 nov 2025 17:43:28","35832","18,884","0,856","3,476","10,41","689","15,00",
" 453/3","4 nov 2025 17:43:47","35840","18,888","0,856","3,496","10,21","699","15,00",
" 453/4","4 nov 2025 17:44:06","35848","18,898","0,854","3,512","9,15","689","15,00",
" 453/5","4 nov 2025 17:44:26","35856","18,880","0,856","3,612","10,29","693","15,00",
" 454/1","4 nov 2025 17:46:18","35904","18,888","0,856","3,486","10,11","695","15,00",
" 454/2","4 nov 2025 17:46:37","35912","18,890","0,854","3,482","10,31","698","15,00",
" 454/3","4 nov 2025 17:46:56","35920","18,876","0,854","3,518","10,36","700","15,00",
" 454/4","4 nov 2025 17:47:15","35928","18,890","0,854","3,516","9,64","692","15,00",
" 454/5","4 nov 2025 17:47:34","35936","18,888","0,858","3,570","9,51","690","15,00",
" 455/1","4 nov 2025 17:49:27","35984","18,878","0,854","3,496","10,37","698","15,00",
" 455/2","4 nov 2025 17:49:46","35992","18,890","0,856","3,476","10,16","697","15,00",
" 455/3","4 nov 2025 17:50:04","36000","18,878","0,854","3,484","10,47","698","15,00",
" 455/4","4 nov 2025 17:50:23","36008","18,882","0,856","3,506","10,01","692","15,00",
" 455/5","4 nov 2025 17:50:43","36016","18,896","0,856","3,554","9,60","690","15,00",
" 456/1","4 nov 2025 17:52:36","36064","18,886","0,856","3,546","10,48","704","14,99",
" 456/2","4 nov 2025 17:52:55","36072","18,870","0,854","3,486","10,31","697","15,00",
" 456/3","4 nov 2025 17:53:13","36080","18,868","0,856","3,472","10,11","698","15,00",
" 456/4","4 nov 2025 17:53:32","36088","18,882","0,854","3,492","10,44","699","15,00",
" 456/5","4 nov 2025 17:53:51","36096","18,888","0,854","3,486","10,17","697","15,00",
" 457/1","4 nov 2025 17:55:44","36144","18,880","0,856","3,462","9,78","688","15,00",
" 457/2","4 nov 2025 17:56:03","36152","18,878","0,854","3,556","10,41","697","14,99",
" 457/3","4 nov 2025 17:56:22","36160","18,884","0,854","3,484","10,14","694","15,00",
" 457/4","4 nov 2025 17:56:41","36168","18,880","0,856","3,502","10,22","693","14,99",
" 457/5","4 nov 2025 17:57:01","36176","18,902","0,856","3,478","10,44","701","15,00",
" 458/1","4 nov 2025 17:58:53","36224","18,886","0,854","3,548","9,89","693","15,00",
" 458/2","4 nov 2025 17:59:12","36232","18,878","0,854","3,520","10,40","701","15,00",
" 458/3","4 nov 2025 17:59:32","36240","18,892","0,856","3,490","10,03","691","15,00",
" 458/4","4 nov 2025 17:59:50","36248","18,894","0,856","3,528","9,76","695","15,00",
" 458/5","4 nov 2025 18:00:09","36256","18,880","0,854","3,504","10,50","695","15,00",
" 459/1","4 nov 2025 18:02:03","36304","18,880","0,854","3,530","9,91","694","15,00",
" 459/2","4 nov 2025 18:02:22","36312","18,894","0,854","3,516","10,46","700","15,00",
" 459/3","4 nov 2025 18:02:40","36320","18,886","0,852","3,460","9,59","690","15,00",
" 459/4","4 nov 2025 18:02:59","36328","18,896","0,860","3,552","9,60","686","15,00",
" 459/5","4 nov 2025 18:03:18","36336","18,886","0,858","3,554","10,50","697","15,00",
" 460/1","4 nov 2025 18:05:11","36384","18,904","0,858","3,534","9,94","694","15,00",
" 460/2","4 nov 2025 18:05:31","36392","18,878","0,856","3,550","9,96","693","14,99",
" 460/3","4 nov 2025 18:05:49","36400","18,870","0,854","3,532","10,32","692","14,99",
" 460/4","4 nov 2025 18:06:08","36408","18,880","0,854","3,500","10,17","696","15,00",
" 460/5","4 nov 2025 18:06:27","36416","18,892","0,856","3,518","9,97","686","15,00",
" 461/1","4 nov 2025 18:08:20","36464","18,890","0,856","3,482","10,11","692","15,00",
" 461/2","4 nov 2025 18:08:39","36472","18,884","0,856","3,530","10,13","695","15,00",
" 461/3","4 nov 2025 18:08:58","36480","18,890","0,856","3,524","10,41","691","15,00",
" 461/4","4 nov 2025 18:09:17","36488","18,898","0,856","3,466","10,07","696","15,00",
" 461/5","4 nov 2025 18:09:35","36496","18,894","0,856","3,496","9,53","691","15,00",
" 462/1","4 nov 2025 18:11:29","36544","18,894","0,856","3,522","10,32","691","14,99",
" 462/2","4 nov 2025 18:11:48","36552","18,886","0,856","3,496","9,96","693","15,00",
" 462/3","4 nov 2025 18:12:07","36560","18,880","0,854","3,528","10,18","695","15,00",
" 462/4","4 nov 2025 18:12:25","36568","18,878","0,854","3,498","10,43","701","15,00",
" 462/5","4 nov 2025 18:12:44","36576","18,888","0,856","3,506","9,29","690","15,00",
" 463/1","4 nov 2025 18:14:38","36624","18,890","0,856","3,516","10,35","694","15,00",
" 463/2","4 nov 2025 18:14:57","36632","18,882","0,854","3,496","10,28","698","15,00",
" 463/3","4 nov 2025 18:15:16","36640","18,874","0,856","3,514","10,07","694","15,00",
" 463/4","4 nov 2025 18:15:35","36648","18,890","0,856","3,514","10,19","693","15,00",
" 463/5","4 nov 2025 18:15:53","36656","18,874","0,856","3,526","10,33","693","15,00",
" 464/1","4 nov 2025 18:17:46","36704","18,880","0,856","3,548","10,03","686","14,99",
" 464/2","4 nov 2025 18:18:05","36712","18,874","0,854","3,538","10,17","694","15,00",
" 464/3","4 nov 2025 18:18:24","36720","18,880","0,858","3,490","10,44","693","15,00",
" 464/4","4 nov 2025 18:18:43","36728","18,890","0,854","3,502","9,82","683","15,00",
" 464/5","4 nov 2025 18:19:40","36736","18,882","0,854","3,580","10,31","689","15,00",
" 465/1","4 nov 2025 18:20:55","36768","18,888","0,856","3,520","10,32","690","15,00",
" 465/2","4 nov 2025 18:21:14","36776","18,888","0,856","3,486","9,51","684","15,00",
" 465/3","4 nov 2025 18:21:33","36784","18,888","0,854","3,592","9,94","688","15,00",
" 465/4","4 nov 2025 18:21:52","36792","18,882","0,854","3,522","10,14","696","15,00",
" 465/5","4 nov 2025 18:22:11","36800","18,870","0,856","3,540","10,35","699","15,00",
" 466/1","4 nov 2025 18:24:04","36848","18,878","0,856","3,480","10,37","694","15,00",
" 466/2","4 nov 2025 18:24:24","36856","18,886","0,854","3,478","9,67","690","15,00",
" 466/3","4 nov 2025 18:24:42","36864","18,876","0,854","3,566","9,66","685","14,99",
" 466/4","4 nov 2025 18:25:01","36872","18,884","0,856","3,510","10,13","697","15,00",
" 466/5","4 nov 2025 18:25:20","36880","18,888","0,854","3,538","10,31","697","15,00",
" 467/1","4 nov 2025 18:27:13","36928","18,874","0,854","3,562","9,40","689","14,99",
" 467/2","4 nov 2025 18:27:32","36936","18,880","0,854","3,558","10,03","693","15,00",
" 467/3","4 nov 2025 18:27:51","36944","18,894","0,856","3,556","10,36","689","15,00",
" 467/4","4 nov 2025 18:28:10","36952","18,878","0,856","3,494","9,63","683","15,00",
" 467/5","4 nov 2025 18:28:29","36960","18,872","0,854","3,550","9,73","688","15,00",
" 468/1","4 nov 2025 18:30:22","37008","18,892","0,856","3,560","10,38","698","14,99",
" 468/2","4 nov 2025 18:30:41","37016","18,888","0,856","3,500","10,29","693","15,00",
" 468/3","4 nov 2025 18:31:00","37024","18,880","0,856","3,534","9,90","687","14,99",
" 468/4","4 nov 2025 18:31:19","37032","18,874","0,856","3,528","9,98","689","15,00",
" 468/5","4 nov 2025 18:31:37","37040","18,886","0,856","3,494","10,32","691","15,00",
" 469/1","4 nov 2025 18:33:31","37088","18,894","0,856","3,550","9,81","691","15,00",
" 469/2","4 nov 2025 18:33:50","37096","18,896","0,856","3,560","10,26","697","15,00",
" 469/3","4 nov 2025 18:34:09","37104","18,878","0,854","3,516","10,20","692","15,00",
" 469/4","4 nov 2025 18:34:27","37112","18,866","0,854","3,492","9,67","684","15,00",
" 469/5","4 nov 2025 18:34:46","37120","18,872","0,854","3,556","9,47","689","15,00",
" 470/1","4 nov 2025 18:36:40","37168","18,890","0,856","3,480","10,28","689","15,00",
" 470/2","4 nov 2025 18:36:59","37176","18,898","0,856","3,500","10,12","692","15,00",
" 470/3","4 nov 2025 18:37:17","37184","18,880","0,854","3,490","10,33","695","15,00",
" 470/4","4 nov 2025 18:37:37","37192","18,892","0,856","3,522","9,88","691","15,00",
" 470/5","4 nov 2025 18:37:55","37200","18,888","0,854","3,538","9,17","688","15,00",
" 471/1","4 nov 2025 18:39:49","37248","18,894","0,856","3,488","10,40","699","14,99",
" 471/2","4 nov 2025 18:40:07","37256","18,882","0,858","3,506","10,45","700","14,99",
" 471/3","4 nov 2025 18:40:27","37264","18,882","0,854","3,446","10,11","689","15,00",
" 471/4","4 nov 2025 18:40:46","37272","18,874","0,854","3,506","10,33","687","15,00",
" 471/5","4 nov 2025 18:41:05","37280","18,894","0,858","3,482","10,14","697","15,00",
" 472/1","4 nov 2025 18:42:58","37328","18,890","0,854","3,566","10,11","693","14,99",
" 472/2","4 nov 2025 18:43:16","37336","18,894","0,856","3,526","10,46","698","15,00",
" 472/3","4 nov 2025 18:43:35","37344","18,876","0,854","3,514","10,35","687","14,99",
" 472/4","4 nov 2025 18:43:54","37352","18,864","0,856","3,504","10,32","694","14,99",
" 472/5","4 nov 2025 18:44:13","37360","18,888","0,856","3,500","10,41","689","15,00",
" 473/1","4 nov 2025 18:46:06","37408","18,904","0,856","3,528","10,31","691","15,00",
" 473/2","4 nov 2025 18:46:25","37416","18,900","0,856","3,476","9,97","693","14,99",
" 473/3","4 nov 2025 18:46:44","37424","18,888","0,856","3,548","10,03","692","15,00",
" 473/4","4 nov 2025 18:47:03","37432","18,886","0,854","3,538","10,34","693","14,99",
" 473/5","4 nov 2025 18:47:22","37440","18,876","0,854","3,504","10,24","691","14,99",
" 474/1","4 nov 2025 18:49:16","37488","18,892","0,856","3,500","9,88","684","15,00",
" 474/2","4 nov 2025 18:49:34","37496","18,888","0,854","3,522","9,33","680","15,00",
" 474/3","4 nov 2025 18:49:54","37504","18,878","0,854","3,554","10,09","684","15,00",
" 474/4","4 nov 2025 18:50:12","37512","18,878","0,854","3,540","10,37","693","15,00",
" 474/5","4 nov 2025 18:50:31","37520","18,892","0,856","3,520","9,80","683","15,00",
" 475/1","4 nov 2025 18:52:25","37568","18,890","0,854","3,532","10,08","689","15,00",
" 475/2","4 nov 2025 18:52:43","37576","18,890","0,854","3,510","10,31","695","15,00",
" 475/3","4 nov 2025 18:53:02","37584","18,892","0,858","3,494","10,22","695","14,99",
" 475/4","4 nov 2025 18:53:21","37592","18,884","0,856","3,504","10,19","686","15,00",
" 475/5","4 nov 2025 18:53:40","37600","18,876","0,854","3,498","10,33","690","15,00",
" 476/1","4 nov 2025 18:55:33","37648","18,884","0,854","3,502","10,19","691","15,00",
" 476/2","4 nov 2025 18:55:52","37656","18,906","0,856","3,516","10,30","694","15,00",
" 476/3","4 nov 2025 18:56:11","37664","18,880","0,854","3,530","10,34","699","15,00",
" 476/4","4 nov 2025 18:56:30","37672","18,890","0,854","3,518","9,77","684","15,00",
" 476/5","4 nov 2025 18:56:49","37680","18,878","0,854","3,566","9,03","682","15,00",
" 477/1","4 nov 2025 18:58:42","37728","18,892","0,856","3,532","10,10","692","15,00",
" 477/2","4 nov 2025 18:59:01","37736","18,894","0,854","3,522","10,31","695","15,00",
" 477/3","4 nov 2025 18:59:20","37744","18,872","0,854","3,528","10,41","696","15,00",
" 477/4","4 nov 2025 18:59:39","37752","18,888","0,854","3,486","9,69","689","15,00",
" 477/5","4 nov 2025 18:59:58","37760","18,892","0,854","3,570","9,28","691","14,99",
" 478/1","4 nov 2025 19:01:51","37808","18,886","0,854","3,532","9,96","683","15,00",
" 478/2","4 nov 2025 19:02:10","37816","18,882","0,854","3,532","10,41","687","15,00",
" 478/3","4 nov 2025 19:02:29","37824","18,908","0,856","3,524","9,80","692","15,00",
" 478/4","4 nov 2025 19:02:48","37832","18,892","0,854","3,576","9,79","687","15,00",
" 478/5","4 nov 2025 19:03:07","37840","18,894","0,856","3,552","10,01","688","15,00",
" 479/1","4 nov 2025 19:05:00","37888","18,886","0,856","3,516","10,33","695","15,00",
" 479/2","4 nov 2025 19:05:19","37896","18,890","0,856","3,510","9,60","689","15,00",
" 479/3","4 nov 2025 19:06:16","37904","18,880","0,854","3,520","10,31","697","14,99",
" 479/4","4 nov 2025 19:06:34","37912","18,886","0,856","3,522","10,22","689","15,00",
" 479/5","4 nov 2025 19:06:53","37920","18,888","0,854","3,512","10,18","690","15,00",
" 480/1","4 nov 2025 19:08:09","37952","18,902","0,856","3,546","9,17","683","15,00",
" 480/2","4 nov 2025 19:08:28","37960","18,898","0,856","3,594","10,16","696","14,99",
" 480/3","4 nov 2025 19:08:47","37968","18,890","0,856","3,528","10,33","689","15,00",
" 480/4","4 nov 2025 19:09:06","37976","18,878","0,854","3,518","9,94","691","14,99",
" 480/5","4 nov 2025 19:09:25","37984","18,890","0,854","3,514","9,10","686","15,00",
" 481/1","4 nov 2025 19:11:18","38032","18,886","0,856","3,542","10,31","694","15,00",
" 481/2","4 nov 2025 19:11:37","38040","18,886","0,856","3,536","10,26","693","15,00",
" 481/3","4 nov 2025 19:11:56","38048","18,894","0,856","3,498","10,08","691","15,00",
" 481/4","4 nov 2025 19:12:15","38056","18,886","0,856","3,536","10,29","692","15,00",
" 481/5","4 nov 2025 19:12:33","38064","18,874","0,854","3,504","9,71","686","15,00",
" 482/1","4 nov 2025 19:14:27","38112","18,900","0,856","3,578","10,01","691","15,00",
" 482/2","4 nov 2025 19:14:46","38120","18,882","0,856","3,528","10,32","692","14,99",
" 482/3","4 nov 2025 19:15:05","38128","18,872","0,854","3,492","10,07","696","14,99",
" 482/4","4 nov 2025 19:15:24","38136","18,870","0,856","3,526","10,22","685","15,00",
" 482/5","4 nov 2025 19:15:43","38144","18,886","0,856","3,498","10,22","697","14,99",
" 483/1","4 nov 2025 19:17:36","38192","18,882","0,854","3,526","9,62","685","14,99",
" 483/2","4 nov 2025 19:17:55","38200","18,880","0,856","3,572","9,59","687","15,00",
" 483/3","4 nov 2025 19:18:14","38208","18,906","0,856","3,520","9,71","688","15,00",
" 483/4","4 nov 2025 19:18:33","38216","18,886","0,854","3,518","10,24","685","14,99",
" 483/5","4 nov 2025 19:18:51","38224","18,876","0,854","3,498","10,23","694","15,00",
" 484/1","4 nov 2025 19:20:45","38272","18,888","0,854","3,502","10,33","690","14,99",
" 484/2","4 nov 2025 19:21:04","38280","18,892","0,854","3,520","9,85","688","15,00",
" 484/3","4 nov 2025 19:21:23","38288","18,890","0,854","3,552","9,58","686","15,00",
" 484/4","4 nov 2025 19:21:41","38296","18,888","0,856","3,554","9,78","681","14,99",
" 484/5","4 nov 2025 19:22:01","38304","18,872","0,854","3,540","10,48","698","15,00",
" 485/1","4 nov 2025 19:24:31","38352","18,894","0,854","3,490","9,80","681","15,00",
" 485/2","4 nov 2025 19:24:50","38360","18,894","0,854","3,516","10,42","698","15,00",
" 485/3","4 nov 2025 19:25:09","38368","18,886","0,856","3,494","10,37","697","15,00",
" 485/4","4 nov 2025 19:25:28","38376","18,886","0,854","3,542","10,05","693","15,00",
" 485/5","4 nov 2025 19:25:47","38384","18,888","0,854","3,548","9,87","689","14,99",
" 486/1","4 nov 2025 19:27:03","38416","18,874","0,854","3,558","9,56","682","14,99",
" 486/2","4 nov 2025 19:27:21","38424","18,884","0,856","3,568","10,22","684","14,99",
" 486/3","4 nov 2025 19:27:40","38432","18,894","0,856","3,542","10,41","695","15,00",
" 486/4","4 nov 2025 19:27:59","38440","18,890","0,856","3,514","10,03","690","15,00",
" 486/5","4 nov 2025 19:28:18","38448","18,888","0,854","3,512","9,62","688","15,00",
" 487/1","4 nov 2025 19:30:11","38496","18,886","0,854","3,494","10,33","694","15,00",
" 487/2","4 nov 2025 19:30:30","38504","18,898","0,856","3,466","10,29","693","15,00",
" 487/3","4 nov 2025 19:30:49","38512","18,890","0,854","3,494","10,08","693","14,99",
" 487/4","4 nov 2025 19:31:08","38520","18,890","0,856","3,520","10,32","697","14,99",
" 487/5","4 nov 2025 19:31:27","38528","18,882","0,854","3,494","10,41","698","15,00",
" 488/1","4 nov 2025 19:33:20","38576","18,884","0,854","3,508","10,06","690","15,00",
" 488/2","4 nov 2025 19:33:39","38584","18,888","0,856","3,492","10,43","693","15,00",
" 488/3","4 nov 2025 19:33:58","38592","18,880","0,854","3,516","10,22","695","15,00",
" 488/4","4 nov 2025 19:34:17","38600","18,880","0,854","3,536","9,62","689","15,00",
" 488/5","4 nov 2025 19:34:36","38608","18,894","0,856","3,536","9,84","687","14,99",
" 489/1","4 nov 2025 19:36:29","38656","18,882","0,856","3,516","10,22","688","15,00",
" 489/2","4 nov 2025 19:36:48","38664","18,886","0,854","3,548","10,29","691","14,99",
" 489/3","4 nov 2025 19:37:07","38672","18,882","0,856","3,562","10,29","686","15,00",
" 489/4","4 nov 2025 19:37:26","38680","18,888","0,856","3,522","9,87","694","15,00",
" 489/5","4 nov 2025 19:37:45","38688","18,886","0,854","3,550","9,55","689","15,00",
" 490/1","4 nov 2025 19:39:38","38736","18,890","0,856","3,516","9,77","693","15,00",
" 490/2","4 nov 2025 19:39:57","38744","18,870","0,854","3,518","10,27","694","15,00",
" 490/3","4 nov 2025 19:40:16","38752","18,866","0,854","3,516","10,29","690","15,00",
" 490/4","4 nov 2025 19:40:35","38760","18,882","0,854","3,484","9,82","683","15,00",
" 490/5","4 nov 2025 19:40:54","38768","18,892","0,856","3,576","10,44","698","15,00",
" 491/1","4 nov 2025 19:42:47","38800","18,890","0,856","3,476","9,96","687","15,00",
" 491/2","4 nov 2025 19:43:06","38808","18,886","0,856","3,524","9,85","684","15,00",
" 491/3","4 nov 2025 19:43:25","38816","18,904","0,858","3,544","10,24","696","15,00",
" 491/4","4 nov 2025 19:43:44","38824","18,876","0,854","3,504","10,42","691","14,99",
" 491/5","4 nov 2025 19:44:03","38832","18,892","0,854","3,524","9,94","692","15,00",
" 492/1","4 nov 2025 19:45:56","38880","18,902","0,856","3,514","10,19","691","15,00",
" 492/2","4 nov 2025 19:46:15","38888","18,884","0,856","3,532","10,44","693","15,00",
" 492/3","4 nov 2025 19:46:34","38896","18,882","0,856","3,508","10,35","697","15,00",
" 492/4","4 nov 2025 19:46:53","38904","18,874","0,854","3,502","10,16","693","15,00",
" 492/5","4 nov 2025 19:47:11","38912","18,894","0,854","3,466","10,29","684","15,00",
" 493/1","4 nov 2025 19:49:05","38960","18,890","0,856","3,574","9,53","680","14,99",
" 493/2","4 nov 2025 19:49:24","38968","18,888","0,856","3,532","10,26","691","14,99",
" 493/3","4 nov 2025 19:49:43","38976","18,886","0,856","3,514","10,38","686","15,00",
" 493/4","4 nov 2025 19:50:01","38984","18,888","0,856","3,486","10,07","692","15,00",
" 493/5","4 nov 2025 19:50:20","38992","18,872","0,856","3,528","10,25","691","14,99",
" 494/1","4 nov 2025 19:52:14","39040","18,892","0,856","3,510","9,64","679","14,99",
" 494/2","4 nov 2025 19:52:33","39048","18,888","0,854","3,520","9,80","690","15,00",
" 494/3","4 nov 2025 19:52:51","39056","18,890","0,856","3,550","10,46","698","15,00",
" 494/4","4 nov 2025 19:53:10","39064","18,878","0,854","3,490","10,32","694","15,00",
" 494/5","4 nov 2025 19:53:29","39072","18,878","0,852","3,484","10,12","691","15,00",
" 495/1","4 nov 2025 19:55:22","39120","18,880","0,854","3,514","10,01","692","15,00",
" 495/2","4 nov 2025 19:55:42","39128","18,884","0,856","3,540","9,86","682","15,00",
" 495/3","4 nov 2025 19:56:00","39136","18,872","0,854","3,522","10,25","696","15,00",
" 495/4","4 nov 2025 19:56:19","39144","18,880","0,858","3,526","10,43","697","15,00",
" 495/5","4 nov 2025 19:56:38","39152","18,892","0,858","3,512","10,14","694","14,99",
" 496/1","4 nov 2025 19:58:31","39200","18,890","0,856","3,534","10,35","697","15,00",
" 496/2","4 nov 2025 19:58:50","39208","18,880","0,856","3,514","10,41","696","15,00",
" 496/3","4 nov 2025 19:59:09","39216","18,894","0,856","3,544","10,03","686","14,99",
" 496/4","4 nov 2025 19:59:28","39224","18,884","0,856","3,510","9,64","689","14,99",
" 496/5","4 nov 2025 19:59:47","39232","18,904","0,856","3,570","9,76","690","15,00",
" 497/1","4 nov 2025 20:01:40","39280","18,876","0,854","3,508","9,33","685","14,99",
" 497/2","4 nov 2025 20:01:59","39288","18,906","0,856","3,610","9,88","683","15,00",
" 497/3","4 nov 2025 20:02:18","39296","18,888","0,854","3,554","9,94","693","15,00",
" 497/4","4 nov 2025 20:02:37","39304","18,896","0,856","3,556","10,43","701","14,99",
" 497/5","4 nov 2025 20:02:56","39312","18,874","0,854","3,506","10,35","691","14,99",
" 498/1","4 nov 2025 20:04:49","39360","18,876","0,854","3,502","10,37","698","15,00",
" 498/2","4 nov 2025 20:05:08","39368","18,874","0,856","3,508","10,39","697","15,00",
" 498/3","4 nov 2025 20:05:27","39376","18,894","0,856","3,506","9,74","679","15,00",
" 498/4","4 nov 2025 20:05:46","39384","18,902","0,856","3,524","9,92","690","15,00",
" 498/5","4 nov 2025 20:06:05","39392","18,888","0,856","3,496","10,35","684","15,00",
" 499/1","4 nov 2025 20:07:58","39440","18,892","0,856","3,510","10,29","692","15,00",
" 499/2","4 nov 2025 20:08:17","39448","18,876","0,856","3,520","10,40","699","14,99",
" 499/3","4 nov 2025 20:08:36","39456","18,894","0,856","3,518","10,31","693","15,00",
" 499/4","4 nov 2025 20:08:55","39464","18,884","0,854","3,536","9,54","691","15,00",
" 499/5","4 nov 2025 20:09:14","39472","18,904","0,858","3,566","9,23","693","15,00",
" 500/1","4 nov 2025 20:11:07","39520","18,888","0,856","3,538","10,52","697","15,00",
" 500/2","4 nov 2025 20:11:26","39528","18,900","0,858","3,498","10,24","695","15,00",
" 500/3","4 nov 2025 20:11:45","39536","18,898","0,854","3,522","10,18","695","15,00",
" 500/4","4 nov 2025 20:12:04","39544","18,888","0,856","3,518","10,44","692","14,99",
" 500/5","4 nov 2025 20:12:23","39552","18,884","0,858","3,548","10,44","699","15,00",
" 501/1","4 nov 2025 20:14:16","39600","18,884","0,856","3,518","9,38","679","15,00",
" 501/2","4 nov 2025 20:14:35","39608","18,898","0,856","3,592","9,73","689","15,00",
" 501/3","4 nov 2025 20:14:54","39616","18,890","0,858","3,556","10,13","693","14,99",
" 501/4","4 nov 2025 20:15:13","39624","18,888","0,854","3,542","10,39","693","15,00",
" 501/5","4 nov 2025 20:15:31","39632","18,890","0,856","3,510","10,40","698","14,99",
" 502/1","4 nov 2025 20:17:25","39680","18,884","0,856","3,510","10,56","697","14,99",
" 502/2","4 nov 2025 20:17:44","39688","18,882","0,854","3,492","9,75","684","15,00",
" 502/3","4 nov 2025 20:18:03","39696","18,892","0,856","3,562","9,49","681","15,00",
" 502/4","4 nov 2025 20:18:22","39704","18,888","0,854","3,580","10,35","692","15,00",
" 502/5","4 nov 2025 20:18:40","39712","18,882","0,858","3,510","10,51","697","14,99",
" 503/1","4 nov 2025 20:20:34","39760","18,884","0,854","3,522","10,11","682","15,00",
" 503/2","4 nov 2025 20:20:53","39768","18,888","0,856","3,506","10,44","700","15,00",
" 503/3","4 nov 2025 20:21:12","39776","18,898","0,856","3,500","9,86","687","15,00",
" 503/4","4 nov 2025 20:21:30","39784","18,900","0,858","3,530","9,93","681","14,99",
" 503/5","4 nov 2025 20:21:49","39792","18,872","0,856","3,524","10,41","691","14,99",
" 504/1","4 nov 2025 20:23:43","39840","18,890","0,856","3,548","9,88","678","14,99",
" 504/2","4 nov 2025 20:24:01","39848","18,884","0,856","3,542","9,92","688","15,00",
" 504/3","4 nov 2025 20:24:20","39856","18,884","0,858","3,548","10,36","697","15,00",
" 504/4","4 nov 2025 20:24:39","39864","18,884","0,856","3,524","9,60","688","14,99",
" 504/5","4 nov 2025 20:24:58","39872","18,876","0,858","3,620","9,98","685","15,00",
" 505/1","4 nov 2025 20:26:51","39920","18,908","0,858","3,566","9,84","690","15,00",
" 505/2","4 nov 2025 20:27:10","39928","18,882","0,856","3,532","10,34","693","14,99",
" 505/3","4 nov 2025 20:27:29","39936","18,892","0,856","3,518","10,42","697","15,00",
" 505/4","4 nov 2025 20:27:48","39944","18,876","0,856","3,506","10,14","691","15,00",
" 505/5","4 nov 2025 20:28:07","39952","18,888","0,856","3,534","10,32","692","14,99",
" 506/1","4 nov 2025 20:30:00","40000","18,868","0,854","3,504","10,18","687","15,00",
" 506/2","4 nov 2025 20:30:19","40008","18,890","0,856","3,520","10,40","693","15,00",
" 506/3","4 nov 2025 20:30:38","40016","18,890","0,856","3,482","10,37","690","15,00",
" 506/4","4 nov 2025 20:30:57","40024","18,882","0,858","3,514","10,16","691","14,99",
" 506/5","4 nov 2025 20:31:16","40032","18,884","0,856","3,532","10,11","687","15,00",
" 507/1","4 nov 2025 20:33:09","40080","18,894","0,856","3,520","10,23","694","15,00",
" 507/2","4 nov 2025 20:33:28","40088","18,882","0,854","3,492","10,00","688","15,00",
" 507/3","4 nov 2025 20:33:47","40096","18,900","0,856","3,516","10,14","688","14,99",
" 507/4","4 nov 2025 20:34:06","40104","18,890","0,854","3,506","10,48","699","15,00",
" 507/5","4 nov 2025 20:34:25","40112","18,874","0,854","3,506","9,66","685","14,99",
" 508/1","4 nov 2025 20:36:18","40160","18,888","0,856","3,500","10,36","695","15,00",
" 508/2","4 nov 2025 20:36:37","40168","18,896","0,856","3,512","10,42","695","15,00",
" 508/3","4 nov 2025 20:36:56","40176","18,898","0,856","3,482","9,86","689","15,00",
" 508/4","4 nov 2025 20:37:15","40184","18,900","0,858","3,532","9,96","688","15,00",
" 508/5","4 nov 2025 20:37:34","40192","18,882","0,856","3,490","10,41","697","15,00",
" 509/1","4 nov 2025 20:39:27","40240","18,882","0,856","3,588","9,30","686","15,00",
" 509/2","4 nov 2025 20:39:46","40248","18,890","0,856","3,560","9,80","680","15,00",
" 509/3","4 nov 2025 20:40:05","40256","18,894","0,856","3,518","10,33","690","15,00",
" 509/4","4 nov 2025 20:40:24","40264","18,888","0,856","3,500","10,26","692","15,00",
" 509/5","4 nov 2025 20:40:43","40272","18,874","0,856","3,520","10,03","683","15,00",
" 510/1","4 nov 2025 20:42:55","40312","18,898","0,856","3,500","10,32","692","15,00",
" 510/2","4 nov 2025 20:43:14","40320","18,874","0,856","3,492","10,09","689","15,00",
" 510/3","4 nov 2025 20:43:33","40328","18,878","0,856","3,520","9,68","679","15,00",
" 510/4","4 nov 2025 20:43:51","40336","18,900","0,856","3,558","9,57","687","15,00",
" 510/5","4 nov 2025 20:44:10","40344","18,872","0,856","3,558","10,09","697","15,00",
" 511/1","4 nov 2025 20:45:45","40384","18,876","0,854","3,528","10,26","688","14,99",
" 511/2","4 nov 2025 20:46:04","40392","18,878","0,854","3,532","9,76","689","15,00",
" 511/3","4 nov 2025 20:46:23","40400","18,900","0,856","3,532","9,88","686","15,00",
" 511/4","4 nov 2025 20:46:41","40408","18,882","0,856","3,542","10,20","691","15,00",
" 511/5","4 nov 2025 20:47:00","40416","18,896","0,856","3,554","10,38","687","15,00",
" 512/1","4 nov 2025 20:48:54","40464","18,896","0,856","3,496","10,20","680","15,00",
" 512/2","4 nov 2025 20:49:13","40472","18,902","0,858","3,534","10,24","693","15,00",
" 512/3","4 nov 2025 20:49:31","40480","18,880","0,854","3,524","10,35","695","14,99",
" 512/4","4 nov 2025 20:49:50","40488","18,894","0,856","3,484","9,79","690","15,00",
" 512/5","4 nov 2025 20:50:09","40496","18,898","0,854","3,532","9,71","689","14,99",
" 513/1","4 nov 2025 20:52:03","40544","18,898","0,852","3,498","10,24","694","15,00",
" 513/2","4 nov 2025 20:52:22","40552","18,886","0,856","3,544","9,84","687","15,00",
" 513/3","4 nov 2025 20:52:40","40560","18,890","0,856","3,574","9,60","689","15,00",
" 513/4","4 nov 2025 20:52:59","40568","18,878","0,856","3,534","10,31","693","15,00",
" 513/5","4 nov 2025 20:53:18","40576","18,898","0,854","3,526","10,34","692","15,00",
" 514/1","4 nov 2025 20:55:12","40624","18,888","0,858","3,516","10,32","691","15,00",
" 514/2","4 nov 2025 20:55:30","40632","18,872","0,854","3,482","9,92","685","15,00",
" 514/3","4 nov 2025 20:55:49","40640","18,868","0,854","3,488","9,30","684","15,00",
" 514/4","4 nov 2025 20:56:08","40648","18,874","0,858","3,548","9,51","677","15,00",
" 514/5","4 nov 2025 20:56:27","40656","18,892","0,856","3,528","10,35","690","15,00",
" 515/1","4 nov 2025 20:58:20","40704","18,888","0,856","3,522","9,98","680","14,99",
" 515/2","4 nov 2025 20:58:39","40712","18,882","0,860","3,552","10,45","693","15,00",
" 515/3","4 nov 2025 20:58:58","40720","18,876","0,856","3,514","10,16","683","15,00",
" 515/4","4 nov 2025 20:59:17","40728","18,888","0,854","3,524","9,85","685","15,00",
" 515/5","4 nov 2025 20:59:36","40736","18,882","0,858","3,542","10,32","690","15,00",
" 516/1","4 nov 2025 21:01:29","40784","18,892","0,856","3,496","10,27","691","14,99",
" 516/2","4 nov 2025 21:01:48","40792","18,888","0,856","3,492","9,98","680","14,99",
" 516/3","4 nov 2025 21:02:07","40800","18,894","0,856","3,532","10,12","683","15,00",
" 516/4","4 nov 2025 21:02:26","40808","18,898","0,856","3,510","10,32","696","14,99",
" 516/5","4 nov 2025 21:02:45","40816","18,878","0,852","3,504","10,02","683","15,00",
" 517/1","4 nov 2025 21:04:38","40864","18,892","0,856","3,494","10,35","687","14,99",
" 517/2","4 nov 2025 21:04:57","40872","18,900","0,854","3,490","9,92","689","15,00",
" 517/3","4 nov 2025 21:05:16","40880","18,886","0,856","3,522","9,54","687","14,99",
" 517/4","4 nov 2025 21:05:35","40888","18,888","0,854","3,562","10,26","692","15,00",
" 517/5","4 nov 2025 21:05:55","40896","18,886","0,856","3,530","10,32","691","15,00",
" 518/1","4 nov 2025 21:07:47","40944","18,884","0,854","3,546","10,05","686","14,99",
" 518/2","4 nov 2025 21:08:06","40952","18,888","0,856","3,528","10,26","691","15,00",
" 518/3","4 nov 2025 21:08:25","40960","18,880","0,854","3,522","10,26","691","15,00",
" 518/4","4 nov 2025 21:08:44","40968","18,868","0,852","3,486","10,22","692","14,99",
" 518/5","4 nov 2025 21:09:02","40976","18,880","0,856","3,502","10,41","695","15,00",
" 519/1","4 nov 2025 21:10:56","41024","18,894","0,856","3,564","9,83","690","15,00",
" 519/2","4 nov 2025 21:11:15","41032","18,886","0,856","3,566","10,27","686","15,00",
" 519/3","4 nov 2025 21:11:34","41040","18,888","0,854","3,534","10,33","688","14,99",
" 519/4","4 nov 2025 21:11:52","41048","18,892","0,854","3,514","9,82","688","15,00",
" 519/5","4 nov 2025 21:12:11","41056","18,878","0,856","3,576","9,20","677","15,00",
" 520/1","4 nov 2025 21:14:05","41104","18,888","0,854","3,514","10,22","678","15,00",
" 520/2","4 nov 2025 21:14:24","41112","18,880","0,856","3,492","9,84","689","15,00",
" 520/3","4 nov 2025 21:14:42","41120","18,884","0,856","3,520","10,13","692","14,99",
" 520/4","4 nov 2025 21:15:01","41128","18,880","0,856","3,498","10,31","693","15,00",
" 520/5","4 nov 2025 21:15:20","41136","18,894","0,856","3,470","9,34","688","15,00",
" 521/1","4 nov 2025 21:17:14","41184","18,894","0,856","3,504","10,37","686","15,00",
" 521/2","4 nov 2025 21:17:32","41192","18,886","0,856","3,508","9,92","688","15,00",
" 521/3","4 nov 2025 21:17:51","41200","18,884","0,856","3,504","9,63","680","15,00",
" 521/4","4 nov 2025 21:18:10","41208","18,884","0,856","3,538","10,29","686","14,99",
" 521/5","4 nov 2025 21:18:29","41216","18,892","0,856","3,492","10,35","686","15,00",
" 522/1","4 nov 2025 21:20:22","41264","18,874","0,854","3,510","10,31","689","14,99",
" 522/2","4 nov 2025 21:20:41","41272","18,884","0,856","3,500","9,76","684","15,00",
" 522/3","4 nov 2025 21:21:00","41280","18,886","0,856","3,540","9,94","692","15,00",
" 522/4","4 nov 2025 21:21:19","41288","18,896","0,856","3,546","10,31","691","15,00",
" 522/5","4 nov 2025 21:21:38","41296","18,894","0,856","3,502","10,16","695","15,00",
" 523/1","4 nov 2025 21:23:31","41344","18,880","0,860","3,616","10,49","700","14,99",
" 523/2","4 nov 2025 21:23:50","41352","18,888","0,854","3,502","10,28","698","15,00",
" 523/3","4 nov 2025 21:24:09","41360","18,882","0,858","3,534","10,06","688","14,99",
" 523/4","4 nov 2025 21:24:28","41368","18,878","0,858","3,534","10,17","689","15,00",
" 523/5","4 nov 2025 21:24:47","41376","18,892","0,856","3,488","10,44","697","15,00",
" 524/1","4 nov 2025 21:26:40","41424","18,890","0,858","3,516","10,44","696","15,00",
" 524/2","4 nov 2025 21:26:59","41432","18,884","0,858","3,506","10,49","703","15,00",
" 524/3","4 nov 2025 21:27:18","41440","18,888","0,856","3,498","10,08","696","15,00",
" 524/4","4 nov 2025 21:27:37","41448","18,888","0,856","3,532","9,68","691","15,00",
" 524/5","4 nov 2025 21:27:56","41456","18,876","0,856","3,568","9,67","692","15,00",
" 525/1","4 nov 2025 21:29:49","41504","18,898","0,856","3,504","10,32","693","15,00",
" 525/2","4 nov 2025 21:30:08","41512","18,884","0,856","3,502","9,81","691","15,00",
" 525/3","4 nov 2025 21:30:27","41520","18,878","0,856","3,558","9,50","685","15,00",
" 525/4","4 nov 2025 21:30:46","41528","18,898","0,856","3,562","10,25","694","15,00",
" 525/5","4 nov 2025 21:31:05","41536","18,878","0,856","3,530","10,41","697","15,00",
" 526/1","4 nov 2025 21:32:58","41584","18,894","0,856","3,504","10,41","695","15,00",
" 526/2","4 nov 2025 21:33:17","41592","18,894","0,856","3,504","10,37","689","15,00",
" 526/3","4 nov 2025 21:33:36","41600","18,896","0,856","3,518","9,67","683","15,00",
" 526/4","4 nov 2025 21:33:55","41608","18,882","0,856","3,560","9,92","689","15,00",
" 526/5","4 nov 2025 21:34:14","41616","18,888","0,856","3,536","10,43","696","15,00",
" 527/1","4 nov 2025 21:36:07","41664","18,896","0,856","3,530","10,11","687","15,00",
" 527/2","4 nov 2025 21:36:26","41672","18,882","0,856","3,476","10,41","695","15,00",
" 527/3","4 nov 2025 21:36:45","41680","18,886","0,856","3,502","9,99","690","15,00",
" 527/4","4 nov 2025 21:37:04","41688","18,876","0,856","3,532","9,47","682","15,00",
" 527/5","4 nov 2025 21:37:22","41696","18,896","0,856","3,568","9,62","687","15,00",
" 528/1","4 nov 2025 21:39:16","41744","18,882","0,856","3,514","10,01","690","15,00",
" 528/2","4 nov 2025 21:39:35","41752","18,892","0,856","3,546","9,80","687","14,99",
" 528/3","4 nov 2025 21:39:54","41760","18,892","0,854","3,584","9,60","690","14,99",
" 528/4","4 nov 2025 21:40:12","41768","18,890","0,856","3,556","10,12","688","14,99",
" 528/5","4 nov 2025 21:40:31","41776","18,888","0,856","3,548","10,39","693","14,99",
" 529/1","4 nov 2025 21:42:25","41824","18,880","0,856","3,526","9,66","690","15,00",
" 529/2","4 nov 2025 21:42:44","41832","18,888","0,854","3,544","9,55","685","14,99",
" 529/3","4 nov 2025 21:43:02","41840","18,894","0,856","3,562","10,44","687","14,99",
" 529/4","4 nov 2025 21:43:21","41848","18,886","0,856","3,528","10,22","687","15,00",
" 529/5","4 nov 2025 21:43:40","41856","18,876","0,854","3,520","9,86","691","14,99",
" 530/1","4 nov 2025 21:45:34","41904","18,880","0,856","3,526","10,37","694","15,00",
" 530/2","4 nov 2025 21:45:52","41912","18,870","0,856","3,504","10,40","694","14,99",
" 530/3","4 nov 2025 21:46:11","41920","18,886","0,856","3,512","10,09","691","15,00",
" 530/4","4 nov 2025 21:46:30","41928","18,888","0,854","3,530","9,84","688","15,00",
" 530/5","4 nov 2025 21:46:49","41936","18,882","0,854","3,550","10,39","690","15,00",
" 531/1","4 nov 2025 21:48:42","41984","18,882","0,856","3,568","9,81","681","15,00",
" 531/2","4 nov 2025 21:49:01","41992","18,906","0,856","3,508","10,06","686","15,00",
" 531/3","4 nov 2025 21:49:20","42000","18,888","0,856","3,574","10,43","693","15,00",
" 531/4","4 nov 2025 21:49:39","42008","18,874","0,856","3,532","10,41","693","14,99",
" 531/5","4 nov 2025 21:49:58","42016","18,898","0,856","3,520","10,17","694","15,00",
" 532/1","4 nov 2025 21:51:51","42064","18,876","0,856","3,622","10,39","698","15,00",
" 532/2","4 nov 2025 21:52:10","42072","18,872","0,856","3,514","10,44","693","15,00",
" 532/3","4 nov 2025 21:52:29","42080","18,894","0,856","3,514","9,83","690","15,00",
" 532/4","4 nov 2025 21:52:48","42088","18,884","0,854","3,540","9,32","688","14,99",
" 532/5","4 nov 2025 21:53:07","42096","18,880","0,856","3,580","10,38","699","14,99",
" 533/1","4 nov 2025 21:55:00","42144","18,882","0,854","3,574","9,66","680","15,00",
" 533/2","4 nov 2025 21:55:19","42152","18,886","0,856","3,588","10,09","688","15,00",
" 533/3","4 nov 2025 21:55:38","42160","18,890","0,856","3,510","10,01","691","15,00",
" 533/4","4 nov 2025 21:55:57","42168","18,878","0,854","3,554","10,48","680","15,00",
" 533/5","4 nov 2025 21:56:16","42176","18,888","0,856","3,524","10,48","691","15,00",
" 534/1","4 nov 2025 21:58:09","42224","18,890","0,856","3,514","10,26","689","15,00",
" 534/2","4 nov 2025 21:58:28","42232","18,888","0,856","3,528","10,45","701","15,00",
" 534/3","4 nov 2025 21:58:47","42240","18,878","0,856","3,520","10,37","693","15,00",
" 534/4","4 nov 2025 21:59:06","42248","18,888","0,856","3,496","9,95","694","15,00",
" 534/5","4 nov 2025 21:59:25","42256","18,890","0,856","3,542","9,81","690","15,00",
" 535/1","4 nov 2025 22:01:18","42304","18,892","0,856","3,564","9,42","679","15,00",
" 535/2","4 nov 2025 22:01:37","42312","18,882","0,856","3,564","10,60","700","14,99",
" 535/3","4 nov 2025 22:01:56","42320","18,872","0,856","3,540","10,53","695","15,00",
" 535/4","4 nov 2025 22:02:15","42328","18,866","0,848","3,474","10,23","690","15,00",
" 535/5","4 nov 2025 22:02:33","42336","18,890","0,856","3,508","10,50","693","15,00",
" 536/1","4 nov 2025 22:04:27","42384","18,884","0,856","3,550","10,66","703","15,00",
" 536/2","4 nov 2025 22:04:46","42392","18,888","0,856","3,494","10,05","683","15,00",
" 536/3","4 nov 2025 22:05:05","42400","18,896","0,856","3,566","9,93","684","15,00",
" 536/4","4 nov 2025 22:05:23","42408","18,878","0,856","3,544","10,29","687","15,00",
" 536/5","4 nov 2025 22:05:42","42416","18,884","0,856","3,522","10,50","699","15,00",
" 537/1","4 nov 2025 22:07:36","42464","18,886","0,856","3,502","10,08","688","15,00",
" 537/2","4 nov 2025 22:07:55","42472","18,902","0,856","3,522","10,33","697","15,00",
" 537/3","4 nov 2025 22:08:13","42480","18,882","0,858","3,520","10,52","701","15,00",
" 537/4","4 nov 2025 22:08:32","42488","18,890","0,860","3,520","10,35","693","15,00",
" 537/5","4 nov 2025 22:08:51","42496","18,890","0,856","3,532","9,88","694","15,00",
" 538/1","4 nov 2025 22:10:45","42544","18,886","0,858","3,580","10,54","698","15,00",
" 538/2","4 nov 2025 22:11:03","42552","18,878","0,856","3,526","10,13","687","15,00",
" 538/3","4 nov 2025 22:11:23","42560","18,888","0,856","3,550","9,51","687","15,00",
" 538/4","4 nov 2025 22:11:41","42568","18,894","0,856","3,602","10,01","689","15,00",
" 538/5","4 nov 2025 22:12:00","42576","18,886","0,856","3,524","10,22","687","15,00",
" 539/1","4 nov 2025 22:13:53","42624","18,896","0,862","3,522","9,72","689","15,00",
" 539/2","4 nov 2025 22:14:12","42632","18,880","0,854","3,570","9,71","688","15,00",
" 539/3","4 nov 2025 22:14:31","42640","18,876","0,856","3,566","9,89","678","15,00",
" 539/4","4 nov 2025 22:14:50","42648","18,902","0,858","3,596","10,42","698","15,00",
" 539/5","4 nov 2025 22:15:09","42656","18,890","0,856","3,480","10,07","692","14,99",
" 540/1","4 nov 2025 22:17:02","42704","18,896","0,856","3,540","10,15","682","14,99",
" 540/2","4 nov 2025 22:17:21","42712","18,870","0,856","3,532","10,39","694","14,99",
" 540/3","4 nov 2025 22:17:40","42720","18,878","0,856","3,518","10,42","695","15,00",
" 540/4","4 nov 2025 22:17:59","42728","18,888","0,856","3,504","9,30","683","15,00",
" 540/5","4 nov 2025 22:18:18","42736","18,898","0,856","3,602","9,46","686","15,00",
" 541/1","4 nov 2025 22:20:11","42784","18,898","0,856","3,590","10,37","696","15,00",
" 541/2","4 nov 2025 22:20:30","42792","18,882","0,856","3,522","10,51","697","14,99",
" 541/3","4 nov 2025 22:20:49","42800","18,876","0,856","3,492","10,42","694","15,00",
" 541/4","4 nov 2025 22:21:08","42808","18,878","0,856","3,496","10,24","686","15,00",
" 541/5","4 nov 2025 22:21:27","42816","18,878","0,856","3,518","10,41","690","15,00",
" 542/1","4 nov 2025 22:23:20","42864","18,894","0,856","3,486","9,86","682","15,00",
" 542/2","4 nov 2025 22:23:39","42872","18,882","0,858","3,584","9,88","690","15,00",
" 542/3","4 nov 2025 22:23:58","42880","18,886","0,854","3,516","9,77","688","15,00",
" 542/4","4 nov 2025 22:24:17","42888","18,900","0,858","3,546","10,34","691","15,00",
" 542/5","4 nov 2025 22:24:36","42896","18,896","0,856","3,526","10,41","699","15,00",
" 543/1","4 nov 2025 22:26:29","42944","18,880","0,854","3,562","9,92","686","15,00",
" 543/2","4 nov 2025 22:26:48","42952","18,884","0,856","3,556","9,39","681","14,99",
" 543/3","4 nov 2025 22:27:07","42960","18,896","0,860","3,586","10,49","694","15,00",
" 543/4","4 nov 2025 22:27:26","42968","18,884","0,856","3,512","10,43","690","15,00",
" 543/5","4 nov 2025 22:27:45","42976","18,894","0,856","3,514","9,94","687","15,00",
" 544/1","4 nov 2025 22:29:38","43024","18,908","0,856","3,534","9,38","689","15,00",
" 544/2","4 nov 2025 22:29:57","43032","18,898","0,856","3,620","10,50","691","14,99",
" 544/3","4 nov 2025 22:30:16","43040","18,896","0,856","3,520","10,54","689","15,00",
" 544/4","4 nov 2025 22:30:35","43048","18,874","0,850","3,444","9,94","685","15,00",
" 544/5","4 nov 2025 22:30:54","43056","18,896","0,856","3,530","10,50","700","15,00",
" 545/1","4 nov 2025 22:32:47","43104","18,890","0,856","3,520","10,60","690","15,00",
" 545/2","4 nov 2025 22:33:06","43112","18,882","0,856","3,516","10,01","690","15,00",
" 545/3","4 nov 2025 22:33:25","43120","18,882","0,854","3,556","9,18","680","15,00",
" 545/4","4 nov 2025 22:33:44","43128","18,896","0,856","3,608","10,11","693","15,00",
" 545/5","4 nov 2025 22:34:03","43136","18,890","0,856","3,536","10,28","694","15,00",
" 546/1","4 nov 2025 22:35:56","43184","18,884","0,856","3,546","10,07","689","15,00",
" 546/2","4 nov 2025 22:36:15","43192","18,880","0,856","3,562","9,33","685","14,99",
" 546/3","4 nov 2025 22:36:34","43200","18,894","0,856","3,642","10,52","691","15,00",
" 546/4","4 nov 2025 22:36:53","43208","18,896","0,856","3,504","10,53","692","15,00",
" 546/5","4 nov 2025 22:37:11","43216","18,862","0,854","3,508","9,87","686","15,00",
" 547/1","4 nov 2025 22:39:05","43264","18,890","0,858","3,530","10,40","696","15,00",
" 547/2","4 nov 2025 22:39:24","43272","18,900","0,856","3,484","10,44","686","15,00",
" 547/3","4 nov 2025 22:39:43","43280","18,888","0,856","3,486","9,38","688","15,00",
" 547/4","4 nov 2025 22:40:01","43288","18,882","0,854","3,612","10,07","685","15,00",
" 547/5","4 nov 2025 22:40:20","43296","18,880","0,856","3,536","10,17","687","15,00",
" 548/1","4 nov 2025 22:42:14","43344","18,894","0,856","3,528","10,33","695","15,00",
" 548/2","4 nov 2025 22:42:33","43352","18,874","0,852","3,522","10,09","690","15,00",
" 548/3","4 nov 2025 22:42:51","43360","18,876","0,858","3,536","10,43","700","15,00",
" 548/4","4 nov 2025 22:43:11","43368","18,890","0,856","3,512","10,52","696","15,00",
" 548/5","4 nov 2025 22:43:29","43376","18,892","0,858","3,522","10,34","696","15,00",
" 549/1","4 nov 2025 22:45:23","43424","18,892","0,856","3,604","9,88","687","15,00",
" 549/2","4 nov 2025 22:45:41","43432","18,898","0,856","3,508","10,32","694","15,00",
" 549/3","4 nov 2025 22:46:00","43440","18,890","0,856","3,524","10,44","691","15,00",
" 549/4","4 nov 2025 22:46:19","43448","18,888","0,856","3,498","10,08","681","15,00",
" 549/5","4 nov 2025 22:46:38","43456","18,894","0,856","3,558","10,27","687","15,00",
" 550/1","4 nov 2025 22:48:31","43504","18,892","0,856","3,610","10,44","697","15,00",
" 550/2","4 nov 2025 22:48:50","43512","18,888","0,856","3,504","10,35","698","15,00",
" 550/3","4 nov 2025 22:49:09","43520","18,882","0,856","3,508","9,94","687","14,99",
" 550/4","4 nov 2025 22:49:29","43528","18,892","0,858","3,588","9,78","689","15,00",
" 550/5","4 nov 2025 22:49:47","43536","18,886","0,856","3,558","9,86","681","15,00",
" 551/1","4 nov 2025 22:51:40","43584","18,890","0,852","3,518","10,09","696","15,00",
" 551/2","4 nov 2025 22:51:59","43592","18,876","0,854","3,538","9,73","683","15,00",
" 551/3","4 nov 2025 22:52:18","43600","18,884","0,852","3,576","10,37","682","14,99",
" 551/4","4 nov 2025 22:52:37","43608","18,880","0,856","3,516","10,41","688","15,00",
" 551/5","4 nov 2025 22:52:56","43616","18,876","0,854","3,488","10,05","691","15,00",
" 552/1","4 nov 2025 22:54:49","43664","18,878","0,854","3,600","9,90","680","15,00",
" 552/2","4 nov 2025 22:55:08","43672","18,878","0,856","3,532","10,24","689","14,99",
" 552/3","4 nov 2025 22:55:27","43680","18,866","0,852","3,508","10,29","686","15,00",
" 552/4","4 nov 2025 22:55:46","43688","18,880","0,856","3,504","10,22","694","15,00",
" 552/5","4 nov 2025 22:56:05","43696","18,894","0,856","3,550","9,74","681","15,00",
" 553/1","4 nov 2025 22:57:58","43744","18,898","0,854","3,522","10,44","696","15,00",
" 553/2","4 nov 2025 22:58:17","43752","18,892","0,856","3,466","9,72","680","15,00",
" 553/3","4 nov 2025 22:58:36","43760","18,886","0,856","3,580","9,40","681","14,99",
" 553/4","4 nov 2025 22:58:55","43768","18,896","0,858","3,568","10,43","695","14,99",
" 553/5","4 nov 2025 22:59:14","43776","18,882","0,858","3,530","10,47","689","15,00",
" 554/1","4 nov 2025 23:01:07","43824","18,886","0,856","3,512","10,35","684","14,99",
" 554/2","4 nov 2025 23:01:26","43832","18,882","0,856","3,500","10,41","686","14,99",
" 554/3","4 nov 2025 23:01:45","43840","18,880","0,856","3,510","10,50","690","15,00",
" 554/4","4 nov 2025 23:02:04","43848","18,880","0,854","3,480","10,12","688","15,00",
" 554/5","4 nov 2025 23:02:23","43856","18,890","0,856","3,532","10,06","690","15,00",
" 555/1","4 nov 2025 23:04:16","43904","18,896","0,856","3,488","10,11","693","15,00",
" 555/2","4 nov 2025 23:04:35","43912","18,882","0,856","3,550","9,97","692","15,00",
" 555/3","4 nov 2025 23:04:54","43920","18,888","0,856","3,548","10,02","691","14,99",
" 555/4","4 nov 2025 23:05:13","43928","18,882","0,858","3,518","10,52","693","15,00",
" 555/5","4 nov 2025 23:05:32","43936","18,868","0,856","3,540","10,28","694","15,00",
" 556/1","4 nov 2025 23:07:25","43984","18,894","0,856","3,606","9,83","684","15,00",
" 556/2","4 nov 2025 23:07:44","43992","18,882","0,856","3,558","10,34","692","15,00",
" 556/3","4 nov 2025 23:08:03","44000","18,892","0,856","3,542","10,52","693","15,00",
" 556/4","4 nov 2025 23:08:21","44008","18,898","0,856","3,530","10,35","693","14,99",
" 556/5","4 nov 2025 23:08:40","44016","18,884","0,856","3,536","9,90","681","15,00",
" 557/1","4 nov 2025 23:10:34","44064","18,884","0,856","3,564","9,92","691","15,00",
" 557/2","4 nov 2025 23:10:53","44072","18,880","0,856","3,540","10,26","685","15,00",
" 557/3","4 nov 2025 23:11:11","44080","18,886","0,856","3,532","10,56","702","15,00",
" 557/4","4 nov 2025 23:11:30","44088","18,892","0,856","3,486","10,20","681","15,00",
" 557/5","4 nov 2025 23:11:49","44096","18,874","0,856","3,542","10,22","687","15,00",
" 558/1","4 nov 2025 23:13:43","44144","18,880","0,856","3,520","10,39","695","15,00",
" 558/2","4 nov 2025 23:14:01","44152","18,900","0,856","3,546","10,25","685","14,99",
" 558/3","4 nov 2025 23:14:20","44160","18,898","0,858","3,530","10,41","699","14,99",
" 558/4","4 nov 2025 23:14:39","44168","18,898","0,856","3,488","10,53","690","15,00",
" 558/5","4 nov 2025 23:14:58","44176","18,878","0,856","3,536","10,22","682","15,00",
" 559/1","4 nov 2025 23:16:51","44224","18,886","0,856","3,530","9,98","680","15,00",
" 559/2","4 nov 2025 23:17:10","44232","18,888","0,856","3,548","10,10","682","15,00",
" 559/3","4 nov 2025 23:17:29","44240","18,884","0,856","3,530","10,44","695","14,99",
" 559/4","4 nov 2025 23:17:48","44248","18,898","0,858","3,546","10,43","700","15,00",
" 559/5","4 nov 2025 23:18:07","44256","18,878","0,856","3,528","10,05","688","15,00",
" 560/1","4 nov 2025 23:20:00","44304","18,880","0,856","3,548","10,38","693","15,00",
" 560/2","4 nov 2025 23:20:19","44312","18,896","0,856","3,514","10,09","688","15,00",
" 560/3","4 nov 2025 23:20:38","44320","18,878","0,854","3,542","9,29","682","15,00",
" 560/4","4 nov 2025 23:20:57","44328","18,878","0,856","3,586","9,75","688","15,00",
" 560/5","4 nov 2025 23:21:16","44336","18,894","0,856","3,540","10,29","685","15,00",
" 561/1","4 nov 2025 23:23:09","44384","18,888","0,856","3,550","9,72","684","15,00",
" 561/2","4 nov 2025 23:23:28","44392","18,886","0,856","3,524","9,71","679","15,00",
" 561/3","4 nov 2025 23:23:47","44400","18,870","0,856","3,580","10,48","700","14,99",
" 561/4","4 nov 2025 23:24:06","44408","18,878","0,856","3,526","10,48","699","15,00",
" 561/5","4 nov 2025 23:24:25","44416","18,882","0,856","3,516","9,66","688","15,00",
" 562/1","4 nov 2025 23:26:18","44464","18,904","0,856","3,534","10,26","684","15,00",
" 562/2","4 nov 2025 23:26:37","44472","18,884","0,856","3,492","10,51","690","15,00",
" 562/3","4 nov 2025 23:26:56","44480","18,880","0,858","3,518","10,45","690","15,00",
" 562/4","4 nov 2025 23:27:15","44488","18,890","0,856","3,546","9,63","687","15,00",
" 562/5","4 nov 2025 23:28:11","44496","18,874","0,856","3,506","10,48","697","15,00",
" 563/1","4 nov 2025 23:29:27","44528","18,880","0,856","3,528","10,25","688","15,00",
" 563/2","4 nov 2025 23:29:46","44536","18,888","0,856","3,494","9,59","685","15,00",
" 563/3","4 nov 2025 23:30:05","44544","18,886","0,856","3,578","10,22","691","15,00",
" 563/4","4 nov 2025 23:30:24","44552","18,896","0,858","3,558","10,53","699","14,99",
" 563/5","4 nov 2025 23:30:43","44560","18,884","0,856","3,502","10,11","692","14,99",
" 564/1","4 nov 2025 23:32:36","44608","18,886","0,856","3,594","9,50","688","15,00",
" 564/2","4 nov 2025 23:32:55","44616","18,878","0,856","3,590","9,86","683","15,00",
" 564/3","4 nov 2025 23:33:14","44624","18,880","0,856","3,542","10,39","695","15,00",
" 564/4","4 nov 2025 23:33:33","44632","18,888","0,856","3,494","10,52","693","15,00",
" 564/5","4 nov 2025 23:33:51","44640","18,894","0,856","3,494","10,26","693","15,00",
" 565/1","4 nov 2025 23:35:45","44688","18,880","0,856","3,554","10,57","699","15,00",
" 565/2","4 nov 2025 23:36:04","44696","18,886","0,856","3,508","10,54","691","15,00",
" 565/3","4 nov 2025 23:36:23","44704","18,890","0,856","3,506","10,17","694","15,00",
" 565/4","4 nov 2025 23:36:41","44712","18,900","0,856","3,574","10,39","698","15,00",
" 565/5","4 nov 2025 23:37:00","44720","18,898","0,858","3,510","10,50","699","15,00",
" 566/1","4 nov 2025 23:38:54","44768","18,880","0,854","3,508","10,35","696","15,00",
" 566/2","4 nov 2025 23:39:13","44776","18,876","0,856","3,518","10,41","688","15,00",
" 566/3","4 nov 2025 23:39:31","44784","18,870","0,856","3,530","10,51","697","15,00",
" 566/4","4 nov 2025 23:39:50","44792","18,888","0,858","3,490","10,29","691","15,00",
" 566/5","4 nov 2025 23:40:10","44800","18,892","0,856","3,504","10,20","683","15,00",
" 567/1","4 nov 2025 23:42:03","44848","18,888","0,856","3,528","10,01","690","15,00",
" 567/2","4 nov 2025 23:42:21","44856","18,888","0,856","3,554","9,41","688","14,99",
" 567/3","4 nov 2025 23:42:40","44864","18,900","0,856","3,592","9,94","689","15,00",
" 567/4","4 nov 2025 23:42:59","44872","18,898","0,856","3,526","10,48","697","15,00",
" 567/5","4 nov 2025 23:43:18","44880","18,880","0,856","3,498","10,35","695","15,00",
" 568/1","4 nov 2025 23:45:11","44928","18,886","0,856","3,586","10,43","689","15,00",
" 568/2","4 nov 2025 23:45:30","44936","18,886","0,856","3,532","10,39","698","15,00",
" 568/3","4 nov 2025 23:45:49","44944","18,888","0,856","3,498","9,94","687","15,00",
" 568/4","4 nov 2025 23:46:08","44952","18,872","0,854","3,544","9,38","682","15,00",
" 568/5","4 nov 2025 23:46:27","44960","18,876","0,856","3,566","9,96","689","15,00",
" 569/1","4 nov 2025 23:48:20","45008","18,884","0,856","3,492","10,22","686","15,00",
" 569/2","4 nov 2025 23:48:39","45016","18,890","0,856","3,516","10,26","693","15,00",
" 569/3","4 nov 2025 23:48:58","45024","18,880","0,856","3,522","10,45","699","14,99",
" 569/4","4 nov 2025 23:49:17","45032","18,890","0,856","3,506","10,08","684","15,00",
" 569/5","4 nov 2025 23:49:36","45040","18,896","0,858","3,506","9,98","682","14,99",
" 570/1","4 nov 2025 23:51:29","45088","18,870","0,856","3,514","10,14","685","15,00",
" 570/2","4 nov 2025 23:51:48","45096","18,870","0,856","3,524","9,58","685","15,00",
" 570/3","4 nov 2025 23:52:45","45104","18,890","0,856","3,502","10,41","694","15,00",
" 570/4","4 nov 2025 23:53:04","45112","18,880","0,856","3,498","9,94","688","15,00",
" 570/5","4 nov 2025 23:53:22","45120","18,894","0,856","3,516","9,94","680","15,00",
" 571/1","4 nov 2025 23:54:38","45152","18,892","0,856","3,546","10,31","686","15,00",
" 571/2","4 nov 2025 23:54:57","45160","18,878","0,856","3,564","10,40","696","15,00",
" 571/3","4 nov 2025 23:55:16","45168","18,864","0,854","3,528","9,57","685","15,00",
" 571/4","4 nov 2025 23:55:35","45176","18,898","0,856","3,618","9,94","694","15,00",
" 571/5","4 nov 2025 23:55:54","45184","18,886","0,856","3,542","10,23","694","15,00",
" 572/1","4 nov 2025 23:57:47","45232","18,884","0,856","3,494","10,34","689","15,00",
" 572/2","4 nov 2025 23:58:06","45240","18,894","0,856","3,538","10,14","684","14,99",
" 572/3","4 nov 2025 23:58:25","45248","18,872","0,856","3,516","10,37","692","15,00",
" 572/4","4 nov 2025 23:58:44","45256","18,898","0,858","3,484","10,49","698","15,00",
" 572/5","4 nov 2025 23:59:02","45264","18,872","0,854","3,508","9,57","688","15,00",
" 573/1","5 nov 2025 0:00:56","45312","18,894","0,856","3,500","10,33","695","15,00",
" 573/2","5 nov 2025 0:01:15","45320","18,888","0,856","3,486","10,39","689","15,00",
" 573/3","5 nov 2025 0:01:34","45328","18,876","0,854","3,468","10,20","694","15,00",
" 573/4","5 nov 2025 0:01:52","45336","18,890","0,856","3,508","10,35","693","15,00",
" 573/5","5 nov 2025 0:02:11","45344","18,898","0,856","3,506","10,46","697","15,00",
" 574/1","5 nov 2025 0:04:05","45392","18,886","0,856","3,542","10,03","691","15,00",
" 574/2","5 nov 2025 0:04:24","45400","18,888","0,856","3,514","10,26","696","15,00",
" 574/3","5 nov 2025 0:04:42","45408","18,898","0,856","3,544","10,44","695","15,00",
" 574/4","5 nov 2025 0:05:01","45416","18,882","0,856","3,502","9,72","690","15,00",
" 574/5","5 nov 2025 0:05:20","45424","18,900","0,856","3,590","9,89","692","15,00",
" 575/1","5 nov 2025 0:07:14","45472","18,880","0,856","3,504","10,56","700","15,00",
" 575/2","5 nov 2025 0:07:32","45480","18,880","0,856","3,474","9,76","689","15,00",
" 575/3","5 nov 2025 0:07:51","45488","18,888","0,856","3,566","9,95","682","14,99",
" 575/4","5 nov 2025 0:08:10","45496","18,892","0,856","3,534","9,89","680","15,00",
" 575/5","5 nov 2025 0:08:29","45504","18,888","0,856","3,546","10,46","698","14,99",
" 576/1","5 nov 2025 0:10:22","45552","18,888","0,856","3,614","9,85","682","15,00",
" 576/2","5 nov 2025 0:10:42","45560","18,872","0,856","3,546","10,40","695","15,00",
" 576/3","5 nov 2025 0:11:00","45568","18,878","0,856","3,474","10,42","691","14,99",
" 576/4","5 nov 2025 0:11:19","45576","18,888","0,856","3,496","10,24","688","15,00",
" 576/5","5 nov 2025 0:11:38","45584","18,886","0,856","3,498","10,21","686","15,00",
" 577/1","5 nov 2025 0:13:31","45632","18,882","0,856","3,500","10,10","690","14,99",
" 577/2","5 nov 2025 0:13:50","45640","18,894","0,858","3,492","10,26","687","14,99",
" 577/3","5 nov 2025 0:14:09","45648","18,872","0,856","3,556","10,40","695","15,00",
" 577/4","5 nov 2025 0:14:28","45656","18,894","0,856","3,520","10,21","692","14,99",
" 577/5","5 nov 2025 0:14:47","45664","18,882","0,854","3,524","9,95","689","15,00",
" 578/1","5 nov 2025 0:16:40","45712","18,900","0,856","3,494","10,16","695","15,00",
" 578/2","5 nov 2025 0:16:59","45720","18,892","0,856","3,522","9,55","678","15,00",
" 578/3","5 nov 2025 0:17:18","45728","18,892","0,856","3,584","9,09","680","14,99",
" 578/4","5 nov 2025 0:17:37","45736","18,892","0,856","3,594","10,14","687","15,00",
" 578/5","5 nov 2025 0:17:56","45744","18,892","0,856","3,542","10,40","697","15,00",
" 579/1","5 nov 2025 0:19:49","45792","18,870","0,856","3,556","9,53","687","15,00",
" 579/2","5 nov 2025 0:20:08","45800","18,880","0,854","3,602","10,32","691","14,99",
" 579/3","5 nov 2025 0:20:27","45808","18,890","0,858","3,530","10,14","694","15,00",
" 579/4","5 nov 2025 0:20:46","45816","18,894","0,856","3,550","9,58","688","15,00",
" 579/5","5 nov 2025 0:21:05","45824","18,892","0,856","3,568","9,94","687","15,00",
" 580/1","5 nov 2025 0:22:58","45872","18,866","0,856","3,488","10,24","685","15,00",
" 580/2","5 nov 2025 0:23:17","45880","18,896","0,856","3,506","9,96","683","14,99",
" 580/3","5 nov 2025 0:23:36","45888","18,892","0,856","3,556","9,77","679","15,00",
" 580/4","5 nov 2025 0:23:55","45896","18,882","0,856","3,590","10,35","691","15,00",
" 580/5","5 nov 2025 0:24:14","45904","18,862","0,856","3,524","10,38","684","15,00",
" 581/1","5 nov 2025 0:26:07","45952","18,892","0,856","3,552","9,88","689","15,00",
" 581/2","5 nov 2025 0:26:26","45960","18,878","0,854","3,534","9,74","681","15,00",
" 581/3","5 nov 2025 0:26:45","45968","18,892","0,856","3,554","10,36","684","15,00",
" 581/4","5 nov 2025 0:27:04","45976","18,896","0,856","3,514","10,35","691","15,00",
" 581/5","5 nov 2025 0:27:23","45984","18,878","0,856","3,514","10,16","685","15,00",
" 582/1","5 nov 2025 0:29:16","46032","18,888","0,854","3,534","9,86","686","15,00",
" 582/2","5 nov 2025 0:29:35","46040","18,888","0,856","3,584","10,39","699","15,00",
" 582/3","5 nov 2025 0:29:54","46048","18,878","0,856","3,506","10,30","689","15,00",
" 582/4","5 nov 2025 0:30:12","46056","18,896","0,856","3,550","9,34","688","14,99",
" 582/5","5 nov 2025 0:30:31","46064","18,886","0,856","3,586","9,92","683","15,00",
" 583/1","5 nov 2025 0:32:25","46112","18,880","0,856","3,524","10,20","692","14,99",
" 583/2","5 nov 2025 0:32:44","46120","18,882","0,854","3,520","10,26","693","14,99",
" 583/3","5 nov 2025 0:33:02","46128","18,896","0,856","3,488","10,43","697","14,99",
" 583/4","5 nov 2025 0:33:21","46136","18,880","0,852","3,494","9,94","690","15,00",
" 583/5","5 nov 2025 0:33:40","46144","18,902","0,858","3,508","9,50","688","15,00",
" 584/1","5 nov 2025 0:35:34","46192","18,902","0,858","3,510","10,33","692","15,00",
" 584/2","5 nov 2025 0:35:52","46200","18,894","0,858","3,500","10,24","691","15,00",
" 584/3","5 nov 2025 0:36:11","46208","18,882","0,856","3,502","10,32","688","15,00",
" 584/4","5 nov 2025 0:36:30","46216","18,882","0,856","3,508","10,22","687","15,00",
" 584/5","5 nov 2025 0:36:49","46224","18,886","0,856","3,486","9,12","683","15,00",
" 585/1","5 nov 2025 0:38:42","46272","18,896","0,856","3,510","10,35","692","15,00",
" 585/2","5 nov 2025 0:39:02","46280","18,882","0,856","3,520","9,86","680","14,99",
" 585/3","5 nov 2025 0:39:20","46288","18,896","0,858","3,540","9,37","688","14,99",
" 585/4","5 nov 2025 0:39:39","46296","18,876","0,854","3,558","9,85","683","15,00",
" 585/5","5 nov 2025 0:39:58","46304","18,884","0,858","3,588","10,39","693","14,99",
" 586/1","5 nov 2025 0:41:51","46352","18,876","0,856","3,488","10,11","684","15,00",
" 586/2","5 nov 2025 0:42:10","46360","18,888","0,856","3,506","9,88","686","15,00",
" 586/3","5 nov 2025 0:42:29","46368","18,896","0,856","3,506","10,42","696","15,00",
" 586/4","5 nov 2025 0:42:48","46376","18,892","0,858","3,516","10,33","698","15,00",
" 586/5","5 nov 2025 0:43:07","46384","18,876","0,854","3,526","10,16","690","15,00",
" 587/1","5 nov 2025 0:45:00","46432","18,892","0,856","3,548","10,41","693","15,00",
" 587/2","5 nov 2025 0:45:19","46440","18,896","0,854","3,500","10,05","690","15,00",
" 587/3","5 nov 2025 0:45:38","46448","18,884","0,858","3,532","10,20","684","15,00",
" 587/4","5 nov 2025 0:45:57","46456","18,886","0,856","3,528","10,41","687","15,00",
" 587/5","5 nov 2025 0:46:16","46464","18,886","0,856","3,488","9,54","690","15,00",
" 588/1","5 nov 2025 0:48:09","46512","18,870","0,854","3,528","9,63","687","15,00",
" 588/2","5 nov 2025 0:48:28","46520","18,872","0,856","3,564","10,39","695","15,00",
" 588/3","5 nov 2025 0:48:47","46528","18,898","0,858","3,490","10,26","693","15,00",
" 588/4","5 nov 2025 0:49:06","46536","18,878","0,854","3,514","9,79","679","15,00",
" 588/5","5 nov 2025 0:49:25","46544","18,888","0,854","3,538","10,20","690","15,00",
" 589/1","5 nov 2025 0:51:18","46592","18,894","0,854","3,498","10,20","693","15,00",
" 589/2","5 nov 2025 0:51:37","46600","18,872","0,854","3,516","10,00","692","14,99",
" 589/3","5 nov 2025 0:51:56","46608","18,884","0,856","3,522","10,46","692","15,00",
" 589/4","5 nov 2025 0:52:15","46616","18,886","0,858","3,498","10,15","691","14,99",
" 589/5","5 nov 2025 0:52:34","46624","18,876","0,856","3,540","9,88","687","15,00",
" 590/1","5 nov 2025 0:54:27","46672","18,886","0,858","3,530","10,35","698","15,00",
" 590/2","5 nov 2025 0:54:46","46680","18,892","0,856","3,476","10,33","688","15,00",
" 590/3","5 nov 2025 0:55:05","46688","18,886","0,856","3,492","10,16","694","14,99",
" 590/4","5 nov 2025 0:55:23","46696","18,872","0,854","3,518","10,17","692","15,00",
" 590/5","5 nov 2025 0:55:43","46704","18,886","0,854","3,476","10,40","690","15,00",
" 591/1","5 nov 2025 0:57:36","46752","18,874","0,854","3,510","10,09","681","15,00",
" 591/2","5 nov 2025 0:57:54","46760","18,880","0,856","3,532","10,39","691","15,00",
" 591/3","5 nov 2025 0:58:13","46768","18,890","0,854","3,508","10,40","692","14,99",
" 591/4","5 nov 2025 0:58:32","46776","18,876","0,854","3,488","9,68","684","15,00",
" 591/5","5 nov 2025 0:58:51","46784","18,880","0,854","3,546","9,43","682","15,00",
" 592/1","5 nov 2025 1:00:44","46832","18,876","0,856","3,560","10,39","693","15,00",
" 592/2","5 nov 2025 1:01:04","46840","18,876","0,854","3,510","10,35","696","15,00",
" 592/3","5 nov 2025 1:01:22","46848","18,888","0,856","3,518","10,06","690","15,00",
" 592/4","5 nov 2025 1:01:41","46856","18,890","0,854","3,522","10,05","689","15,00",
" 592/5","5 nov 2025 1:02:00","46864","18,884","0,854","3,508","10,38","696","15,00",
" 593/1","5 nov 2025 1:03:54","46912","18,890","0,856","3,522","10,28","691","15,00",
" 593/2","5 nov 2025 1:04:12","46920","18,870","0,854","3,540","9,29","677","15,00",
" 593/3","5 nov 2025 1:04:31","46928","18,886","0,856","3,592","10,03","690","15,00",
" 593/4","5 nov 2025 1:04:50","46936","18,884","0,856","3,542","10,24","687","15,00",
" 593/5","5 nov 2025 1:05:09","46944","18,896","0,856","3,508","10,44","695","15,00",
" 594/1","5 nov 2025 1:07:02","46992","18,888","0,856","3,564","10,24","691","15,00",
" 594/2","5 nov 2025 1:07:21","47000","18,882","0,854","3,524","10,31","694","15,00",
" 594/3","5 nov 2025 1:07:40","47008","18,882","0,856","3,516","9,47","690","15,00",
" 594/4","5 nov 2025 1:07:59","47016","18,886","0,858","3,606","10,03","691","15,00",
" 594/5","5 nov 2025 1:08:18","47024","18,882","0,856","3,528","10,03","688","15,00",
" 595/1","5 nov 2025 1:10:11","47072","18,884","0,856","3,502","10,09","689","15,00",
" 595/2","5 nov 2025 1:10:30","47080","18,896","0,854","3,522","9,83","683","15,00",
" 595/3","5 nov 2025 1:10:49","47088","18,890","0,856","3,536","10,41","686","15,00",
" 595/4","5 nov 2025 1:11:08","47096","18,882","0,856","3,474","10,26","693","15,00",
" 595/5","5 nov 2025 1:11:27","47104","18,878","0,854","3,490","10,27","695","15,00",
" 596/1","5 nov 2025 1:13:20","47152","18,894","0,854","3,526","9,79","686","15,00",
" 596/2","5 nov 2025 1:13:39","47160","18,894","0,856","3,532","10,29","689","14,99",
" 596/3","5 nov 2025 1:13:58","47168","18,894","0,856","3,522","10,40","688","15,00",
" 596/4","5 nov 2025 1:14:17","47176","18,874","0,856","3,516","10,22","694","15,00",
" 596/5","5 nov 2025 1:14:35","47184","18,874","0,856","3,538","10,18","688","15,00",
" 597/1","5 nov 2025 1:16:29","47216","18,890","0,856","3,504","10,45","697","15,00",
" 597/2","5 nov 2025 1:16:48","47224","18,892","0,856","3,494","10,27","693","15,00",
" 597/3","5 nov 2025 1:17:07","47232","18,896","0,856","3,492","10,33","698","15,00",
" 597/4","5 nov 2025 1:17:25","47240","18,898","0,856","3,498","10,49","700","15,00",
" 597/5","5 nov 2025 1:17:44","47248","18,894","0,856","3,506","10,10","682","15,00",
" 598/1","5 nov 2025 1:19:38","47296","18,866","0,856","3,504","10,23","695","15,00",
" 598/2","5 nov 2025 1:19:57","47304","18,894","0,856","3,538","10,50","689","15,00",
" 598/3","5 nov 2025 1:20:15","47312","18,898","0,858","3,530","10,28","696","15,00",
" 598/4","5 nov 2025 1:20:34","47320","18,876","0,856","3,558","9,47","682","15,00",
" 598/5","5 nov 2025 1:20:53","47328","18,902","0,856","3,582","9,68","678","15,00",
" 599/1","5 nov 2025 1:22:47","47376","18,886","0,856","3,492","10,47","695","15,00",
" 599/2","5 nov 2025 1:23:06","47384","18,880","0,856","3,496","9,85","693","15,00",
" 599/3","5 nov 2025 1:23:24","47392","18,892","0,856","3,542","9,62","687","15,00",
" 599/4","5 nov 2025 1:23:43","47400","18,890","0,856","3,576","10,43","699","15,00",
" 599/5","5 nov 2025 1:24:02","47408","18,876","0,856","3,508","10,54","703","15,00",
" 600/1","5 nov 2025 1:25:55","47456","18,892","0,856","3,554","9,53","682","15,00",
" 600/2","5 nov 2025 1:26:14","47464","18,892","0,856","3,584","10,36","698","14,99",
" 600/3","5 nov 2025 1:26:33","47472","18,886","0,856","3,522","10,50","701","15,00",
" 600/4","5 nov 2025 1:26:53","47480","18,898","0,856","3,520","10,31","692","15,00",
" 600/5","5 nov 2025 1:27:11","47488","18,878","0,856","3,530","10,03","689","15,00",
" 601/1","5 nov 2025 1:29:05","47536","18,896","0,856","3,546","10,39","700","15,00",
" 601/2","5 nov 2025 1:29:23","47544","18,890","0,858","3,550","10,46","701","15,00",
" 601/3","5 nov 2025 1:29:42","47552","18,892","0,854","3,506","9,48","684","15,00",
" 601/4","5 nov 2025 1:30:01","47560","18,874","0,854","3,592","9,57","688","15,00",
" 601/5","5 nov 2025 1:30:20","47568","18,888","0,856","3,574","10,35","691","15,00",
" 602/1","5 nov 2025 1:32:14","47616","18,890","0,856","3,504","10,41","700","14,99",
" 602/2","5 nov 2025 1:32:32","47624","18,886","0,856","3,496","9,90","690","15,00",
" 602/3","5 nov 2025 1:32:51","47632","18,898","0,858","3,554","10,40","694","15,00",
" 602/4","5 nov 2025 1:33:10","47640","18,896","0,856","3,522","10,44","699","15,00",
" 602/5","5 nov 2025 1:33:29","47648","18,904","0,856","3,504","10,11","694","15,00",
" 603/1","5 nov 2025 1:35:22","47680","18,878","0,856","3,568","10,01","684","15,00",
" 603/2","5 nov 2025 1:35:41","47688","18,864","0,854","3,542","10,04","684","15,00",
" 603/3","5 nov 2025 1:36:00","47696","18,870","0,856","3,606","10,46","697","14,99",
" 603/4","5 nov 2025 1:36:19","47704","18,890","0,856","3,526","10,40","696","15,00",
" 603/5","5 nov 2025 1:36:38","47712","18,878","0,856","3,498","10,27","697","15,00",
" 604/1","5 nov 2025 1:38:31","47760","18,886","0,856","3,516","10,53","699","15,00",
" 604/2","5 nov 2025 1:38:50","47768","18,890","0,856","3,504","10,37","685","15,00",
" 604/3","5 nov 2025 1:39:09","47776","18,886","0,856","3,528","10,29","696","15,00",
" 604/4","5 nov 2025 1:39:28","47784","18,894","0,856","3,528","10,48","695","15,00",
" 604/5","5 nov 2025 1:39:47","47792","18,878","0,856","3,504","10,49","694","15,00",
" 605/1","5 nov 2025 1:41:40","47840","18,862","0,854","3,496","10,28","686","15,00",
" 605/2","5 nov 2025 1:41:59","47848","18,878","0,856","3,496","10,43","699","15,00",
" 605/3","5 nov 2025 1:42:18","47856","18,888","0,856","3,522","10,34","698","14,99",
" 605/4","5 nov 2025 1:42:37","47864","18,882","0,856","3,510","10,01","681","15,00",
" 605/5","5 nov 2025 1:42:56","47872","18,888","0,856","3,536","10,05","692","15,00",
" 606/1","5 nov 2025 1:44:49","47920","18,900","0,856","3,526","10,18","685","15,00",
" 606/2","5 nov 2025 1:45:08","47928","18,896","0,856","3,544","9,40","687","15,00",
" 606/3","5 nov 2025 1:45:27","47936","18,894","0,856","3,630","9,92","690","15,00",
" 606/4","5 nov 2025 1:45:46","47944","18,892","0,856","3,508","10,01","691","15,00",
" 606/5","5 nov 2025 1:46:05","47952","18,888","0,856","3,566","10,50","699","15,00",
" 607/1","5 nov 2025 1:47:58","48000","18,884","0,854","3,578","9,53","687","15,00",
" 607/2","5 nov 2025 1:48:17","48008","18,890","0,856","3,600","9,26","676","15,00",
" 607/3","5 nov 2025 1:48:36","48016","18,886","0,856","3,624","10,37","699","15,00",
" 607/4","5 nov 2025 1:48:55","48024","18,892","0,856","3,524","10,41","697","15,00",
" 607/5","5 nov 2025 1:49:13","48032","18,886","0,856","3,506","9,78","686","15,00",
" 608/1","5 nov 2025 1:51:08","48080","18,892","0,856","3,520","10,44","692","15,00",
" 608/2","5 nov 2025 1:51:26","48088","18,886","0,856","3,542","10,49","699","15,00",
" 608/3","5 nov 2025 1:51:44","48096","18,878","0,856","3,512","9,23","676","15,00",
" 608/4","5 nov 2025 1:52:03","48104","18,882","0,856","3,614","10,20","689","15,00",
" 608/5","5 nov 2025 1:52:22","48112","18,890","0,856","3,518","10,14","685","15,00",
" 609/1","5 nov 2025 1:54:15","48160","18,888","0,856","3,532","10,44","697","15,00",
" 609/2","5 nov 2025 1:54:34","48168","18,878","0,856","3,496","10,07","687","15,00",
" 609/3","5 nov 2025 1:54:53","48176","18,904","0,856","3,540","10,11","691","15,00",
" 609/4","5 nov 2025 1:55:13","48184","18,896","0,856","3,514","10,31","690","15,00",
" 609/5","5 nov 2025 1:55:31","48192","18,880","0,856","3,514","10,37","686","15,00",
" 610/1","5 nov 2025 1:57:24","48240","18,880","0,856","3,514","10,21","692","15,00",
" 610/2","5 nov 2025 1:57:44","48248","18,874","0,856","3,518","9,40","684","15,00",
" 610/3","5 nov 2025 1:58:02","48256","18,884","0,856","3,598","9,79","684","14,99",
" 610/4","5 nov 2025 1:58:21","48264","18,880","0,856","3,538","9,88","679","15,00",
" 610/5","5 nov 2025 1:58:40","48272","18,888","0,856","3,562","10,38","695","15,00",
" 611/1","5 nov 2025 2:00:33","48320","18,880","0,856","3,564","9,47","690","15,00",
" 611/2","5 nov 2025 2:00:52","48328","18,874","0,854","3,594","9,03","678","15,00",
" 611/3","5 nov 2025 2:01:11","48336","18,878","0,856","3,652","10,19","694","15,00",
" 611/4","5 nov 2025 2:01:30","48344","18,886","0,856","3,514","10,39","692","15,00",
" 611/5","5 nov 2025 2:01:49","48352","18,886","0,856","3,534","9,90","689","15,00",
" 612/1","5 nov 2025 2:03:42","48400","18,884","0,856","3,516","10,33","689","15,00",
" 612/2","5 nov 2025 2:04:01","48408","18,896","0,858","3,488","10,36","701","14,99",
" 612/3","5 nov 2025 2:04:20","48416","18,886","0,856","3,506","9,97","688","15,00",
" 612/4","5 nov 2025 2:04:39","48424","18,880","0,854","3,528","9,75","681","15,00",
" 612/5","5 nov 2025 2:04:58","48432","18,890","0,856","3,558","9,81","686","15,00",
" 613/1","5 nov 2025 2:06:51","48480","18,898","0,858","3,518","9,78","694","14,99",
" 613/2","5 nov 2025 2:07:10","48488","18,886","0,854","3,578","9,43","688","15,00",
" 613/3","5 nov 2025 2:07:29","48496","18,892","0,856","3,568","9,86","685","15,00",
" 613/4","5 nov 2025 2:07:48","48504","18,892","0,856","3,546","10,33","697","15,00",
" 613/5","5 nov 2025 2:08:07","48512","18,888","0,856","3,512","10,43","699","15,00",
" 614/1","5 nov 2025 2:10:00","48560","18,874","0,854","3,582","9,08","675","15,00",
" 614/2","5 nov 2025 2:10:19","48568","18,886","0,856","3,576","10,31","689","14,99",
" 614/3","5 nov 2025 2:10:38","48576","18,882","0,856","3,552","10,37","692","14,99",
" 614/4","5 nov 2025 2:10:57","48584","18,902","0,856","3,518","9,94","693","15,00",
" 614/5","5 nov 2025 2:11:15","48592","18,892","0,856","3,542","9,39","680","15,00",
" 615/1","5 nov 2025 2:13:09","48640","18,890","0,856","3,524","10,35","691","15,00",
" 615/2","5 nov 2025 2:13:28","48648","18,906","0,856","3,506","9,90","686","14,99",
" 615/3","5 nov 2025 2:13:47","48656","18,898","0,856","3,518","9,50","689","14,99",
" 615/4","5 nov 2025 2:14:06","48664","18,884","0,856","3,534","9,93","692","14,99",
" 615/5","5 nov 2025 2:14:25","48672","18,882","0,854","3,554","10,41","698","14,99",
" 616/1","5 nov 2025 2:16:18","48720","18,890","0,856","3,500","10,42","698","15,00",
" 616/2","5 nov 2025 2:16:37","48728","18,894","0,856","3,500","9,73","687","15,00",
" 616/3","5 nov 2025 2:16:55","48736","18,876","0,856","3,560","9,33","691","15,00",
" 616/4","5 nov 2025 2:17:14","48744","18,884","0,860","3,568","9,56","695","15,00",
" 616/5","5 nov 2025 2:17:33","48752","18,900","0,854","3,550","10,13","695","14,99",
" 617/1","5 nov 2025 2:19:27","48784","18,886","0,856","3,506","10,18","696","15,00",
" 617/2","5 nov 2025 2:19:46","48792","18,886","0,856","3,492","9,99","683","15,00",
" 617/3","5 nov 2025 2:20:04","48800","18,892","0,856","3,524","10,36","693","15,00",
" 617/4","5 nov 2025 2:20:23","48808","18,886","0,856","3,510","10,41","694","14,99",
" 617/5","5 nov 2025 2:20:42","48816","18,868","0,854","3,514","9,79","690","14,99",
" 618/1","5 nov 2025 2:22:36","48864","18,900","0,856","3,574","9,53","694","15,00",
" 618/2","5 nov 2025 2:22:54","48872","18,876","0,856","3,576","10,35","699","15,00",
" 618/3","5 nov 2025 2:23:13","48880","18,896","0,858","3,518","10,47","699","15,00",
" 618/4","5 nov 2025 2:23:32","48888","18,892","0,856","3,460","10,05","685","15,00",
" 618/5","5 nov 2025 2:23:51","48896","18,884","0,856","3,528","10,32","700","15,00",
" 619/1","5 nov 2025 2:25:44","48928","18,888","0,856","3,522","10,31","696","15,00",
" 619/2","5 nov 2025 2:26:03","48936","18,880","0,856","3,548","10,37","693","15,00",
" 619/3","5 nov 2025 2:26:22","48944","18,886","0,856","3,486","9,79","691","15,00",
" 619/4","5 nov 2025 2:26:41","48952","18,902","0,856","3,586","9,65","687","15,00",
" 619/5","5 nov 2025 2:27:00","48960","18,892","0,856","3,550","9,73","690","15,00",
" 620/1","5 nov 2025 2:28:53","49008","18,874","0,854","3,510","10,34","694","15,00",
" 620/2","5 nov 2025 2:29:12","49016","18,878","0,856","3,516","10,05","692","15,00",
" 620/3","5 nov 2025 2:29:32","49024","18,896","0,856","3,516","9,95","694","15,00",
" 620/4","5 nov 2025 2:29:50","49032","18,894","0,856","3,510","10,46","695","14,99",
" 620/5","5 nov 2025 2:30:09","49040","18,882","0,854","3,504","9,58","692","15,00",
" 621/1","5 nov 2025 2:32:02","49088","18,882","0,854","3,560","9,06","681","15,00",
" 621/2","5 nov 2025 2:32:21","49096","18,886","0,852","3,584","9,60","693","15,00",
" 621/3","5 nov 2025 2:32:40","49104","18,886","0,856","3,556","10,41","697","14,99",
" 621/4","5 nov 2025 2:32:59","49112","18,902","0,858","3,504","10,35","698","14,99",
" 621/5","5 nov 2025 2:33:18","49120","18,900","0,856","3,482","9,89","686","15,00",
" 622/1","5 nov 2025 2:35:11","49168","18,876","0,856","3,520","10,26","693","15,00",
" 622/2","5 nov 2025 2:35:30","49176","18,900","0,854","3,522","9,21","693","15,00",
" 622/3","5 nov 2025 2:35:49","49184","18,904","0,856","3,620","9,73","692","15,00",
" 622/4","5 nov 2025 2:36:08","49192","18,902","0,856","3,526","9,94","697","14,99",
" 622/5","5 nov 2025 2:36:27","49200","18,890","0,856","3,538","10,38","698","14,99",
" 623/1","5 nov 2025 2:38:20","49248","18,882","0,854","3,526","9,18","691","15,00",
" 623/2","5 nov 2025 2:38:39","49256","18,900","0,856","3,638","9,70","698","15,00",
" 623/3","5 nov 2025 2:38:58","49264","18,896","0,856","3,568","10,19","697","15,00",
" 623/4","5 nov 2025 2:39:17","49272","18,904","0,856","3,508","10,22","701","15,00",
" 623/5","5 nov 2025 2:39:36","49280","18,892","0,854","3,502","10,44","699","15,00",
" 624/1","5 nov 2025 2:41:30","49328","18,894","0,856","3,532","9,77","690","15,00",
" 624/2","5 nov 2025 2:41:48","49336","18,884","0,856","3,572","9,86","696","15,00",
" 624/3","5 nov 2025 2:42:07","49344","18,874","0,856","3,562","10,29","697","15,00",
" 624/4","5 nov 2025 2:42:26","49352","18,898","0,856","3,502","10,24","698","15,00",
" 624/5","5 nov 2025 2:42:45","49360","18,892","0,854","3,536","9,94","698","15,00",
" 625/1","5 nov 2025 2:44:38","49408","18,886","0,856","3,544","9,94","694","14,99",
" 625/2","5 nov 2025 2:44:57","49416","18,898","0,856","3,550","10,41","700","15,00",
" 625/3","5 nov 2025 2:45:16","49424","18,890","0,856","3,526","10,43","701","15,00",
" 625/4","5 nov 2025 2:45:35","49432","18,888","0,856","3,514","10,15","698","15,00",
" 625/5","5 nov 2025 2:45:54","49440","18,892","0,854","3,518","10,22","695","15,00",
" 626/1","5 nov 2025 2:47:47","49488","18,886","0,856","3,512","10,41","693","15,00",
" 626/2","5 nov 2025 2:48:06","49496","18,880","0,854","3,524","9,73","684","15,00",
" 626/3","5 nov 2025 2:48:25","49504","18,878","0,858","3,572","9,53","689","15,00",
" 626/4","5 nov 2025 2:48:44","49512","18,888","0,856","3,566","9,86","690","14,99",
" 626/5","5 nov 2025 2:49:03","49520","18,900","0,856","3,520","10,22","693","14,99",
" 627/1","5 nov 2025 2:50:56","49568","18,880","0,856","3,496","9,92","690","14,99",
" 627/2","5 nov 2025 2:51:15","49576","18,906","0,856","3,572","10,19","693","15,00",
" 627/3","5 nov 2025 2:51:34","49584","18,904","0,856","3,542","10,44","703","15,00",
" 627/4","5 nov 2025 2:51:53","49592","18,898","0,856","3,550","10,31","694","14,99",
" 627/5","5 nov 2025 2:52:12","49600","18,894","0,856","3,542","9,51","684","15,00",
" 628/1","5 nov 2025 2:54:05","49648","18,900","0,854","3,586","9,54","692","15,00",
" 628/2","5 nov 2025 2:54:24","49656","18,876","0,856","3,552","10,24","697","15,00",
" 628/3","5 nov 2025 2:54:43","49664","18,910","0,858","3,534","10,45","703","15,00",
" 628/4","5 nov 2025 2:55:02","49672","18,904","0,856","3,502","10,24","693","15,00",
" 628/5","5 nov 2025 2:55:20","49680","18,886","0,856","3,524","10,31","701","15,00",
" 629/1","5 nov 2025 2:57:14","49728","18,900","0,856","3,546","10,46","705","15,00",
" 629/2","5 nov 2025 2:57:33","49736","18,886","0,856","3,512","10,39","701","15,00",
" 629/3","5 nov 2025 2:57:52","49744","18,894","0,856","3,494","10,16","689","15,00",
" 629/4","5 nov 2025 2:58:10","49752","18,900","0,856","3,510","10,33","702","15,00",
" 629/5","5 nov 2025 2:58:29","49760","18,884","0,856","3,518","10,48","705","15,00",
" 630/1","5 nov 2025 3:00:23","49808","18,902","0,858","3,588","10,23","704","15,00",
" 630/2","5 nov 2025 3:00:42","49816","18,896","0,856","3,530","10,42","705","15,00",
" 630/3","5 nov 2025 3:01:01","49824","18,904","0,858","3,510","10,41","702","15,00",
" 630/4","5 nov 2025 3:01:20","49832","18,876","0,856","3,506","9,97","695","15,00",
" 630/5","5 nov 2025 3:01:38","49840","18,892","0,856","3,546","9,64","692","14,99",
" 631/1","5 nov 2025 3:03:32","49888","18,876","0,856","3,504","9,71","697","15,00",
" 631/2","5 nov 2025 3:03:51","49896","18,890","0,856","3,584","9,84","699","14,99",
" 631/3","5 nov 2025 3:04:09","49904","18,882","0,856","3,548","10,20","699","15,00",
" 631/4","5 nov 2025 3:04:28","49912","18,886","0,856","3,540","10,39","701","15,00",
" 631/5","5 nov 2025 3:04:47","49920","18,884","0,856","3,524","10,35","703","15,00",
" 632/1","5 nov 2025 3:06:41","49968","18,900","0,856","3,538","10,26","693","15,00",
" 632/2","5 nov 2025 3:07:00","49976","18,894","0,856","3,510","10,29","692","15,00",
" 632/3","5 nov 2025 3:07:18","49984","18,884","0,856","3,496","10,44","699","15,00",
" 632/4","5 nov 2025 3:07:37","49992","18,898","0,856","3,460","10,08","695","14,99",
" 632/5","5 nov 2025 3:07:57","50000","18,900","0,854","3,546","10,13","696","15,00",
" 633/1","5 nov 2025 3:09:50","50048","18,914","0,856","3,520","10,54","702","15,00",
" 633/2","5 nov 2025 3:10:09","50056","18,914","0,858","3,526","10,20","700","15,00",
" 633/3","5 nov 2025 3:10:27","50064","18,908","0,856","3,542","9,89","692","15,00",
" 633/4","5 nov 2025 3:10:47","50072","18,898","0,856","3,572","10,01","695","15,00",
" 633/5","5 nov 2025 3:11:06","50080","18,906","0,856","3,544","10,41","701","15,00",
" 634/1","5 nov 2025 3:12:59","50128","18,914","0,856","3,536","9,60","684","15,00",
" 634/2","5 nov 2025 3:13:18","50136","18,916","0,856","3,580","9,69","693","14,99",
" 634/3","5 nov 2025 3:13:37","50144","18,912","0,856","3,544","10,38","705","15,00",
" 634/4","5 nov 2025 3:13:56","50152","18,902","0,856","3,516","10,36","692","15,00",
" 634/5","5 nov 2025 3:14:15","50160","18,916","0,858","3,522","9,71","688","15,00",
" 635/1","5 nov 2025 3:16:08","50208","18,890","0,856","3,548","10,22","696","15,00",
" 635/2","5 nov 2025 3:16:27","50216","18,898","0,856","3,518","10,46","702","15,00",
" 635/3","5 nov 2025 3:16:46","50224","18,914","0,856","3,520","9,34","687","15,00",
" 635/4","5 nov 2025 3:17:05","50232","18,908","0,858","3,644","10,31","700","15,00",
" 635/5","5 nov 2025 3:17:24","50240","18,898","0,856","3,522","10,22","699","14,99",
" 636/1","5 nov 2025 3:19:17","50288","18,906","0,856","3,524","10,41","694","15,00",
" 636/2","5 nov 2025 3:19:36","50296","18,906","0,858","3,546","10,24","700","14,99",
" 636/3","5 nov 2025 3:19:55","50304","18,906","0,856","3,522","10,13","692","15,00",
" 636/4","5 nov 2025 3:20:14","50312","18,922","0,856","3,516","10,31","700","14,99",
" 636/5","5 nov 2025 3:20:33","50320","18,918","0,856","3,526","10,38","700","15,00",
" 637/1","5 nov 2025 3:22:26","50368","18,908","0,858","3,516","9,08","689","15,00",
" 637/2","5 nov 2025 3:22:45","50376","18,910","0,856","3,584","10,30","707","15,00",
" 637/3","5 nov 2025 3:23:04","50384","18,912","0,856","3,514","10,41","704","14,99",
" 637/4","5 nov 2025 3:23:23","50392","18,896","0,856","3,518","10,06","688","14,99",
" 637/5","5 nov 2025 3:23:42","50400","18,898","0,856","3,556","9,73","686","15,00",
" 638/1","5 nov 2025 3:25:35","50448","18,914","0,856","3,562","10,11","690","15,00",
" 638/2","5 nov 2025 3:25:54","50456","18,896","0,856","3,524","10,41","701","15,00",
" 638/3","5 nov 2025 3:26:13","50464","18,910","0,858","3,536","10,10","701","15,00",
" 638/4","5 nov 2025 3:26:32","50472","18,920","0,854","3,526","9,84","700","14,99",
" 638/5","5 nov 2025 3:26:51","50480","18,924","0,858","3,560","10,20","702","15,00",
" 639/1","5 nov 2025 3:28:44","50528","18,904","0,856","3,580","10,35","699","15,00",
" 639/2","5 nov 2025 3:29:03","50536","18,896","0,854","3,532","10,38","703","14,99",
" 639/3","5 nov 2025 3:29:22","50544","18,898","0,856","3,554","10,05","699","15,00",
" 639/4","5 nov 2025 3:29:42","50552","18,890","0,854","3,520","9,97","697","15,00",
" 639/5","5 nov 2025 3:30:00","50560","18,888","0,856","3,520","10,23","698","15,00",
" 640/1","5 nov 2025 3:31:53","50608","18,906","0,858","3,560","9,79","697","15,00",
" 640/2","5 nov 2025 3:32:12","50616","18,902","0,856","3,560","9,44","693","15,00",
" 640/3","5 nov 2025 3:32:31","50624","18,904","0,858","3,566","10,10","691","15,00",
" 640/4","5 nov 2025 3:32:50","50632","18,908","0,856","3,488","10,39","703","14,99",
" 640/5","5 nov 2025 3:33:09","50640","18,912","0,856","3,516","10,27","695","15,00",
" 641/1","5 nov 2025 3:35:03","50688","18,902","0,856","3,580","9,29","690","15,00",
" 641/2","5 nov 2025 3:35:21","50696","18,894","0,854","3,612","10,37","700","14,99",
" 641/3","5 nov 2025 3:35:40","50704","18,902","0,854","3,536","10,35","703","15,00",
" 641/4","5 nov 2025 3:35:59","50712","18,900","0,854","3,492","9,61","694","15,00",
" 641/5","5 nov 2025 3:36:18","50720","18,908","0,856","3,564","9,77","688","14,99",
" 642/1","5 nov 2025 3:38:12","50768","18,896","0,856","3,534","10,52","702","15,00",
" 642/2","5 nov 2025 3:38:31","50776","18,906","0,856","3,520","10,28","702","15,00",
" 642/3","5 nov 2025 3:38:49","50784","18,898","0,856","3,530","9,36","695","15,00",
" 642/4","5 nov 2025 3:39:08","50792","18,894","0,856","3,598","9,44","694","15,00",
" 642/5","5 nov 2025 3:39:27","50800","18,896","0,854","3,582","9,92","697","15,00",
" 643/1","5 nov 2025 3:41:21","50832","18,898","0,854","3,518","10,04","695","15,00",
" 643/2","5 nov 2025 3:41:39","50840","18,904","0,856","3,518","10,34","702","15,00",
" 643/3","5 nov 2025 3:41:58","50848","18,898","0,856","3,558","10,46","695","15,00",
" 643/4","5 nov 2025 3:42:17","50856","18,890","0,854","3,494","10,17","697","14,99",
" 643/5","5 nov 2025 3:42:36","50864","18,892","0,856","3,560","9,92","692","15,00",
" 644/1","5 nov 2025 3:44:30","50912","18,908","0,856","3,508","10,37","697","15,00",
" 644/2","5 nov 2025 3:44:49","50920","18,910","0,856","3,492","10,05","694","14,99",
" 644/3","5 nov 2025 3:45:07","50928","18,892","0,856","3,532","10,25","688","15,00",
" 644/4","5 nov 2025 3:45:26","50936","18,908","0,856","3,504","10,39","702","15,00",
" 644/5","5 nov 2025 3:45:45","50944","18,908","0,856","3,520","10,23","693","15,00",
" 645/1","5 nov 2025 3:47:39","50992","18,902","0,856","3,556","9,68","693","15,00",
" 645/2","5 nov 2025 3:47:58","51000","18,890","0,856","3,556","10,06","698","14,99",
" 645/3","5 nov 2025 3:48:16","51008","18,916","0,858","3,544","10,44","703","14,99",
" 645/4","5 nov 2025 3:48:35","51016","18,900","0,856","3,532","10,14","697","14,99",
" 645/5","5 nov 2025 3:48:54","51024","18,908","0,854","3,534","9,52","690","15,00",
" 646/1","5 nov 2025 3:50:48","51072","18,908","0,858","3,546","9,96","699","14,99",
" 646/2","5 nov 2025 3:51:07","51080","18,892","0,856","3,564","10,14","692","15,00",
" 646/3","5 nov 2025 3:51:26","51088","18,916","0,856","3,550","10,44","697","15,00",
" 646/4","5 nov 2025 3:51:44","51096","18,910","0,856","3,510","10,29","695","15,00",
" 646/5","5 nov 2025 3:52:03","51104","18,912","0,856","3,518","10,15","698","14,99",
" 647/1","5 nov 2025 3:53:57","51152","18,906","0,860","3,564","10,35","702","15,00",
" 647/2","5 nov 2025 3:54:16","51160","18,904","0,858","3,524","10,39","706","14,99",
" 647/3","5 nov 2025 3:54:35","51168","18,926","0,858","3,518","10,19","693","15,00",
" 647/4","5 nov 2025 3:54:54","51176","18,922","0,858","3,544","10,07","693","15,00",
" 647/5","5 nov 2025 3:55:13","51184","18,916","0,858","3,554","9,85","695","15,00",
" 648/1","5 nov 2025 3:57:06","51232","18,910","0,858","3,558","10,37","704","15,00",
" 648/2","5 nov 2025 3:57:25","51240","18,904","0,858","3,512","9,74","689","14,99",
" 648/3","5 nov 2025 3:57:44","51248","18,902","0,854","3,526","9,38","686","15,00",
" 648/4","5 nov 2025 3:58:03","51256","18,908","0,856","3,584","10,25","696","15,00",
" 648/5","5 nov 2025 3:58:22","51264","18,904","0,856","3,540","10,50","704","14,99",
" 649/1","5 nov 2025 4:00:15","51312","18,896","0,856","3,580","9,79","695","15,00",
" 649/2","5 nov 2025 4:00:34","51320","18,900","0,856","3,556","10,21","690","15,00",
" 649/3","5 nov 2025 4:00:53","51328","18,902","0,856","3,530","10,33","697","15,00",
" 649/4","5 nov 2025 4:01:12","51336","18,904","0,856","3,512","10,27","701","14,99",
" 649/5","5 nov 2025 4:01:31","51344","18,914","0,856","3,526","9,64","696","14,99",
" 650/1","5 nov 2025 4:03:24","51392","18,904","0,856","3,584","9,51","694","14,99",
" 650/2","5 nov 2025 4:03:43","51400","18,894","0,854","3,552","10,20","703","15,00",
" 650/3","5 nov 2025 4:04:02","51408","18,894","0,854","3,542","10,46","704","14,99",
" 650/4","5 nov 2025 4:04:21","51416","18,892","0,854","3,514","10,27","698","15,00",
" 650/5","5 nov 2025 4:04:40","51424","18,904","0,856","3,500","10,17","701","15,00",
" 651/1","5 nov 2025 4:06:33","51472","18,894","0,854","3,538","10,32","697","15,00",
" 651/2","5 nov 2025 4:06:52","51480","18,890","0,854","3,524","10,44","703","15,00",
" 651/3","5 nov 2025 4:07:11","51488","18,882","0,856","3,488","10,24","698","15,00",
" 651/4","5 nov 2025 4:07:30","51496","18,914","0,856","3,532","10,16","700","15,00",
" 651/5","5 nov 2025 4:07:49","51504","18,892","0,856","3,540","10,41","702","15,00",
" 652/1","5 nov 2025 4:09:42","51552","18,882","0,854","3,488","9,93","694","15,00",
" 652/2","5 nov 2025 4:10:01","51560","18,882","0,856","3,574","9,53","691","15,00",
" 652/3","5 nov 2025 4:10:20","51568","18,890","0,854","3,550","9,41","691","15,00",
" 652/4","5 nov 2025 4:10:39","51576","18,886","0,854","3,554","10,25","698","15,00",
" 652/5","5 nov 2025 4:10:57","51584","18,878","0,856","3,532","10,43","699","15,00",
" 653/1","5 nov 2025 4:12:51","51632","18,906","0,856","3,532","9,69","692","15,00",
" 653/2","5 nov 2025 4:13:10","51640","18,894","0,856","3,564","10,41","706","15,00",
" 653/3","5 nov 2025 4:13:29","51648","18,906","0,856","3,566","10,35","699","15,00",
" 653/4","5 nov 2025 4:13:48","51656","18,886","0,856","3,532","9,25","689","15,00",
" 653/5","5 nov 2025 4:14:06","51664","18,896","0,856","3,612","10,24","699","15,00",
" 654/1","5 nov 2025 4:16:00","51712","18,898","0,858","3,486","10,44","702","14,99",
" 654/2","5 nov 2025 4:16:19","51720","18,888","0,856","3,504","9,94","697","15,00",
" 654/3","5 nov 2025 4:16:38","51728","18,896","0,852","3,542","9,57","687","15,00",
" 654/4","5 nov 2025 4:16:57","51736","18,892","0,856","3,566","9,32","692","14,99",
" 654/5","5 nov 2025 4:17:15","51744","18,882","0,856","3,580","10,29","698","15,00",
" 655/1","5 nov 2025 4:19:09","51792","18,908","0,854","3,506","9,81","697","15,00",
" 655/2","5 nov 2025 4:19:28","51800","18,896","0,856","3,560","10,16","698","15,00",
" 655/3","5 nov 2025 4:19:47","51808","18,910","0,858","3,566","10,37","704","14,99",
" 655/4","5 nov 2025 4:20:05","51816","18,894","0,854","3,540","9,93","694","15,00",
" 655/5","5 nov 2025 4:21:02","51824","18,886","0,856","3,520","10,20","700","15,00",
" 656/1","5 nov 2025 4:22:18","51856","18,880","0,856","3,572","9,30","684","15,00",
" 656/2","5 nov 2025 4:22:37","51864","18,898","0,858","3,592","9,89","695","15,00",
" 656/3","5 nov 2025 4:22:56","51872","18,882","0,856","3,522","10,37","700","15,00",
" 656/4","5 nov 2025 4:23:14","51880","18,882","0,854","3,484","10,39","706","15,00",
" 656/5","5 nov 2025 4:23:33","51888","18,886","0,854","3,516","10,02","695","15,00",
" 657/1","5 nov 2025 4:25:27","51936","18,896","0,856","3,564","10,41","702","15,00",
" 657/2","5 nov 2025 4:25:46","51944","18,892","0,856","3,524","10,36","705","15,00",
" 657/3","5 nov 2025 4:26:04","51952","18,886","0,856","3,488","9,60","693","15,00",
" 657/4","5 nov 2025 4:26:23","51960","18,884","0,856","3,568","9,58","695","15,00",
" 657/5","5 nov 2025 4:26:42","51968","18,884","0,856","3,558","10,14","697","15,00",
" 658/1","5 nov 2025 4:28:36","52016","18,898","0,854","3,516","9,83","694","15,00",
" 658/2","5 nov 2025 4:29:32","52024","18,892","0,854","3,536","10,26","698","15,00",
" 658/3","5 nov 2025 4:29:52","52032","18,910","0,858","3,506","10,43","702","15,00",
" 658/4","5 nov 2025 4:30:10","52040","18,888","0,856","3,508","9,77","688","15,00",
" 658/5","5 nov 2025 4:30:29","52048","18,900","0,856","3,572","9,21","690","15,00",
" 659/1","5 nov 2025 4:31:45","52080","18,894","0,858","3,520","10,24","700","15,00",
" 659/2","5 nov 2025 4:32:03","52088","18,890","0,854","3,512","10,37","693","15,00",
" 659/3","5 nov 2025 4:32:22","52096","18,884","0,856","3,490","10,40","703","15,00",
" 659/4","5 nov 2025 4:32:41","52104","18,890","0,856","3,526","9,91","694","14,99",
" 659/5","5 nov 2025 4:33:00","52112","18,898","0,856","3,532","9,51","690","15,00",
" 660/1","5 nov 2025 4:34:53","52160","18,898","0,858","3,540","9,86","695","15,00",
" 660/2","5 nov 2025 4:35:12","52168","18,894","0,858","3,530","9,96","694","15,00",
" 660/3","5 nov 2025 4:35:31","52176","18,892","0,858","3,536","10,44","706","14,99",
" 660/4","5 nov 2025 4:35:50","52184","18,900","0,858","3,506","10,16","698","15,00",
" 660/5","5 nov 2025 4:36:09","52192","18,894","0,856","3,514","10,18","694","15,00",
" 661/1","5 nov 2025 4:38:02","52240","18,896","0,856","3,508","10,37","702","14,99",
" 661/2","5 nov 2025 4:38:21","52248","18,886","0,856","3,490","10,22","695","15,00",
" 661/3","5 nov 2025 4:38:40","52256","18,882","0,856","3,496","10,39","700","15,00",
" 661/4","5 nov 2025 4:38:59","52264","18,902","0,856","3,490","10,16","692","15,00",
" 661/5","5 nov 2025 4:39:18","52272","18,886","0,856","3,508","9,92","697","15,00",
" 662/1","5 nov 2025 4:41:11","52320","18,880","0,856","3,518","10,38","700","15,00",
" 662/2","5 nov 2025 4:41:30","52328","18,890","0,854","3,494","10,03","689","14,99",
" 662/3","5 nov 2025 4:41:49","52336","18,890","0,856","3,542","9,72","692","15,00",
" 662/4","5 nov 2025 4:42:08","52344","18,892","0,856","3,574","10,53","708","15,00",
" 662/5","5 nov 2025 4:42:27","52352","18,878","0,856","3,490","10,33","697","15,00",
" 663/1","5 nov 2025 4:44:20","52400","18,882","0,856","3,566","9,94","697","14,99",
" 663/2","5 nov 2025 4:44:39","52408","18,898","0,856","3,534","10,36","704","15,00",
" 663/3","5 nov 2025 4:44:58","52416","18,890","0,854","3,534","10,41","703","15,00",
" 663/4","5 nov 2025 4:45:17","52424","18,882","0,856","3,478","10,16","693","15,00",
" 663/5","5 nov 2025 4:45:36","52432","18,896","0,854","3,530","9,78","690","15,00",
" 664/1","5 nov 2025 4:47:29","52480","18,876","0,856","3,524","10,41","694","15,00",
" 664/2","5 nov 2025 4:47:48","52488","18,884","0,856","3,504","10,29","695","15,00",
" 664/3","5 nov 2025 4:48:07","52496","18,898","0,856","3,504","10,04","697","15,00",
" 664/4","5 nov 2025 4:48:26","52504","18,888","0,854","3,560","9,68","696","15,00",
" 664/5","5 nov 2025 4:48:45","52512","18,894","0,856","3,566","9,97","687","15,00",
" 665/1","5 nov 2025 4:50:38","52560","18,900","0,862","3,514","10,51","701","14,99",
" 665/2","5 nov 2025 4:50:57","52568","18,888","0,856","3,544","10,03","700","15,00",
" 665/3","5 nov 2025 4:51:16","52576","18,890","0,856","3,550","10,09","690","15,00",
" 665/4","5 nov 2025 4:51:35","52584","18,882","0,858","3,502","10,41","708","14,99",
" 665/5","5 nov 2025 4:51:54","52592","18,890","0,856","3,528","10,45","704","15,00",
" 666/1","5 nov 2025 4:53:47","52640","18,886","0,856","3,508","9,93","695","15,00",
" 666/2","5 nov 2025 4:54:06","52648","18,894","0,856","3,550","9,59","685","15,00",
" 666/3","5 nov 2025 4:54:25","52656","18,898","0,856","3,548","9,72","686","15,00",
" 666/4","5 nov 2025 4:54:44","52664","18,894","0,858","3,562","10,35","699","15,00",
" 666/5","5 nov 2025 4:55:03","52672","18,890","0,856","3,546","10,34","704","15,00",
" 667/1","5 nov 2025 4:56:56","52720","18,886","0,856","3,572","10,11","699","15,00",
" 667/2","5 nov 2025 4:57:15","52728","18,894","0,856","3,568","10,42","709","15,00",
" 667/3","5 nov 2025 4:57:34","52736","18,902","0,856","3,512","10,01","699","15,00",
" 667/4","5 nov 2025 4:57:53","52744","18,894","0,856","3,522","9,57","693","15,00",
" 667/5","5 nov 2025 4:58:12","52752","18,906","0,858","3,550","9,90","697","15,00",
" 668/1","5 nov 2025 5:00:05","52800","18,886","0,856","3,558","9,72","695","15,00",
" 668/2","5 nov 2025 5:00:24","52808","18,886","0,856","3,556","9,10","693","15,00",
" 668/3","5 nov 2025 5:00:43","52816","18,892","0,856","3,636","10,29","691","15,00",
" 668/4","5 nov 2025 5:01:02","52824","18,880","0,856","3,494","10,39","696","15,00",
" 668/5","5 nov 2025 5:01:20","52832","18,890","0,856","3,522","9,97","694","15,00",
" 669/1","5 nov 2025 5:03:14","52880","18,886","0,854","3,498","10,18","706","15,00",
" 669/2","5 nov 2025 5:03:33","52888","18,900","0,856","3,538","10,45","708","15,00",
" 669/3","5 nov 2025 5:03:52","52896","18,882","0,856","3,510","9,60","693","15,00",
" 669/4","5 nov 2025 5:04:10","52904","18,884","0,856","3,556","9,64","690","14,99",
" 669/5","5 nov 2025 5:04:30","52912","18,892","0,856","3,506","9,58","686","15,00",
" 670/1","5 nov 2025 5:06:23","52960","18,906","0,856","3,524","10,41","702","14,99",
" 670/2","5 nov 2025 5:06:42","52968","18,894","0,854","3,520","10,22","701","15,00",
" 670/3","5 nov 2025 5:07:01","52976","18,882","0,856","3,534","10,20","698","15,00",
" 670/4","5 nov 2025 5:07:19","52984","18,890","0,856","3,530","10,28","702","15,00",
" 670/5","5 nov 2025 5:07:38","52992","18,892","0,858","3,512","10,41","703","15,00",
" 671/1","5 nov 2025 5:09:32","53040","18,884","0,856","3,624","10,23","699","15,00",
" 671/2","5 nov 2025 5:09:50","53048","18,878","0,858","3,516","10,18","699","15,00",
" 671/3","5 nov 2025 5:10:09","53056","18,894","0,856","3,506","10,38","703","15,00",
" 671/4","5 nov 2025 5:10:29","53064","18,872","0,856","3,510","10,44","707","15,00",
" 671/5","5 nov 2025 5:10:47","53072","18,886","0,860","3,476","10,29","700","14,99",
" 672/1","5 nov 2025 5:12:40","53120","18,886","0,856","3,560","10,28","703","15,00",
" 672/2","5 nov 2025 5:12:59","53128","18,888","0,854","3,520","9,96","697","15,00",
" 672/3","5 nov 2025 5:13:18","53136","18,880","0,856","3,520","9,86","696","15,00",
" 672/4","5 nov 2025 5:13:37","53144","18,892","0,856","3,512","10,41","703","15,00",
" 672/5","5 nov 2025 5:13:56","53152","18,876","0,856","3,528","9,55","694","15,00",
" 673/1","5 nov 2025 5:16:08","53192","18,894","0,856","3,542","10,25","692","15,00",
" 673/2","5 nov 2025 5:16:27","53200","18,890","0,856","3,478","10,37","695","15,00",
" 673/3","5 nov 2025 5:16:46","53208","18,884","0,856","3,492","10,16","701","15,00",
" 673/4","5 nov 2025 5:17:05","53216","18,886","0,856","3,500","10,29","698","15,00",
" 673/5","5 nov 2025 5:17:24","53224","18,892","0,856","3,490","10,26","702","15,00",
" 674/1","5 nov 2025 5:18:58","53264","18,876","0,856","3,522","10,36","703","15,00",
" 674/2","5 nov 2025 5:19:17","53272","18,898","0,856","3,480","9,96","690","14,99",
" 674/3","5 nov 2025 5:19:37","53280","18,898","0,854","3,498","10,05","696","15,00",
" 674/4","5 nov 2025 5:19:55","53288","18,888","0,856","3,530","10,35","698","15,00",
" 674/5","5 nov 2025 5:20:14","53296","18,886","0,856","3,510","10,09","691","15,00",
" 675/1","5 nov 2025 5:22:26","53336","18,894","0,856","3,534","10,33","703","15,00",
" 675/2","5 nov 2025 5:22:45","53344","18,878","0,856","3,510","10,38","692","15,00",
" 675/3","5 nov 2025 5:23:04","53352","18,890","0,858","3,514","10,23","700","15,00",
" 675/4","5 nov 2025 5:23:23","53360","18,902","0,856","3,522","9,57","694","14,99",
" 675/5","5 nov 2025 5:23:42","53368","18,896","0,852","3,546","9,39","687","14,99",
" 676/1","5 nov 2025 5:25:16","53408","18,874","0,856","3,506","10,33","693","15,00",
" 676/2","5 nov 2025 5:25:35","53416","18,874","0,856","3,516","10,35","701","14,99",
" 676/3","5 nov 2025 5:25:54","53424","18,886","0,854","3,520","9,89","697","15,00",
" 676/4","5 nov 2025 5:26:13","53432","18,896","0,856","3,556","10,17","697","15,00",
" 676/5","5 nov 2025 5:26:32","53440","18,892","0,856","3,510","10,46","697","15,00",
" 677/1","5 nov 2025 5:28:25","53488","18,896","0,852","3,466","10,11","697","15,00",
" 677/2","5 nov 2025 5:28:44","53496","18,894","0,860","3,546","10,43","705","15,00",
" 677/3","5 nov 2025 5:29:03","53504","18,888","0,854","3,480","10,47","698","15,00",
" 677/4","5 nov 2025 5:29:22","53512","18,894","0,856","3,516","10,18","699","15,00",
" 677/5","5 nov 2025 5:29:41","53520","18,904","0,856","3,498","9,98","691","15,00",
" 678/1","5 nov 2025 5:31:34","53568","18,886","0,856","3,502","10,40","697","14,99",
" 678/2","5 nov 2025 5:31:53","53576","18,884","0,856","3,512","10,24","704","15,00",
" 678/3","5 nov 2025 5:32:12","53584","18,898","0,856","3,540","10,35","691","15,00",
" 678/4","5 nov 2025 5:32:31","53592","18,902","0,856","3,520","10,48","704","15,00",
" 678/5","5 nov 2025 5:32:49","53600","18,902","0,856","3,528","10,09","692","14,99",
" 679/1","5 nov 2025 5:34:43","53648","18,892","0,856","3,568","9,93","694","14,99",
" 679/2","5 nov 2025 5:35:02","53656","18,894","0,856","3,566","9,94","696","15,00",
" 679/3","5 nov 2025 5:35:21","53664","18,888","0,856","3,482","10,29","699","15,00",
" 679/4","5 nov 2025 5:35:39","53672","18,896","0,856","3,526","10,48","696","14,99",
" 679/5","5 nov 2025 5:35:58","53680","18,876","0,854","3,506","10,18","702","14,99",
" 680/1","5 nov 2025 5:37:52","53728","18,878","0,854","3,572","10,04","698","15,00",
" 680/2","5 nov 2025 5:38:11","53736","18,882","0,856","3,532","10,09","688","15,00",
" 680/3","5 nov 2025 5:38:29","53744","18,892","0,856","3,530","10,52","706","15,00",
" 680/4","5 nov 2025 5:38:48","53752","18,892","0,856","3,484","10,20","699","15,00",
" 680/5","5 nov 2025 5:39:07","53760","18,892","0,858","3,534","9,92","697","15,00",
" 681/1","5 nov 2025 5:41:01","53808","18,890","0,856","3,518","10,41","703","14,99",
" 681/2","5 nov 2025 5:41:19","53816","18,886","0,856","3,494","10,03","698","15,00",
" 681/3","5 nov 2025 5:41:38","53824","18,902","0,856","3,548","9,68","694","15,00",
" 681/4","5 nov 2025 5:41:57","53832","18,898","0,856","3,572","9,64","696","15,00",
" 681/5","5 nov 2025 5:42:16","53840","18,878","0,856","3,546","9,92","692","15,00",
" 682/1","5 nov 2025 5:44:09","53888","18,886","0,856","3,530","10,49","707","14,99",
" 682/2","5 nov 2025 5:44:28","53896","18,900","0,858","3,526","10,42","706","15,00",
" 682/3","5 nov 2025 5:44:47","53904","18,886","0,856","3,484","10,16","699","14,99",
" 682/4","5 nov 2025 5:45:06","53912","18,896","0,856","3,516","10,39","706","15,00",
" 682/5","5 nov 2025 5:45:25","53920","18,888","0,856","3,524","10,46","701","15,00",
" 683/1","5 nov 2025 5:47:18","53968","18,894","0,856","3,486","10,35","703","15,00",
" 683/2","5 nov 2025 5:47:37","53976","18,890","0,856","3,502","10,31","697","15,00",
" 683/3","5 nov 2025 5:47:56","53984","18,886","0,856","3,520","10,41","705","15,00",
" 683/4","5 nov 2025 5:48:15","53992","18,878","0,856","3,486","10,40","698","15,00",
" 683/5","5 nov 2025 5:48:34","54000","18,892","0,854","3,518","10,20","699","15,00",
" 684/1","5 nov 2025 5:50:27","54048","18,864","0,856","3,528","10,47","704","14,99",
" 684/2","5 nov 2025 5:50:46","54056","18,890","0,854","3,508","10,35","701","15,00",
" 684/3","5 nov 2025 5:51:05","54064","18,898","0,858","3,538","10,26","700","15,00",
" 684/4","5 nov 2025 5:51:24","54072","18,898","0,856","3,542","10,37","704","15,00",
" 684/5","5 nov 2025 5:51:43","54080","18,892","0,856","3,522","10,47","698","15,00",
" 685/1","5 nov 2025 5:53:36","54128","18,880","0,856","3,524","10,17","696","14,99",
" 685/2","5 nov 2025 5:53:55","54136","18,880","0,854","3,546","9,53","695","15,00",
" 685/3","5 nov 2025 5:54:14","54144","18,880","0,856","3,546","10,07","701","15,00",
" 685/4","5 nov 2025 5:54:33","54152","18,902","0,856","3,558","10,44","696","15,00",
" 685/5","5 nov 2025 5:54:52","54160","18,894","0,854","3,516","10,17","701","15,00",
" 686/1","5 nov 2025 5:56:45","54208","18,894","0,856","3,574","10,37","703","15,00",
" 686/2","5 nov 2025 5:57:04","54216","18,892","0,856","3,516","10,43","702","15,00",
" 686/3","5 nov 2025 5:57:23","54224","18,884","0,856","3,544","10,05","699","15,00",
" 686/4","5 nov 2025 5:57:42","54232","18,890","0,856","3,554","10,11","690","15,00",
" 686/5","5 nov 2025 5:58:01","54240","18,890","0,856","3,552","10,31","696","15,00",
" 687/1","5 nov 2025 5:59:54","54288","18,896","0,856","3,524","10,47","694","15,00",
" 687/2","5 nov 2025 6:00:13","54296","18,900","0,856","3,468","9,72","692","14,99",
" 687/3","5 nov 2025 6:00:32","54304","18,888","0,856","3,580","9,50","687","15,00",
" 687/4","5 nov 2025 6:00:51","54312","18,888","0,856","3,598","10,27","704","15,00",
" 687/5","5 nov 2025 6:01:10","54320","18,882","0,856","3,554","10,44","705","15,00",
" 688/1","5 nov 2025 6:03:03","54368","18,890","0,856","3,516","9,36","694","15,00",
" 688/2","5 nov 2025 6:03:22","54376","18,878","0,856","3,632","10,17","690","15,00",
" 688/3","5 nov 2025 6:03:41","54384","18,870","0,856","3,578","10,11","690","15,00",
" 688/4","5 nov 2025 6:04:00","54392","18,888","0,854","3,538","10,33","699","15,00",
" 688/5","5 nov 2025 6:04:18","54400","18,902","0,856","3,548","10,42","706","14,99",
" 689/1","5 nov 2025 6:06:12","54448","18,884","0,856","3,524","10,17","697","15,00",
" 689/2","5 nov 2025 6:06:31","54456","18,880","0,856","3,538","9,37","693","14,99",
" 689/3","5 nov 2025 6:06:50","54464","18,882","0,856","3,604","10,04","700","15,00",
" 689/4","5 nov 2025 6:07:08","54472","18,888","0,856","3,540","9,77","692","15,00",
" 689/5","5 nov 2025 6:07:27","54480","18,884","0,856","3,584","10,29","702","15,00",
" 690/1","5 nov 2025 6:09:21","54528","18,884","0,854","3,502","9,50","692","15,00",
" 690/2","5 nov 2025 6:09:40","54536","18,876","0,856","3,586","10,03","692","15,00",
" 690/3","5 nov 2025 6:09:58","54544","18,884","0,856","3,550","9,98","696","14,99",
" 690/4","5 nov 2025 6:10:17","54552","18,892","0,856","3,586","10,48","708","15,00",
" 690/5","5 nov 2025 6:10:36","54560","18,896","0,856","3,514","10,45","704","14,99",
" 691/1","5 nov 2025 6:12:30","54608","18,884","0,856","3,530","10,41","700","15,00",
" 691/2","5 nov 2025 6:12:48","54616","18,888","0,856","3,516","10,42","712","15,00",
" 691/3","5 nov 2025 6:13:07","54624","18,900","0,856","3,492","10,05","701","15,00",
" 691/4","5 nov 2025 6:13:26","54632","18,898","0,858","3,570","9,55","690","15,00",
" 691/5","5 nov 2025 6:13:45","54640","18,882","0,856","3,580","9,40","688","14,99",
" 692/1","5 nov 2025 6:15:39","54688","18,896","0,856","3,544","10,49","712","15,00",
" 692/2","5 nov 2025 6:15:57","54696","18,894","0,856","3,520","10,39","702","15,00",
" 692/3","5 nov 2025 6:16:16","54704","18,892","0,856","3,500","10,30","702","15,00",
" 692/4","5 nov 2025 6:16:35","54712","18,876","0,856","3,536","10,21","694","14,99",
" 692/5","5 nov 2025 6:16:55","54720","18,898","0,856","3,524","10,48","707","14,99",
" 693/1","5 nov 2025 6:18:47","54768","18,888","0,856","3,524","9,58","698","14,99",
" 693/2","5 nov 2025 6:19:06","54776","18,890","0,856","3,590","9,27","695","15,00",
" 693/3","5 nov 2025 6:19:25","54784","18,894","0,856","3,604","10,19","697","15,00",
" 693/4","5 nov 2025 6:19:44","54792","18,896","0,856","3,522","10,24","689","15,00",
" 693/5","5 nov 2025 6:20:03","54800","18,876","0,856","3,540","10,46","705","15,00",
" 694/1","5 nov 2025 6:21:56","54848","18,890","0,856","3,608","9,88","696","15,00",
" 694/2","5 nov 2025 6:22:16","54856","18,890","0,856","3,558","10,37","696","15,00",
" 694/3","5 nov 2025 6:22:34","54864","18,888","0,856","3,526","10,41","701","15,00",
" 694/4","5 nov 2025 6:22:53","54872","18,890","0,856","3,570","10,38","694","15,00",
" 694/5","5 nov 2025 6:23:12","54880","18,878","0,856","3,538","9,96","700","15,00",
" 695/1","5 nov 2025 6:25:05","54928","18,892","0,856","3,528","9,83","693","15,00",
" 695/2","5 nov 2025 6:25:24","54936","18,898","0,856","3,546","10,46","703","15,00",
" 695/3","5 nov 2025 6:25:44","54944","18,884","0,856","3,524","10,52","706","15,00",
" 695/4","5 nov 2025 6:26:02","54952","18,884","0,856","3,506","10,21","702","15,00",
" 695/5","5 nov 2025 6:26:21","54960","18,886","0,854","3,530","10,36","697","15,00",
" 696/1","5 nov 2025 6:28:15","54992","18,880","0,856","3,546","10,40","699","15,00",
" 696/2","5 nov 2025 6:28:33","55000","18,886","0,856","3,520","10,49","708","15,00",
" 696/3","5 nov 2025 6:28:52","55008","18,882","0,856","3,510","9,67","690","15,00",
" 696/4","5 nov 2025 6:29:11","55016","18,896","0,856","3,596","9,45","691","15,00",
" 696/5","5 nov 2025 6:29:30","55024","18,888","0,856","3,552","9,88","690","14,99",
" 697/1","5 nov 2025 6:31:23","55072","18,882","0,856","3,532","10,35","706","15,00",
" 697/2","5 nov 2025 6:31:42","55080","18,900","0,856","3,520","9,67","695","15,00",
" 697/3","5 nov 2025 6:32:01","55088","18,884","0,858","3,564","9,98","694","15,00",
" 697/4","5 nov 2025 6:32:57","55096","18,882","0,856","3,526","9,80","695","15,00",
" 697/5","5 nov 2025 6:33:16","55104","18,884","0,858","3,556","9,72","691","15,00",
" 698/1","5 nov 2025 6:34:53","55112","18,888","0,856","3,528","10,01","695","15,00",
" 698/2","5 nov 2025 6:35:12","55120","18,898","0,856","3,582","10,49","706","15,00",
" 698/3","5 nov 2025 6:35:31","55128","18,892","0,856","3,518","10,25","701","15,00",
" 698/4","5 nov 2025 6:35:50","55136","18,904","0,858","3,520","9,73","696","15,00",
" 698/5","5 nov 2025 6:36:09","55144","18,896","0,856","3,588","9,52","691","15,00",
" 699/1","5 nov 2025 6:37:43","55184","18,896","0,856","3,554","10,29","698","15,00",
" 699/2","5 nov 2025 6:38:02","55192","18,888","0,856","3,536","10,52","703","15,00",
" 699/3","5 nov 2025 6:38:21","55200","18,878","0,854","3,496","9,79","691","15,00",
" 699/4","5 nov 2025 6:38:40","55208","18,892","0,856","3,566","10,00","697","14,99",
" 699/5","5 nov 2025 6:38:59","55216","18,884","0,856","3,534","10,42","708","15,00",
" 700/1","5 nov 2025 6:40:52","55264","18,884","0,856","3,516","10,22","700","15,00",
" 700/2","5 nov 2025 6:41:11","55272","18,890","0,858","3,526","10,10","698","15,00",
" 700/3","5 nov 2025 6:41:30","55280","18,894","0,856","3,542","10,18","700","15,00",
" 700/4","5 nov 2025 6:41:49","55288","18,904","0,858","3,548","10,41","700","15,00",
" 700/5","5 nov 2025 6:42:08","55296","18,894","0,856","3,524","10,19","705","15,00",
" 701/1","5 nov 2025 6:44:01","55344","18,896","0,856","3,590","10,18","702","14,99",
" 701/2","5 nov 2025 6:44:20","55352","18,882","0,856","3,564","10,37","704","15,00",
" 701/3","5 nov 2025 6:44:39","55360","18,888","0,856","3,522","10,41","705","14,99",
" 701/4","5 nov 2025 6:44:58","55368","18,864","0,856","3,512","10,11","695","15,00",
" 701/5","5 nov 2025 6:45:17","55376","18,886","0,856","3,516","9,80","692","15,00",
" 702/1","5 nov 2025 6:47:10","55424","18,898","0,856","3,540","10,54","706","15,00",
" 702/2","5 nov 2025 6:47:29","55432","18,892","0,856","3,506","9,29","683","15,00",
" 702/3","5 nov 2025 6:47:48","55440","18,892","0,856","3,642","10,11","698","14,99",
" 702/4","5 nov 2025 6:48:07","55448","18,892","0,856","3,554","10,30","697","15,00",
" 702/5","5 nov 2025 6:48:25","55456","18,884","0,856","3,528","10,41","697","15,00",
" 703/1","5 nov 2025 6:50:19","55504","18,880","0,856","3,498","10,44","699","15,00",
" 703/2","5 nov 2025 6:50:38","55512","18,874","0,856","3,484","10,35","696","14,99",
" 703/3","5 nov 2025 6:50:57","55520","18,882","0,854","3,520","10,48","695","15,00",
" 703/4","5 nov 2025 6:51:15","55528","18,884","0,856","3,510","10,43","701","15,00",
" 703/5","5 nov 2025 6:51:34","55536","18,900","0,856","3,486","9,87","696","14,99",
" 704/1","5 nov 2025 6:53:28","55584","18,892","0,856","3,526","10,49","704","15,00",
" 704/2","5 nov 2025 6:53:47","55592","18,890","0,856","3,488","9,67","692","15,00",
" 704/3","5 nov 2025 6:54:05","55600","18,878","0,854","3,580","9,63","695","15,00",
" 704/4","5 nov 2025 6:54:24","55608","18,886","0,856","3,580","9,87","695","15,00",
" 704/5","5 nov 2025 6:54:43","55616","18,894","0,856","3,554","10,29","704","15,00",
" 705/1","5 nov 2025 6:56:37","55664","18,892","0,856","3,526","10,39","691","15,00",
" 705/2","5 nov 2025 6:56:55","55672","18,880","0,856","3,512","10,03","694","15,00",
" 705/3","5 nov 2025 6:58:15","55680","18,896","0,856","5,762","10,31","705","15,00",
" 705/4","5 nov 2025 6:58:34","55688","18,886","0,858","5,712","10,12","701","15,00",
" 705/5","5 nov 2025 6:58:53","55696","18,898","0,856","5,800","9,54","695","14,99",
" 706/1","5 nov 2025 6:59:49","55720","18,890","0,852","5,724","9,99","700","14,99",
" 706/2","5 nov 2025 7:00:08","55728","18,902","0,856","5,756","9,89","692","15,00",
" 706/3","5 nov 2025 7:00:27","55736","18,850","0,814","5,802","9,86","695","15,00",
" 706/4","5 nov 2025 7:00:46","55744","18,844","0,814","5,742","10,04","697","15,00",
" 706/5","5 nov 2025 7:01:05","55752","18,842","0,812","5,794","9,70","693","15,00",
" 707/1","5 nov 2025 7:02:58","55800","18,858","0,814","5,790","10,04","705","15,00",
" 707/2","5 nov 2025 7:03:17","55808","18,842","0,814","5,734","9,84","702","15,00",
" 707/3","5 nov 2025 7:03:36","55816","18,850","0,814","5,756","9,87","699","15,00",
" 707/4","5 nov 2025 7:03:54","55824","18,842","0,814","5,718","10,06","694","15,00",
" 707/5","5 nov 2025 7:04:13","55832","18,852","0,814","5,702","9,70","685","14,99",
" 708/1","5 nov 2025 7:06:06","55880","18,856","0,814","5,758","9,34","653","15,00",
" 708/2","5 nov 2025 7:06:25","55888","18,854","0,814","5,828","9,85","664","15,00",
" 708/3","5 nov 2025 7:06:44","55896","18,842","0,814","5,784","9,60","662","15,00",
" 708/4","5 nov 2025 7:07:03","55904","18,832","0,814","5,808","9,70","665","14,99",
" 708/5","5 nov 2025 7:07:22","55912","18,840","0,814","5,802","9,86","666","15,00",
" 709/1","5 nov 2025 7:09:15","55960","18,862","0,814","5,788","9,60","661","15,00",
" 709/2","5 nov 2025 7:09:34","55968","18,864","0,814","5,764","9,87","666","15,00",
" 709/3","5 nov 2025 7:09:53","55976","18,848","0,814","5,750","9,62","662","14,99",
" 709/4","5 nov 2025 7:10:11","55984","18,846","0,814","5,790","9,73","661","15,00",
" 709/5","5 nov 2025 7:10:30","55992","18,856","0,814","5,824","9,75","665","15,00",
" 710/1","5 nov 2025 7:12:23","56040","18,850","0,814","5,826","9,71","664","14,99",
" 710/2","5 nov 2025 7:12:42","56048","18,854","0,814","5,822","9,79","653","15,00",
" 710/3","5 nov 2025 7:13:01","56056","18,836","0,812","5,720","9,58","658","15,00",
" 710/4","5 nov 2025 7:13:20","56064","18,842","0,812","5,800","9,88","665","15,00",
" 710/5","5 nov 2025 7:13:39","56072","18,838","0,814","5,760","9,66","654","15,00",
" 711/1","5 nov 2025 7:15:32","56120","18,852","0,814","5,782","9,75","665","15,00",
" 711/2","5 nov 2025 7:15:51","56128","18,842","0,814","5,726","9,66","662","15,00",
" 711/3","5 nov 2025 7:16:10","56136","18,852","0,814","5,756","9,80","661","15,00",
" 711/4","5 nov 2025 7:16:29","56144","18,868","0,814","5,806","9,68","659","15,00",
" 711/5","5 nov 2025 7:16:48","56152","18,850","0,814","5,756","9,75","655","15,00",
" 712/1","5 nov 2025 7:18:40","56200","18,852","0,814","5,790","9,61","658","15,00",
" 712/2","5 nov 2025 7:18:59","56208","18,840","0,814","5,784","9,81","663","15,00",
" 712/3","5 nov 2025 7:19:18","56216","18,838","0,814","5,808","9,78","660","15,00",
" 712/4","5 nov 2025 7:19:37","56224","18,858","0,814","5,722","9,59","650","15,00",
" 712/5","5 nov 2025 7:19:56","56232","18,844","0,814","5,752","9,81","660","15,00",
" 713/1","5 nov 2025 7:21:49","56280","18,856","0,812","5,810","9,44","660","15,00",
" 713/2","5 nov 2025 7:22:08","56288","18,864","0,814","5,848","9,79","660","15,00",
" 713/3","5 nov 2025 7:22:27","56296","18,852","0,814","5,780","8,71","654","15,00",
" 713/4","5 nov 2025 7:22:46","56304","18,832","0,814","5,930","9,21","655","15,00",
" 713/5","5 nov 2025 7:23:04","56312","18,840","0,814","5,916","9,73","651","15,00",
" 714/1","5 nov 2025 7:24:57","56360","18,862","0,814","5,784","9,36","658","15,00",
" 714/2","5 nov 2025 7:25:16","56368","18,852","0,814","5,836","9,77","657","14,99",
" 714/3","5 nov 2025 7:25:35","56376","18,848","0,814","5,710","8,77","648","15,00",
" 714/4","5 nov 2025 7:25:54","56384","18,838","0,814","5,912","9,83","657","15,00",
" 714/5","5 nov 2025 7:26:13","56392","18,852","0,814","5,762","9,77","664","15,00",
" 715/1","5 nov 2025 7:28:06","56440","18,852","0,814","5,820","9,64","663","15,00",
" 715/2","5 nov 2025 7:28:25","56448","18,840","0,814","5,836","9,83","653","15,00",
" 715/3","5 nov 2025 7:28:44","56456","18,838","0,814","5,796","9,71","657","15,00",
" 715/4","5 nov 2025 7:29:03","56464","18,850","0,814","5,788","9,85","666","15,00",
" 715/5","5 nov 2025 7:29:21","56472","18,844","0,814","5,780","9,64","657","15,00",
" 716/1","5 nov 2025 7:31:14","56520","18,818","0,800","5,780","9,68","658","15,00",
" 716/2","5 nov 2025 7:31:33","56528","18,832","0,800","5,794","9,60","653","15,00",
" 716/3","5 nov 2025 7:31:52","56536","18,840","0,800","5,758","9,68","662","15,00",
" 716/4","5 nov 2025 7:32:11","56544","18,830","0,800","5,766","9,58","649","15,00",
" 716/5","5 nov 2025 7:32:30","56552","18,840","0,800","5,774","9,68","660","14,99",
" 717/1","5 nov 2025 7:34:23","56600","18,836","0,802","5,756","9,62","662","15,00",
" 717/2","5 nov 2025 7:34:42","56608","18,828","0,800","5,784","9,75","655","15,00",
" 717/3","5 nov 2025 7:35:00","56616","18,826","0,800","5,828","9,68","658","15,00",
" 717/4","5 nov 2025 7:35:19","56624","18,840","0,800","5,816","9,30","652","14,99",
" 717/5","5 nov 2025 7:35:38","56632","18,834","0,798","5,886","8,97","657","15,00",
" 718/1","5 nov 2025 7:37:31","56680","18,848","0,800","5,838","9,83","657","15,00",
" 718/2","5 nov 2025 7:37:50","56688","18,830","0,800","5,776","9,73","668","15,00",
" 718/3","5 nov 2025 7:38:09","56696","18,816","0,786","5,822","9,73","669","15,00",
" 718/4","5 nov 2025 7:38:28","56704","18,806","0,784","5,868","8,86","672","15,00",
" 718/5","5 nov 2025 7:38:46","56712","18,826","0,788","5,942","9,18","682","15,00",
" 719/1","5 nov 2025 7:40:39","56760","18,830","0,786","5,842","9,86","704","15,00",
" 719/2","5 nov 2025 7:40:58","56768","18,822","0,786","5,802","9,62","705","15,00",
" 719/3","5 nov 2025 7:41:17","56776","18,818","0,786","5,828","9,86","704","15,00",
" 719/4","5 nov 2025 7:41:36","56784","18,826","0,786","5,820","9,60","695","15,00",
" 719/5","5 nov 2025 7:41:55","56792","18,808","0,786","5,828","9,81","696","14,99",
" 720/1","5 nov 2025 7:43:47","56840","18,814","0,786","2,996","9,46","685","15,00",
" 720/2","5 nov 2025 7:44:06","56848","18,812","0,786","3,012","9,98","697","15,00",
" 720/3","5 nov 2025 7:44:25","56856","18,812","0,786","3,034","10,07","697","15,00",
" 720/4","5 nov 2025 7:44:44","56864","18,804","0,786","3,004","9,58","694","15,00",
" 720/5","5 nov 2025 7:45:03","56872","18,816","0,786","3,018","10,18","702","15,00",
" 721/1","5 nov 2025 7:46:56","56920","18,810","0,786","3,058","10,27","696","15,00",
" 721/2","5 nov 2025 7:47:14","56928","18,822","0,786","3,010","10,17","693","15,00",
" 721/3","5 nov 2025 7:47:33","56936","18,816","0,784","3,006","9,96","688","15,00",
" 721/4","5 nov 2025 7:47:52","56944","18,806","0,786","3,018","10,22","695","15,00",
" 721/5","5 nov 2025 7:48:11","56952","18,810","0,786","2,982","9,43","694","15,00",
" 722/1","5 nov 2025 7:50:04","57000","18,812","0,786","3,020","10,03","694","15,00",
" 722/2","5 nov 2025 7:50:23","57008","18,814","0,786","2,996","10,35","701","15,00",
" 722/3","5 nov 2025 7:50:42","57016","18,810","0,786","2,996","10,09","693","15,00",
" 722/4","5 nov 2025 7:51:00","57024","18,820","0,786","3,020","10,06","695","14,99",
" 722/5","5 nov 2025 7:51:19","57032","18,806","0,786","3,010","10,24","695","15,00",
" 723/1","5 nov 2025 7:53:49","57080","18,764","0,736","5,912","9,50","688","15,00",
" 723/2","5 nov 2025 7:54:09","57088","18,772","0,734","5,904","9,43","699","15,00",
" 723/3","5 nov 2025 7:54:27","57096","18,762","0,736","5,962","8,71","688","15,00",
" 723/4","5 nov 2025 7:54:46","57104","18,776","0,752","5,926","9,66","690","14,99",
" 723/5","5 nov 2025 7:55:05","57112","18,782","0,752","5,834","8,55","691","15,00",
" 724/1","5 nov 2025 7:56:20","57144","18,788","0,754","5,828","9,57","692","15,00",
" 724/2","5 nov 2025 7:56:38","57152","18,800","0,754","5,790","9,73","701","15,00",
" 724/3","5 nov 2025 7:56:57","57160","18,792","0,754","5,878","9,16","697","15,00",
" 724/4","5 nov 2025 7:57:16","57168","18,780","0,754","5,938","9,44","691","15,00",
" 724/5","5 nov 2025 7:57:35","57176","18,754","0,726","5,846","9,36","696","15,00",
" 725/1","5 nov 2025 7:59:27","57224","18,756","0,728","5,838","9,34","699","15,00",
" 725/2","5 nov 2025 7:59:46","57232","18,756","0,728","5,808","9,59","692","15,00",
" 725/3","5 nov 2025 8:00:05","57240","18,750","0,728","5,852","8,97","697","14,99",
" 725/4","5 nov 2025 8:00:24","57248","18,740","0,726","5,912","8,85","697","15,00",
" 725/5","5 nov 2025 8:00:42","57256","18,754","0,726","5,872","9,56","703","15,00",
" 726/1","5 nov 2025 8:02:36","57304","18,974","0,726","5,804","9,43","694","15,00",
" 726/2","5 nov 2025 8:02:55","57312","18,980","0,728","5,800","9,55","690","14,99",
" 726/3","5 nov 2025 8:03:14","57320","18,974","0,726","5,782","9,53","692","15,00",
" 726/4","5 nov 2025 8:03:33","57328","18,974","0,728","5,754","9,38","700","14,99",
" 726/5","5 nov 2025 8:03:52","57336","18,958","0,728","5,834","7,60","690","15,00",
" 727/1","5 nov 2025 8:05:46","57384","18,960","0,728","5,850","9,40","696","15,00",
" 727/2","5 nov 2025 8:06:05","57392","18,974","0,726","5,846","9,32","700","15,00",
" 727/3","5 nov 2025 8:06:24","57400","18,968","0,726","5,880","9,41","696","14,99",
" 727/4","5 nov 2025 8:06:43","57408","18,966","0,728","5,838","9,47","701","15,00",
" 727/5","5 nov 2025 8:07:02","57416","18,968","0,728","5,880","8,96","690","15,00",
" 728/1","5 nov 2025 8:08:55","57464","18,972","0,732","5,836","9,53","701","15,00",
" 728/2","5 nov 2025 8:09:14","57472","18,968","0,728","5,866","9,58","701","14,99",
" 728/3","5 nov 2025 8:09:33","57480","18,970","0,728","5,840","9,25","698","15,00",
" 728/4","5 nov 2025 8:09:52","57488","18,976","0,730","5,918","9,18","700","15,00",
" 728/5","5 nov 2025 8:10:11","57496","18,970","0,728","5,940","9,58","700","14,99",
" 729/1","5 nov 2025 8:12:05","57544","18,968","0,728","5,944","9,04","700","15,00",
" 729/2","5 nov 2025 8:12:24","57552","18,964","0,728","5,888","9,27","702","15,00",
" 729/3","5 nov 2025 8:12:43","57560","18,970","0,728","5,838","9,29","702","15,00",
" 729/4","5 nov 2025 8:13:02","57568","18,960","0,726","5,826","9,43","700","15,00",
" 729/5","5 nov 2025 8:13:21","57576","18,966","0,728","5,870","9,10","698","15,00",
" 730/1","5 nov 2025 8:15:15","57624","18,964","0,728","5,898","9,54","691","15,00",
" 730/2","5 nov 2025 8:15:34","57632","18,966","0,728","5,798","9,64","695","15,00",
" 730/3","5 nov 2025 8:15:53","57640","18,986","0,728","5,846","9,04","700","14,99",
" 730/4","5 nov 2025 8:16:12","57648","18,978","0,728","5,900","9,51","700","15,00",
" 730/5","5 nov 2025 8:16:31","57656","18,976","0,728","5,800","9,21","700","15,00",
" 731/1","5 nov 2025 8:18:25","57704","18,966","0,728","5,864","9,47","702","15,00",
" 731/2","5 nov 2025 8:18:44","57712","18,980","0,730","5,852","9,47","700","14,99",
" 731/3","5 nov 2025 8:19:03","57720","18,978","0,728","5,802","9,30","699","15,00",
" 731/4","5 nov 2025 8:19:22","57728","18,960","0,728","5,854","9,31","702","15,00",
" 731/5","5 nov 2025 8:19:40","57736","18,962","0,726","5,824","9,32","699","15,00",
" 732/1","5 nov 2025 8:21:34","57784","18,982","0,728","5,804","9,50","703","15,00",
" 732/2","5 nov 2025 8:21:53","57792","18,966","0,728","5,788","9,54","697","15,00",
" 732/3","5 nov 2025 8:22:12","57800","18,978","0,730","5,772","9,60","698","15,00",
" 732/4","5 nov 2025 8:22:31","57808","18,978","0,728","5,782","9,34","704","15,00",
" 732/5","5 nov 2025 8:22:50","57816","18,978","0,728","5,830","9,52","693","15,00",
" 733/1","5 nov 2025 8:24:44","57864","18,964","0,728","5,768","7,75","689","15,00",
" 733/2","5 nov 2025 8:25:03","57872","18,964","0,728","6,058","8,85","697","15,00",
" 733/3","5 nov 2025 8:25:23","57880","18,968","0,728","5,900","9,51","691","15,00",
" 733/4","5 nov 2025 8:25:41","57888","18,986","0,728","5,766","9,49","702","14,99",
" 733/5","5 nov 2025 8:26:00","57896","18,966","0,728","5,758","9,30","695","15,00",
" 734/1","5 nov 2025 8:27:54","57944","18,964","0,726","5,854","9,41","703","15,00",
" 734/2","5 nov 2025 8:28:13","57952","18,974","0,728","5,806","8,35","688","15,00",
" 734/3","5 nov 2025 8:28:32","57960","18,986","0,732","5,978","9,27","699","14,99",
" 734/4","5 nov 2025 8:28:51","57968","18,978","0,728","5,908","9,44","702","15,00",
" 734/5","5 nov 2025 8:29:10","57976","18,970","0,728","5,798","9,43","696","15,00",
" 735/1","5 nov 2025 8:31:04","58024","18,964","0,728","5,856","9,54","700","15,00",
" 735/2","5 nov 2025 8:31:22","58032","18,970","0,726","5,812","9,47","699","14,99",
" 735/3","5 nov 2025 8:31:41","58040","18,978","0,730","5,794","9,23","693","15,00",
" 735/4","5 nov 2025 8:32:00","58048","18,972","0,728","5,866","9,23","697","15,00",
" 735/5","5 nov 2025 8:32:19","58056","18,968","0,728","5,780","9,12","693","15,00",
" 736/1","5 nov 2025 8:34:13","58104","18,984","0,730","5,884","9,37","692","15,00",
" 736/2","5 nov 2025 8:34:33","58112","18,976","0,728","5,768","9,48","702","15,00",
" 736/3","5 nov 2025 8:34:51","58120","18,978","0,730","5,752","9,47","697","15,00",
" 736/4","5 nov 2025 8:35:49","58128","18,980","0,730","5,884","9,41","693","14,99",
" 736/5","5 nov 2025 8:36:07","58136","18,970","0,730","5,820","9,23","688","14,99",
" 737/1","5 nov 2025 8:37:24","58168","18,968","0,728","5,804","9,25","691","15,00",
" 737/2","5 nov 2025 8:37:42","58176","18,988","0,730","5,838","9,25","698","15,00",
" 737/3","5 nov 2025 8:38:01","58184","18,980","0,730","5,846","9,37","690","15,00",
" 737/4","5 nov 2025 8:38:20","58192","18,968","0,730","5,886","9,36","697","14,99",
" 737/5","5 nov 2025 8:38:39","58200","18,966","0,728","5,874","9,21","701","15,00",
" 738/1","5 nov 2025 8:40:33","58248","18,978","0,730","5,816","9,38","696","15,00",
" 738/2","5 nov 2025 8:40:52","58256","18,966","0,730","5,832","9,22","691","15,00",
" 738/3","5 nov 2025 8:41:11","58264","18,970","0,730","5,874","9,12","698","15,00",
" 738/4","5 nov 2025 8:41:30","58272","18,972","0,730","5,850","9,11","690","14,99",
" 738/5","5 nov 2025 8:41:49","58280","18,968","0,728","5,860","9,09","702","14,99",
" 739/1","5 nov 2025 8:43:43","58328","18,982","0,730","5,880","8,76","693","14,99",
" 739/2","5 nov 2025 8:44:01","58336","18,966","0,728","5,908","9,43","698","15,00",
" 739/3","5 nov 2025 8:44:20","58344","18,964","0,726","5,810","9,41","691","15,00",
" 739/4","5 nov 2025 8:44:39","58352","18,968","0,728","5,766","9,29","700","15,00",
" 739/5","5 nov 2025 8:44:58","58360","18,972","0,730","5,822","9,32","689","15,00",
" 740/1","5 nov 2025 8:46:53","58408","18,970","0,724","5,974","9,38","704","15,00",
" 740/2","5 nov 2025 8:47:11","58416","18,980","0,726","5,818","9,25","696","15,00",
" 740/3","5 nov 2025 8:47:30","58424","18,980","0,728","5,798","9,51","696","15,00",
" 740/4","5 nov 2025 8:47:50","58432","18,974","0,728","5,780","9,25","689","14,99",
" 740/5","5 nov 2025 8:48:08","58440","18,976","0,728","5,800","9,36","702","15,00",
" 741/1","5 nov 2025 8:50:02","58488","18,964","0,730","5,890","9,37","694","15,00",
" 741/2","5 nov 2025 8:50:21","58496","18,966","0,728","5,780","9,47","698","14,99",
" 741/3","5 nov 2025 8:50:41","58504","18,958","0,728","5,814","8,96","692","15,00",
" 741/4","5 nov 2025 8:50:59","58512","18,966","0,730","5,886","9,35","695","14,99",
" 741/5","5 nov 2025 8:51:18","58520","18,964","0,728","5,850","8,91","688","15,00",
" 742/1","5 nov 2025 8:53:12","58568","18,988","0,728","5,834","9,39","698","15,00",
" 742/2","5 nov 2025 8:53:31","58576","18,970","0,728","5,812","9,44","697","14,99",
" 742/3","5 nov 2025 8:53:50","58584","18,974","0,730","5,822","8,93","696","15,00",
" 742/4","5 nov 2025 8:54:09","58592","18,980","0,730","5,916","9,44","699","15,00",
" 742/5","5 nov 2025 8:54:28","58600","18,970","0,730","5,836","8,74","689","15,00",
" 743/1","5 nov 2025 8:56:21","58648","18,980","0,730","5,794","9,37","698","15,00",
" 743/2","5 nov 2025 8:56:41","58656","18,982","0,730","5,850","9,47","699","15,00",
" 743/3","5 nov 2025 8:56:59","58664","18,980","0,730","5,850","8,63","696","15,00",
" 743/4","5 nov 2025 8:57:18","58672","18,960","0,728","5,928","9,24","697","15,00",
" 743/5","5 nov 2025 8:57:37","58680","18,970","0,730","5,842","9,17","697","15,00",
" 744/1","5 nov 2025 8:59:31","58728","18,986","0,730","5,854","9,03","685","15,00",
" 744/2","5 nov 2025 8:59:50","58736","18,980","0,730","5,914","9,34","699","15,00",
" 744/3","5 nov 2025 9:00:09","58744","18,982","0,730","5,772","9,32","703","15,00",
" 744/4","5 nov 2025 9:00:28","58752","18,974","0,728","5,776","9,46","691","15,00",
" 744/5","5 nov 2025 9:00:47","58760","18,964","0,730","5,828","9,27","697","15,00",
" 745/1","5 nov 2025 9:02:41","58808","18,980","0,730","5,808","9,44","688","15,00",
" 745/2","5 nov 2025 9:03:00","58816","18,974","0,728","5,770","9,34","698","15,00",
" 745/3","5 nov 2025 9:03:19","58824","18,960","0,728","5,862","9,12","697","15,00",
" 745/4","5 nov 2025 9:03:38","58832","18,962","0,728","5,832","9,16","693","15,00",
" 745/5","5 nov 2025 9:03:57","58840","18,974","0,730","5,856","9,44","695","14,99",
" 746/1","5 nov 2025 9:05:51","58888","18,986","0,730","5,788","9,39","700","15,00",
" 746/2","5 nov 2025 9:06:10","58896","18,962","0,728","5,792","9,48","699","14,99",
" 746/3","5 nov 2025 9:06:29","58904","18,982","0,730","5,770","9,34","692","15,00",
" 746/4","5 nov 2025 9:06:48","58912","18,958","0,726","5,780","9,46","702","15,00",
" 746/5","5 nov 2025 9:07:07","58920","18,960","0,730","5,822","9,20","696","15,00",
" 747/1","5 nov 2025 9:09:01","58968","18,980","0,728","5,844","9,20","693","15,00",
" 747/2","5 nov 2025 9:09:19","58976","18,972","0,728","5,810","9,49","698","15,00",
" 747/3","5 nov 2025 9:09:38","58984","18,976","0,728","5,804","9,15","695","15,00",
" 747/4","5 nov 2025 9:09:57","58992","18,986","0,730","5,888","9,45","698","14,99",
" 747/5","5 nov 2025 9:10:16","59000","18,966","0,728","5,822","8,48","687","14,99",
" 748/1","5 nov 2025 9:12:10","59048","18,970","0,730","5,784","9,47","698","15,00",
" 748/2","5 nov 2025 9:12:29","59056","18,964","0,730","5,764","9,26","698","15,00",
" 748/3","5 nov 2025 9:12:48","59064","18,980","0,730","5,916","9,38","697","15,00",
" 748/4","5 nov 2025 9:13:07","59072","18,966","0,728","5,818","8,63","695","14,99",
" 748/5","5 nov 2025 9:13:26","59080","18,976","0,730","5,910","9,00","699","15,00",
" 749/1","5 nov 2025 9:15:20","59128","18,960","0,728","5,890","9,06","698","15,00",
" 749/2","5 nov 2025 9:15:39","59136","18,976","0,730","5,930","9,45","695","15,00",
" 749/3","5 nov 2025 9:15:59","59144","18,962","0,730","5,840","9,47","697","15,00",
" 749/4","5 nov 2025 9:16:17","59152","18,968","0,728","5,804","9,36","690","15,00",
" 749/5","5 nov 2025 9:16:36","59160","18,972","0,730","5,778","9,47","698","15,00",
" 750/1","5 nov 2025 9:18:30","59208","18,990","0,730","6,144","9,45","700","15,00",
" 750/2","5 nov 2025 9:18:49","59216","18,974","0,730","5,800","9,10","693","15,00",
" 750/3","5 nov 2025 9:19:08","59224","18,968","0,730","5,832","9,36","691","14,99",
" 750/4","5 nov 2025 9:19:27","59232","18,964","0,730","5,872","9,19","692","15,00",
" 750/5","5 nov 2025 9:19:46","59240","18,982","0,730","5,862","9,36","695","15,00",
" 751/1","5 nov 2025 9:21:39","59288","18,972","0,730","5,864","9,45","701","15,00",
" 751/2","5 nov 2025 9:21:58","59296","18,974","0,728","5,840","9,12","697","15,00",
" 751/3","5 nov 2025 9:22:17","59304","18,974","0,730","5,804","9,42","690","15,00",
" 751/4","5 nov 2025 9:22:36","59312","18,970","0,730","5,784","9,43","697","15,00",
" 751/5","5 nov 2025 9:22:55","59320","18,956","0,728","5,794","9,46","697","15,00",
" 752/1","5 nov 2025 9:24:49","59368","18,966","0,730","5,872","9,23","697","15,00",
" 752/2","5 nov 2025 9:25:08","59376","18,982","0,730","5,846","9,45","700","15,00",
" 752/3","5 nov 2025 9:25:27","59384","18,970","0,730","5,874","9,23","695","14,99",
" 752/4","5 nov 2025 9:25:47","59392","18,978","0,730","5,784","9,55","702","15,00",
" 752/5","5 nov 2025 9:26:05","59400","18,976","0,730","5,828","8,76","695","15,00",
" 753/1","5 nov 2025 9:27:59","59448","18,964","0,730","5,894","8,85","698","15,00",
" 753/2","5 nov 2025 9:28:18","59456","18,970","0,730","5,920","9,13","695","14,99",
" 753/3","5 nov 2025 9:29:15","59464","18,976","0,730","5,842","9,06","696","14,99",
" 753/4","5 nov 2025 9:29:34","59472","18,978","0,730","5,900","9,49","695","14,99",
" 753/5","5 nov 2025 9:29:53","59480","18,980","0,728","5,870","9,47","699","14,99",
" 754/1","5 nov 2025 9:31:09","59512","18,982","0,732","5,798","9,39","694","15,00",
" 754/2","5 nov 2025 9:31:28","59520","18,974","0,730","5,776","8,92","694","15,00",
" 754/3","5 nov 2025 9:31:47","59528","18,968","0,730","5,872","9,53","703","14,99",
" 754/4","5 nov 2025 9:32:06","59536","18,990","0,732","5,844","8,72","699","14,99",
" 754/5","5 nov 2025 9:32:25","59544","18,984","0,732","5,888","9,38","699","15,00",
" 755/1","5 nov 2025 9:34:19","59592","18,970","0,730","5,812","9,52","698","15,00",
" 755/2","5 nov 2025 9:34:37","59600","18,962","0,732","5,818","8,80","693","15,00",
" 755/3","5 nov 2025 9:34:56","59608","18,984","0,730","5,864","9,53","697","15,00",
" 755/4","5 nov 2025 9:35:15","59616","18,974","0,730","5,826","8,95","696","15,00",
" 755/5","5 nov 2025 9:35:34","59624","18,970","0,728","5,886","9,47","701","14,99",
" 756/1","5 nov 2025 9:37:29","59672","18,976","0,730","5,874","9,21","697","15,00",
" 756/2","5 nov 2025 9:37:47","59680","18,968","0,730","5,846","9,22","689","15,00",
" 756/3","5 nov 2025 9:38:06","59688","18,970","0,728","5,886","9,38","699","15,00",
" 756/4","5 nov 2025 9:38:26","59696","18,972","0,728","5,862","9,45","696","14,99",
" 756/5","5 nov 2025 9:38:44","59704","18,990","0,730","5,818","9,14","698","15,00",
" 757/1","5 nov 2025 9:40:38","59752","18,974","0,730","5,798","9,33","696","14,99",
" 757/2","5 nov 2025 9:40:58","59760","18,966","0,730","5,844","9,36","696","15,00",
" 757/3","5 nov 2025 9:41:16","59768","18,982","0,732","5,790","9,27","694","15,00",
" 757/4","5 nov 2025 9:41:35","59776","18,984","0,732","5,830","9,51","697","15,00",
" 757/5","5 nov 2025 9:41:55","59784","18,980","0,728","5,806","9,13","684","15,00",
" 758/1","5 nov 2025 9:43:48","59832","18,970","0,730","5,834","9,20","688","15,00",
" 758/2","5 nov 2025 9:44:07","59840","18,962","0,728","5,776","9,42","695","15,00",
" 758/3","5 nov 2025 9:44:26","59848","18,986","0,732","5,752","9,23","692","15,00",
" 758/4","5 nov 2025 9:44:45","59856","18,974","0,728","5,870","9,49","698","15,00",
" 758/5","5 nov 2025 9:45:04","59864","18,968","0,728","5,768","8,87","696","15,00",
" 759/1","5 nov 2025 9:46:59","59912","18,984","0,728","5,814","9,08","689","15,00",
" 759/2","5 nov 2025 9:47:17","59920","18,966","0,728","5,836","9,16","685","15,00",
" 759/3","5 nov 2025 9:47:36","59928","18,974","0,730","5,916","9,03","684","15,00",
" 759/4","5 nov 2025 9:47:55","59936","18,990","0,730","5,896","9,45","700","15,00",
" 759/5","5 nov 2025 9:48:14","59944","18,992","0,730","5,804","9,35","696","15,00",
" 760/1","5 nov 2025 9:50:08","59992","18,980","0,732","5,802","9,11","695","15,00",
" 760/2","5 nov 2025 9:50:26","60000","18,984","0,730","5,824","9,48","700","15,00",
" 760/3","5 nov 2025 9:50:45","60008","18,980","0,730","5,824","8,85","689","14,99",
" 760/4","5 nov 2025 9:51:04","60016","18,976","0,730","5,856","9,45","690","15,00",
" 760/5","5 nov 2025 9:51:23","60024","18,964","0,726","5,830","9,06","694","15,00",
" 761/1","5 nov 2025 9:53:17","60072","18,990","0,732","5,930","8,74","689","15,00",
" 761/2","5 nov 2025 9:53:36","60080","18,976","0,730","5,844","9,40","701","15,00",
" 761/3","5 nov 2025 9:53:55","60088","18,986","0,732","5,766","8,74","688","15,00",
" 761/4","5 nov 2025 9:54:14","60096","18,968","0,730","5,896","9,46","694","15,00",
" 761/5","5 nov 2025 9:54:34","60104","18,992","0,730","5,882","9,47","697","15,00",
" 762/1","5 nov 2025 9:56:27","60152","18,974","0,730","5,848","9,30","691","15,00",
" 762/2","5 nov 2025 9:56:46","60160","18,962","0,730","5,784","9,35","698","15,00",
" 762/3","5 nov 2025 9:57:05","60168","18,962","0,730","5,810","9,36","698","15,00",
" 762/4","5 nov 2025 9:57:24","60176","18,970","0,728","5,866","9,08","692","14,99",
" 762/5","5 nov 2025 9:57:43","60184","18,982","0,730","5,862","9,21","697","14,99",
" 763/1","5 nov 2025 9:59:37","60232","18,984","0,732","5,910","9,17","700","15,00",
" 763/2","5 nov 2025 10:00:34","60240","18,974","0,730","5,900","9,31","688","15,00",
" 763/3","5 nov 2025 10:00:53","60248","18,988","0,730","5,862","9,38","691","15,00",
" 763/4","5 nov 2025 10:01:12","60256","18,978","0,728","5,764","9,40","692","15,00",
" 763/5","5 nov 2025 10:01:31","60264","18,966","0,730","5,858","9,33","696","15,00",
" 764/1","5 nov 2025 10:02:47","60296","18,982","0,730","5,812","8,60","697","15,00",
" 764/2","5 nov 2025 10:03:06","60304","18,968","0,728","5,868","9,45","692","15,00",
" 764/3","5 nov 2025 10:03:24","60312","18,968","0,730","5,862","9,00","686","15,00",
" 764/4","5 nov 2025 10:03:43","60320","18,978","0,732","5,868","9,38","699","15,00",
" 764/5","5 nov 2025 10:04:02","60328","18,968","0,730","5,836","9,31","689","15,00",
" 765/1","5 nov 2025 10:05:56","60376","18,964","0,728","5,834","9,16","694","15,00",
" 765/2","5 nov 2025 10:06:15","60384","18,976","0,730","5,860","9,60","696","15,00",
" 765/3","5 nov 2025 10:06:34","60392","18,974","0,730","5,818","9,28","697","14,99",
" 765/4","5 nov 2025 10:06:54","60400","18,988","0,730","5,862","9,53","692","15,00",
" 765/5","5 nov 2025 10:07:13","60408","18,974","0,730","5,856","8,90","696","15,00",
" 766/1","5 nov 2025 10:09:07","60440","18,970","0,730","5,826","9,28","687","15,00",
" 766/2","5 nov 2025 10:09:26","60448","18,954","0,728","5,798","9,03","686","14,99",
" 766/3","5 nov 2025 10:09:44","60456","18,950","0,728","5,872","9,08","696","15,00",
" 766/4","5 nov 2025 10:10:03","60464","18,964","0,726","5,900","9,46","694","15,00",
" 766/5","5 nov 2025 10:10:22","60472","18,990","0,730","5,838","9,11","692","15,00",
" 767/1","5 nov 2025 10:12:16","60520","18,972","0,730","5,962","9,40","701","15,00",
" 767/2","5 nov 2025 10:12:35","60528","18,968","0,730","5,768","9,53","698","14,99",
" 767/3","5 nov 2025 10:12:54","60536","18,968","0,728","5,782","9,45","698","15,00",
" 767/4","5 nov 2025 10:13:13","60544","18,976","0,728","5,818","9,36","698","15,00",
" 767/5","5 nov 2025 10:13:32","60552","18,978","0,730","5,776","9,40","702","15,00",
" 768/1","5 nov 2025 10:15:26","60600","18,974","0,728","5,834","9,47","701","15,00",
" 768/2","5 nov 2025 10:15:45","60608","18,972","0,730","5,826","8,97","693","14,99",
" 768/3","5 nov 2025 10:16:03","60616","18,972","0,726","5,818","9,35","684","15,00",
" 768/4","5 nov 2025 10:16:22","60624","18,970","0,730","5,752","9,15","693","14,99",
" 768/5","5 nov 2025 10:16:42","60632","18,964","0,730","5,808","9,15","686","15,00",
" 769/1","5 nov 2025 10:18:35","60680","18,962","0,728","5,832","9,45","695","15,00",
" 769/2","5 nov 2025 10:18:54","60688","18,970","0,730","5,810","9,03","687","15,00",
" 769/3","5 nov 2025 10:19:13","60696","18,984","0,730","5,822","9,42","697","15,00",
" 769/4","5 nov 2025 10:19:32","60704","18,974","0,730","5,762","8,36","695","15,00",
" 769/5","5 nov 2025 10:19:51","60712","18,968","0,726","5,840","9,36","697","15,00",
" 770/1","5 nov 2025 10:21:45","60760","18,962","0,726","5,788","9,09","690","15,00",
" 770/2","5 nov 2025 10:22:04","60768","18,986","0,730","5,826","9,38","695","15,00",
" 770/3","5 nov 2025 10:22:23","60776","18,970","0,726","5,764","8,65","689","15,00",
" 770/4","5 nov 2025 10:22:42","60784","18,972","0,730","5,906","8,93","696","15,00",
" 770/5","5 nov 2025 10:23:01","60792","18,960","0,728","5,874","9,45","689","15,00",
" 771/1","5 nov 2025 10:25:33","60840","18,964","0,728","5,804","9,49","688","15,00",
" 771/2","5 nov 2025 10:25:52","60848","18,978","0,728","5,834","9,30","689","15,00",
" 771/3","5 nov 2025 10:26:11","60856","18,960","0,726","5,774","9,34","696","15,00",
" 771/4","5 nov 2025 10:26:30","60864","18,962","0,726","5,798","9,36","686","15,00",
" 771/5","5 nov 2025 10:27:26","60872","18,976","0,728","5,900","8,55","687","15,00",
" 772/1","5 nov 2025 10:28:04","60888","18,968","0,728","5,800","8,65","689","15,00",
" 772/2","5 nov 2025 10:28:23","60896","18,968","0,730","5,842","9,36","696","15,00",
" 772/3","5 nov 2025 10:28:43","60904","18,956","0,728","5,786","9,27","691","15,00",
" 772/4","5 nov 2025 10:29:01","60912","18,978","0,730","5,732","9,47","689","14,99",
" 772/5","5 nov 2025 10:29:20","60920","18,980","0,728","5,776","9,49","699","15,00",
" 773/1","5 nov 2025 10:31:14","60968","18,968","0,730","5,814","9,38","689","15,00",
" 773/2","5 nov 2025 10:31:33","60976","18,970","0,730","5,824","9,25","692","15,00",
" 773/3","5 nov 2025 10:31:53","60984","18,966","0,726","5,816","8,57","688","15,00",
" 773/4","5 nov 2025 10:32:11","60992","18,968","0,726","5,954","9,45","693","15,00",
" 773/5","5 nov 2025 10:32:30","61000","18,968","0,730","5,774","9,16","689","15,00",
" 774/1","5 nov 2025 10:34:24","61048","18,968","0,726","5,796","9,32","691","14,99",
" 774/2","5 nov 2025 10:34:43","61056","18,968","0,726","5,830","8,72","687","14,99",
" 774/3","5 nov 2025 10:35:02","61064","18,966","0,726","5,902","8,59","687","15,00",
" 774/4","5 nov 2025 10:35:21","61072","18,980","0,728","5,916","9,43","687","15,00",
" 774/5","5 nov 2025 10:35:40","61080","18,958","0,728","5,802","9,43","693","15,00",
" 775/1","5 nov 2025 10:37:34","61112","18,974","0,728","5,808","9,06","692","15,00",
" 775/2","5 nov 2025 10:37:53","61120","18,970","0,728","5,836","9,45","693","14,99",
" 775/3","5 nov 2025 10:38:12","61128","18,982","0,728","5,762","9,43","694","15,00",
" 775/4","5 nov 2025 10:38:30","61136","18,958","0,724","5,732","9,32","693","15,00",
" 775/5","5 nov 2025 10:38:49","61144","18,962","0,726","5,810","9,30","697","15,00",
" 776/1","5 nov 2025 10:40:44","61192","18,968","0,728","5,832","9,48","693","15,00",
" 776/2","5 nov 2025 10:41:02","61200","18,966","0,728","5,758","9,09","695","15,00",
" 776/3","5 nov 2025 10:41:21","61208","18,972","0,730","5,822","9,46","696","15,00",
" 776/4","5 nov 2025 10:41:40","61216","18,982","0,728","5,786","9,27","694","15,00",
" 776/5","5 nov 2025 10:41:59","61224","18,968","0,728","5,860","9,40","696","15,00",
" 777/1","5 nov 2025 10:43:53","61256","18,972","0,728","5,836","9,40","686","15,00",
" 777/2","5 nov 2025 10:44:12","61264","18,968","0,724","5,794","8,89","683","15,00",
" 777/3","5 nov 2025 10:44:31","61272","18,974","0,724","5,828","9,46","695","14,99",
" 777/4","5 nov 2025 10:44:50","61280","18,968","0,726","5,782","8,95","684","15,00",
" 777/5","5 nov 2025 10:45:09","61288","18,982","0,730","5,788","9,51","698","14,99",
" 778/1","5 nov 2025 10:47:03","61320","18,984","0,724","5,806","9,40","691","15,00",
" 778/2","5 nov 2025 10:47:22","61328","18,966","0,728","5,754","9,26","693","15,00",
" 778/3","5 nov 2025 10:47:41","61336","18,978","0,726","5,816","9,47","688","15,00",
" 778/4","5 nov 2025 10:48:00","61344","18,966","0,728","5,762","9,38","697","15,00",
" 778/5","5 nov 2025 10:48:19","61352","18,966","0,724","5,752","9,49","698","15,00",
" 779/1","5 nov 2025 10:50:12","61400","18,954","0,726","5,816","9,21","689","15,00",
" 779/2","5 nov 2025 10:50:31","61408","18,974","0,726","5,848","9,35","696","15,00",
" 779/3","5 nov 2025 10:50:50","61416","18,976","0,726","5,782","9,17","692","15,00",
" 779/4","5 nov 2025 10:51:09","61424","18,966","0,728","5,860","8,43","689","14,99",
" 779/5","5 nov 2025 10:51:28","61432","18,962","0,728","5,936","9,30","696","15,00",
" 780/1","5 nov 2025 10:53:23","61480","18,966","0,728","5,750","9,39","694","15,00",
" 780/2","5 nov 2025 10:53:47","61488","18,968","0,726","5,770","9,40","694","15,00",
" 780/3","5 nov 2025 10:54:00","61496","18,964","0,726","5,764","8,95","695","15,00",
" 780/4","5 nov 2025 10:54:19","61504","18,978","0,726","5,790","9,43","695","15,00",
" 780/5","5 nov 2025 10:54:38","61512","18,986","0,728","5,758","8,67","687","15,00",
" 781/1","5 nov 2025 10:56:32","61560","18,968","0,724","5,756","9,38","695","14,99",
" 781/2","5 nov 2025 10:56:51","61568","18,984","0,726","5,786","9,13","692","14,99",
" 781/3","5 nov 2025 10:57:10","61576","18,964","0,726","5,816","9,45","693","15,00",
" 781/4","5 nov 2025 10:57:29","61584","18,956","0,722","5,752","9,37","687","15,00",
" 781/5","5 nov 2025 10:57:48","61592","18,968","0,726","5,734","9,42","699","14,99",
" 782/1","5 nov 2025 11:00:20","61640","18,968","0,726","5,870","9,30","686","15,00",
" 782/2","5 nov 2025 11:00:40","61648","18,982","0,726","5,790","8,80","693","14,99",
" 782/3","5 nov 2025 11:00:58","61656","18,972","0,728","5,754","9,43","693","15,00",
" 782/4","5 nov 2025 11:01:17","61664","18,974","0,726","5,732","8,73","684","14,99",
" 782/5","5 nov 2025 11:01:36","61672","18,966","0,728","5,874","9,45","685","15,00",
" 783/1","5 nov 2025 11:02:52","61704","18,974","0,726","5,806","9,34","685","15,00",
" 783/2","5 nov 2025 11:03:10","61712","18,980","0,728","5,710","9,32","693","15,00",
" 783/3","5 nov 2025 11:03:29","61720","18,978","0,724","5,854","9,23","697","14,99",
" 783/4","5 nov 2025 11:03:49","61728","18,964","0,722","5,734","9,29","698","15,00",
" 783/5","5 nov 2025 11:04:07","61736","18,982","0,728","5,816","9,36","696","15,00",
" 784/1","5 nov 2025 11:06:02","61784","18,964","0,726","5,776","9,28","693","15,00",
" 784/2","5 nov 2025 11:06:20","61792","18,978","0,726","5,766","9,44","689","15,00",
" 784/3","5 nov 2025 11:06:39","61800","18,960","0,726","5,788","9,40","697","15,00",
" 784/4","5 nov 2025 11:06:58","61808","18,970","0,728","5,702","9,47","692","14,99",
" 784/5","5 nov 2025 11:07:17","61816","18,960","0,726","5,772","9,32","693","15,00",
" 785/1","5 nov 2025 11:09:11","61864","18,966","0,726","5,718","9,53","696","15,00",
" 785/2","5 nov 2025 11:09:30","61872","18,978","0,726","5,776","9,55","689","15,00",
" 785/3","5 nov 2025 11:09:49","61880","18,972","0,728","5,764","9,41","686","14,99",
" 785/4","5 nov 2025 11:10:08","61888","18,966","0,728","5,766","9,52","697","15,00",
" 785/5","5 nov 2025 11:10:27","61896","18,962","0,724","5,788","9,23","697","15,00",
" 786/1","5 nov 2025 11:12:21","61944","18,978","0,728","5,812","9,59","699","15,00",
" 786/2","5 nov 2025 11:12:40","61952","18,968","0,724","5,800","9,21","695","15,00",
" 786/3","5 nov 2025 11:12:59","61960","18,970","0,726","5,862","9,45","690","15,00",
" 786/4","5 nov 2025 11:13:18","61968","18,978","0,726","5,812","9,04","685","14,99",
" 786/5","5 nov 2025 11:13:37","61976","18,970","0,724","5,870","9,46","695","15,00",
" 787/1","5 nov 2025 11:15:31","62024","18,972","0,726","5,910","9,25","691","15,00",
" 787/2","5 nov 2025 11:15:50","62032","18,980","0,730","5,814","9,53","687","15,00",
" 787/3","5 nov 2025 11:16:08","62040","18,968","0,724","5,784","9,33","696","15,00",
" 787/4","5 nov 2025 11:16:28","62048","18,976","0,726","5,720","9,57","694","15,00",
" 787/5","5 nov 2025 11:16:46","62056","18,972","0,726","5,764","9,36","696","15,00",
" 788/1","5 nov 2025 11:18:41","62104","18,970","0,732","5,848","9,48","689","15,00",
" 788/2","5 nov 2025 11:19:00","62112","18,980","0,728","5,760","8,77","684","15,00",
" 788/3","5 nov 2025 11:19:19","62120","18,970","0,734","5,846","9,34","694","14,99",
" 788/4","5 nov 2025 11:19:38","62128","18,982","0,730","5,860","9,26","694","15,00",
" 788/5","5 nov 2025 11:19:57","62136","18,964","0,728","5,766","9,30","688","15,00",
" 789/1","5 nov 2025 11:21:50","62184","18,964","0,726","5,820","9,56","697","15,00",
" 789/2","5 nov 2025 11:22:09","62192","18,954","0,726","5,736","9,25","695","15,00",
" 789/3","5 nov 2025 11:22:28","62200","18,956","0,728","5,804","9,61","697","15,00",
" 789/4","5 nov 2025 11:22:47","62208","18,968","0,728","5,822","9,00","687","15,00",
" 789/5","5 nov 2025 11:23:06","62216","18,966","0,728","5,816","9,43","698","15,00",
" 790/1","5 nov 2025 11:25:00","62264","18,976","0,728","5,864","9,43","697","15,00",
" 790/2","5 nov 2025 11:25:19","62272","18,972","0,728","5,762","9,55","690","15,00",
" 790/3","5 nov 2025 11:25:38","62280","18,968","0,728","5,740","9,42","694","15,00",
" 790/4","5 nov 2025 11:25:57","62288","18,966","0,728","5,774","9,57","698","15,00",
" 790/5","5 nov 2025 11:26:16","62296","18,982","0,730","5,714","9,56","694","15,00",
" 791/1","5 nov 2025 11:28:10","62344","18,968","0,728","5,808","9,48","700","15,00",
" 791/2","5 nov 2025 11:28:29","62352","18,986","0,730","5,822","9,53","698","14,99",
" 791/3","5 nov 2025 11:28:48","62360","18,974","0,726","5,796","9,06","696","14,99",
" 791/4","5 nov 2025 11:29:07","62368","18,956","0,726","5,822","9,17","692","15,00",
" 791/5","5 nov 2025 11:29:26","62376","18,972","0,730","5,780","9,09","693","15,00",
" 792/1","5 nov 2025 11:31:19","62424","18,968","0,728","5,746","9,57","699","15,00",
" 792/2","5 nov 2025 11:31:38","62432","18,972","0,732","5,816","9,58","692","15,00",
" 792/3","5 nov 2025 11:31:57","62440","18,988","0,732","5,704","9,15","696","15,00",
" 792/4","5 nov 2025 11:32:16","62448","18,978","0,728","5,844","9,34","693","15,00",
" 792/5","5 nov 2025 11:32:35","62456","18,986","0,732","5,836","8,82","695","14,99",
" 793/1","5 nov 2025 11:34:29","62504","18,976","0,730","5,778","9,55","698","15,00",
" 793/2","5 nov 2025 11:34:48","62512","18,976","0,726","5,762","9,49","697","15,00",
" 793/3","5 nov 2025 11:35:08","62520","18,974","0,728","5,718","9,55","698","15,00",
" 793/4","5 nov 2025 11:35:26","62528","18,954","0,720","5,764","9,36","699","15,00",
" 793/5","5 nov 2025 11:35:45","62536","18,954","0,728","5,862","9,47","695","14,99",
" 794/1","5 nov 2025 11:37:39","62584","18,984","0,728","5,890","8,93","700","15,00",
" 794/2","5 nov 2025 11:37:58","62592","18,986","0,728","5,904","9,38","699","15,00",
" 794/3","5 nov 2025 11:38:17","62600","18,968","0,730","5,876","9,04","698","15,00",
" 794/4","5 nov 2025 11:38:36","62608","18,954","0,712","5,838","9,38","697","15,00",
" 794/5","5 nov 2025 11:38:55","62616","18,990","0,728","5,894","9,22","701","15,00",
" 795/1","5 nov 2025 11:40:49","62664","18,974","0,730","5,804","8,74","695","14,99",
" 795/2","5 nov 2025 11:41:08","62672","18,962","0,732","5,842","9,64","698","15,00",
" 795/3","5 nov 2025 11:41:27","62680","18,964","0,728","5,794","9,23","696","15,00",
" 795/4","5 nov 2025 11:41:46","62688","18,970","0,732","5,776","9,64","696","15,00",
" 795/5","5 nov 2025 11:42:05","62696","18,970","0,732","5,732","9,04","692","14,99",
" 796/1","5 nov 2025 11:43:59","62744","18,980","0,732","5,790","9,55","687","15,00",
" 796/2","5 nov 2025 11:44:17","62752","18,956","0,728","5,828","9,32","700","15,00",
" 796/3","5 nov 2025 11:44:36","62760","18,960","0,728","5,798","9,68","702","15,00",
" 796/4","5 nov 2025 11:44:55","62768","18,962","0,728","5,754","9,63","701","14,99",
" 796/5","5 nov 2025 11:45:14","62776","18,978","0,728","5,760","9,23","697","15,00",
" 797/1","5 nov 2025 11:47:08","62808","18,978","0,728","5,788","9,49","696","15,00",
" 797/2","5 nov 2025 11:47:27","62816","18,960","0,728","5,770","9,16","693","15,00",
" 797/3","5 nov 2025 11:47:46","62824","18,964","0,730","5,772","9,58","695","15,00",
" 797/4","5 nov 2025 11:48:05","62832","18,954","0,728","5,780","8,54","694","15,00",
" 797/5","5 nov 2025 11:48:24","62840","18,960","0,730","5,844","9,55","699","14,99",
" 798/1","5 nov 2025 11:50:18","62888","18,970","0,730","5,830","9,30","694","15,00",
" 798/2","5 nov 2025 11:50:37","62896","18,980","0,730","5,824","9,55","702","14,99",
" 798/3","5 nov 2025 11:50:56","62904","18,976","0,730","5,830","9,45","697","15,00",
" 798/4","5 nov 2025 11:51:15","62912","18,978","0,728","5,770","9,66","696","14,99",
" 798/5","5 nov 2025 11:51:34","62920","18,970","0,728","5,752","9,62","696","15,00",
" 799/1","5 nov 2025 11:53:28","62968","18,970","0,730","5,830","9,00","693","15,00",
" 799/2","5 nov 2025 11:53:47","62976","18,968","0,728","5,830","9,50","700","15,00",
" 799/3","5 nov 2025 11:54:06","62984","18,958","0,730","5,838","9,01","696","14,99",
" 799/4","5 nov 2025 11:54:25","62992","18,960","0,732","5,884","9,62","696","15,00",
" 799/5","5 nov 2025 11:54:44","63000","18,972","0,728","5,808","9,37","695","15,00",
" 800/1","5 nov 2025 11:56:37","63048","18,982","0,730","5,762","9,55","700","15,00",
" 800/2","5 nov 2025 11:56:56","63056","18,962","0,732","5,728","9,31","690","14,99",
" 800/3","5 nov 2025 11:57:15","63064","18,978","0,730","5,720","9,53","700","15,00",
" 800/4","5 nov 2025 11:57:34","63072","18,970","0,730","5,780","9,42","698","15,00",
" 800/5","5 nov 2025 11:57:53","63080","18,980","0,732","5,834","9,54","703","15,00",
" 801/1","5 nov 2025 11:59:47","63128","18,972","0,730","5,818","9,49","698","15,00",
" 801/2","5 nov 2025 12:00:06","63136","18,962","0,730","5,798","9,34","698","14,99",
" 801/3","5 nov 2025 12:00:25","63144","18,964","0,732","5,750","9,41","695","15,00",
" 801/4","5 nov 2025 12:00:44","63152","18,964","0,732","5,762","9,62","698","14,99",
" 801/5","5 nov 2025 12:01:03","63160","18,966","0,726","5,722","9,47","693","15,00",
" 802/1","5 nov 2025 12:02:57","63208","18,988","0,728","5,762","9,40","698","15,00",
" 802/2","5 nov 2025 12:03:16","63216","18,962","0,728","5,804","8,93","696","15,00",
" 802/3","5 nov 2025 12:03:35","63224","18,968","0,730","5,814","9,37","699","14,99",
" 802/4","5 nov 2025 12:03:54","63232","18,982","0,728","5,750","9,46","691","15,00",
" 802/5","5 nov 2025 12:04:13","63240","18,956","0,732","5,800","8,80","698","15,00",
" 803/1","5 nov 2025 12:06:06","63288","18,962","0,728","5,762","9,54","696","15,00",
" 803/2","5 nov 2025 12:06:25","63296","18,976","0,730","5,796","9,45","692","15,00",
" 803/3","5 nov 2025 12:06:44","63304","18,964","0,728","5,744","9,60","690","14,99",
" 803/4","5 nov 2025 12:07:03","63312","18,986","0,730","5,768","9,58","698","15,00",
" 803/5","5 nov 2025 12:07:22","63320","18,972","0,730","5,696","9,34","696","14,99",
" 804/1","5 nov 2025 12:09:16","63368","18,988","0,730","5,708","9,47","697","15,00",
" 804/2","5 nov 2025 12:09:35","63376","18,966","0,732","5,764","9,40","699","15,00",
" 804/3","5 nov 2025 12:09:54","63384","18,972","0,730","5,740","9,26","694","14,99",
" 804/4","5 nov 2025 12:10:14","63392","18,974","0,730","5,838","9,47","696","15,00",
" 804/5","5 nov 2025 12:10:32","63400","18,966","0,728","5,772","8,62","685","15,00",
" 805/1","5 nov 2025 12:12:26","63448","18,988","0,730","5,802","9,36","695","14,99",
" 805/2","5 nov 2025 12:12:45","63456","18,970","0,728","5,808","9,33","698","15,00",
" 805/3","5 nov 2025 12:13:04","63464","18,972","0,730","5,776","9,56","689","15,00",
" 805/4","5 nov 2025 12:13:23","63472","18,968","0,732","5,806","9,32","693","15,00",
" 805/5","5 nov 2025 12:13:42","63480","18,986","0,730","5,754","9,53","692","15,00",
" 806/1","5 nov 2025 12:15:36","63528","18,974","0,730","5,728","9,25","691","15,00",
" 806/2","5 nov 2025 12:15:55","63536","18,988","0,734","5,808","9,28","699","15,00",
" 806/3","5 nov 2025 12:16:14","63544","18,966","0,730","5,766","9,51","697","14,99",
" 806/4","5 nov 2025 12:16:33","63552","18,970","0,728","5,794","9,51","696","15,00",
" 806/5","5 nov 2025 12:16:52","63560","18,966","0,730","5,718","9,34","700","15,00",
" 807/1","5 nov 2025 12:18:45","63608","18,978","0,730","5,832","9,43","699","15,00",
" 807/2","5 nov 2025 12:19:05","63616","18,974","0,734","5,802","8,93","698","15,00",
" 807/3","5 nov 2025 12:19:23","63624","18,966","0,722","5,750","9,33","700","15,00",
" 807/4","5 nov 2025 12:19:42","63632","18,974","0,732","5,796","8,50","696","15,00",
" 807/5","5 nov 2025 12:20:01","63640","18,972","0,728","5,816","9,46","699","15,00",
" 808/1","5 nov 2025 12:21:55","63688","18,970","0,730","5,784","9,49","699","14,99",
" 808/2","5 nov 2025 12:22:14","63696","18,976","0,730","5,792","9,37","702","15,00",
" 808/3","5 nov 2025 12:22:33","63704","18,966","0,730","5,744","9,47","698","15,00",
" 808/4","5 nov 2025 12:22:52","63712","18,980","0,730","5,796","9,60","699","15,00",
" 808/5","5 nov 2025 12:23:11","63720","18,968","0,728","5,660","9,26","701","14,99",
" 809/1","5 nov 2025 12:25:05","63752","18,974","0,730","5,786","9,16","705","15,00",
" 809/2","5 nov 2025 12:25:24","63760","18,974","0,722","5,744","9,45","701","15,00",
" 809/3","5 nov 2025 12:25:43","63768","18,982","0,736","5,796","9,96","706","15,00",
" 809/4","5 nov 2025 12:26:02","63776","18,976","0,724","5,666","9,47","699","15,00",
" 809/5","5 nov 2025 12:26:21","63784","18,972","0,730","5,720","9,34","700","15,00",
" 810/1","5 nov 2025 12:28:15","63832","18,958","0,730","5,752","9,88","701","15,00",
" 810/2","5 nov 2025 12:28:34","63840","18,966","0,730","5,784","9,73","702","15,00",
" 810/3","5 nov 2025 12:28:53","63848","18,978","0,732","5,748","9,64","700","15,00",
" 810/4","5 nov 2025 12:29:12","63856","18,972","0,730","5,814","9,72","697","15,00",
" 810/5","5 nov 2025 12:29:31","63864","18,960","0,730","5,772","9,60","692","15,00",
" 811/1","5 nov 2025 12:31:24","63912","18,968","0,730","5,782","9,43","689","15,00",
" 811/2","5 nov 2025 12:31:43","63920","18,978","0,730","5,766","8,99","697","15,00",
" 811/3","5 nov 2025 12:32:03","63928","18,972","0,730","5,752","9,37","696","14,99",
" 811/4","5 nov 2025 12:32:21","63936","18,952","0,728","5,766","9,39","698","15,00",
" 811/5","5 nov 2025 12:32:40","63944","18,958","0,730","5,880","9,57","691","15,00",
" 812/1","5 nov 2025 12:34:34","63992","18,970","0,730","5,696","9,40","699","15,00",
" 812/2","5 nov 2025 12:34:53","64000","18,970","0,732","5,834","9,32","693","14,99",
" 812/3","5 nov 2025 12:35:12","64008","18,954","0,722","5,900","9,55","699","15,00",
" 812/4","5 nov 2025 12:35:31","64016","18,972","0,730","5,746","8,85","698","15,00",
" 812/5","5 nov 2025 12:35:50","64024","18,976","0,730","5,806","9,68","694","15,00",
" 813/1","5 nov 2025 12:37:44","64072","18,970","0,730","5,776","9,47","693","15,00",
" 813/2","5 nov 2025 12:38:03","64080","18,980","0,730","5,806","9,40","696","14,99",
" 813/3","5 nov 2025 12:38:22","64088","18,972","0,730","5,736","9,64","695","14,99",
" 813/4","5 nov 2025 12:38:41","64096","18,978","0,730","5,802","9,54","697","15,00",
" 813/5","5 nov 2025 12:39:00","64104","18,970","0,732","5,784","9,54","699","15,00",
" 814/1","5 nov 2025 12:40:53","64152","18,964","0,734","5,796","9,52","690","15,00",
" 814/2","5 nov 2025 12:41:12","64160","18,960","0,730","5,766","9,42","697","15,00",
" 814/3","5 nov 2025 12:41:31","64168","18,968","0,730","5,742","9,55","697","15,00",
" 814/4","5 nov 2025 12:41:50","64176","18,982","0,730","5,742","9,33","699","15,00",
" 814/5","5 nov 2025 12:42:09","64184","18,974","0,730","5,812","9,49","698","15,00",
" 815/1","5 nov 2025 12:44:03","64232","18,974","0,728","5,824","9,62","699","15,00",
" 815/2","5 nov 2025 12:44:22","64240","18,972","0,732","5,788","9,53","701","15,00",
" 815/3","5 nov 2025 12:44:41","64248","18,974","0,728","5,772","9,24","697","15,00",
" 815/4","5 nov 2025 12:45:00","64256","18,964","0,730","5,828","9,53","699","15,00",
" 815/5","5 nov 2025 12:45:19","64264","18,954","0,730","5,782","9,36","698","15,00",
" 816/1","5 nov 2025 12:47:13","64312","18,992","0,730","5,736","9,57","698","15,00",
" 816/2","5 nov 2025 12:47:32","64320","18,974","0,730","5,740","9,59","696","15,00",
" 816/3","5 nov 2025 12:47:51","64328","18,972","0,730","5,810","9,25","696","15,00",
" 816/4","5 nov 2025 12:48:10","64336","18,980","0,730","5,762","9,57","706","15,00",
" 816/5","5 nov 2025 12:48:29","64344","18,982","0,732","5,744","9,42","697","15,00",
" 817/1","5 nov 2025 12:50:23","64392","18,976","0,732","5,740","9,50","698","15,00",
" 817/2","5 nov 2025 12:50:42","64400","18,970","0,730","5,746","9,54","695","14,99",
" 817/3","5 nov 2025 12:51:01","64408","18,950","0,730","5,726","9,55","700","15,00",
" 817/4","5 nov 2025 12:51:20","64416","18,970","0,730","5,730","9,46","689","15,00",
" 817/5","5 nov 2025 12:51:39","64424","18,976","0,734","5,796","10,02","710","15,00",
" 818/1","5 nov 2025 12:53:32","64472","18,972","0,734","5,762","9,64","697","15,00",
" 818/2","5 nov 2025 12:53:51","64480","18,960","0,732","5,810","9,51","692","15,00",
" 818/3","5 nov 2025 12:54:10","64488","18,968","0,730","5,704","9,60","699","15,00",
" 818/4","5 nov 2025 12:54:29","64496","18,980","0,730","5,770","9,76","701","15,00",
" 818/5","5 nov 2025 12:54:48","64504","18,974","0,730","5,772","9,44","686","14,99",
" 819/1","5 nov 2025 12:56:42","64552","18,970","0,730","5,744","9,30","696","15,00",
" 819/2","5 nov 2025 12:57:01","64560","18,954","0,730","5,848","9,62","695","15,00",
" 819/3","5 nov 2025 12:57:20","64568","18,968","0,730","5,760","8,88","689","15,00",
" 819/4","5 nov 2025 12:57:39","64576","18,976","0,732","5,734","9,71","701","15,00",
" 819/5","5 nov 2025 12:57:58","64584","18,970","0,732","5,750","9,51","691","14,99",
" 820/1","5 nov 2025 12:59:52","64632","18,958","0,728","5,844","9,58","696","15,00",
" 820/2","5 nov 2025 13:00:11","64640","18,978","0,732","5,704","9,66","697","15,00",
" 820/3","5 nov 2025 13:00:30","64648","18,966","0,730","5,756","9,49","701","15,00",
" 820/4","5 nov 2025 13:00:49","64656","18,984","0,732","5,770","9,58","700","15,00",
" 820/5","5 nov 2025 13:01:08","64664","18,972","0,730","5,802","9,64","694","15,00",
" 821/1","5 nov 2025 13:03:02","64712","18,970","0,732","5,820","9,49","701","15,00",
" 821/2","5 nov 2025 13:03:21","64720","18,962","0,730","5,700","9,70","703","15,00",
" 821/3","5 nov 2025 13:03:40","64728","18,970","0,732","5,734","9,71","698","15,00",
" 821/4","5 nov 2025 13:03:59","64736","18,964","0,730","5,730","9,55","701","15,00",
" 821/5","5 nov 2025 13:04:17","64744","18,960","0,730","5,804","10,05","695","15,00",
" 822/1","5 nov 2025 13:06:11","64792","18,966","0,736","5,798","10,03","716","15,00",
" 822/2","5 nov 2025 13:06:30","64800","18,988","0,732","5,754","9,56","697","14,99",
" 822/3","5 nov 2025 13:06:49","64808","18,970","0,730","5,782","9,96","703","15,00",
" 822/4","5 nov 2025 13:07:08","64816","18,966","0,732","5,760","9,89","705","15,00",
" 822/5","5 nov 2025 13:07:27","64824","18,980","0,732","5,760","9,71","703","15,00",
" 823/1","5 nov 2025 13:09:21","64872","18,968","0,732","5,766","10,11","705","15,00",
" 823/2","5 nov 2025 13:09:40","64880","18,968","0,732","5,726","10,03","707","15,00",
" 823/3","5 nov 2025 13:09:59","64888","18,966","0,732","5,722","9,96","701","15,00",
" 823/4","5 nov 2025 13:10:18","64896","18,980","0,732","5,686","10,03","710","15,00",
" 823/5","5 nov 2025 13:10:37","64904","18,980","0,732","5,692","9,93","707","15,00",
" 824/1","5 nov 2025 13:12:31","64952","18,970","0,732","5,706","9,99","705","15,00",
" 824/2","5 nov 2025 13:12:50","64960","18,972","0,732","5,694","9,74","705","15,00",
" 824/3","5 nov 2025 13:13:09","64968","18,958","0,734","5,710","10,05","699","15,00",
" 824/4","5 nov 2025 13:13:28","64976","18,964","0,730","5,708","9,97","695","15,00",
" 824/5","5 nov 2025 13:13:47","64984","18,964","0,732","5,678","9,82","707","15,00",
" 825/1","5 nov 2025 13:15:40","65032","18,984","0,734","5,770","9,93","698","15,00",
" 825/2","5 nov 2025 13:15:59","65040","18,976","0,730","5,732","10,06","708","14,99",
" 825/3","5 nov 2025 13:16:18","65048","18,970","0,732","5,662","10,05","705","14,99",
" 825/4","5 nov 2025 13:16:37","65056","18,968","0,732","5,756","9,81","705","14,99",
" 825/5","5 nov 2025 13:16:56","65064","18,982","0,732","5,748","10,04","706","15,00",
" 826/1","5 nov 2025 13:18:50","65112","18,968","0,732","5,706","9,88","709","15,00",
" 826/2","5 nov 2025 13:19:09","65120","18,958","0,730","5,806","9,75","705","15,00",
" 826/3","5 nov 2025 13:19:28","65128","18,962","0,732","5,804","9,97","702","15,00",
" 826/4","5 nov 2025 13:19:47","65136","18,966","0,734","5,700","9,94","704","15,00",
" 826/5","5 nov 2025 13:20:06","65144","18,968","0,734","5,720","9,79","697","15,00",
" 827/1","5 nov 2025 13:22:00","65192","18,972","0,734","5,794","9,91","702","14,99",
" 827/2","5 nov 2025 13:22:19","65200","18,978","0,732","5,698","9,97","709","15,00",
" 827/3","5 nov 2025 13:22:38","65208","18,976","0,732","5,690","9,88","703","15,00",
" 827/4","5 nov 2025 13:22:57","65216","18,980","0,732","5,694","7,64","696","15,00",
" 827/5","5 nov 2025 13:23:16","65224","18,972","0,734","6,114","9,47","703","15,00",
" 828/1","5 nov 2025 13:25:10","65272","18,980","0,734","5,680","9,82","696","14,99",
" 828/2","5 nov 2025 13:25:29","65280","18,956","0,732","5,708","9,43","695","14,99",
" 828/3","5 nov 2025 13:25:48","65288","18,978","0,734","5,734","9,88","702","15,00",
" 828/4","5 nov 2025 13:26:07","65296","18,962","0,732","5,732","9,73","703","15,00",
" 828/5","5 nov 2025 13:26:26","65304","18,972","0,730","5,790","9,54","700","15,00",
" 829/1","5 nov 2025 13:28:19","65352","18,976","0,732","5,828","9,96","706","15,00",
" 829/2","5 nov 2025 13:28:38","65360","18,974","0,734","5,756","9,83","697","15,00",
" 829/3","5 nov 2025 13:28:57","65368","18,982","0,732","5,650","9,91","707","14,99",
" 829/4","5 nov 2025 13:29:16","65376","18,974","0,732","5,748","9,88","704","15,00",
" 829/5","5 nov 2025 13:29:35","65384","18,968","0,730","5,730","9,64","706","14,99",
" 830/1","5 nov 2025 13:31:29","65432","18,976","0,732","5,720","9,80","702","15,00",
" 830/2","5 nov 2025 13:31:48","65440","18,968","0,730","5,698","9,92","705","15,00",
" 830/3","5 nov 2025 13:32:07","65448","18,972","0,732","5,720","9,97","700","15,00",
" 830/4","5 nov 2025 13:32:26","65456","18,968","0,732","5,688","9,75","702","14,99",
" 830/5","5 nov 2025 13:32:45","65464","18,978","0,732","5,744","9,77","704","15,00",
" 831/1","5 nov 2025 13:34:39","65512","18,974","0,732","5,706","9,82","702","15,00",
" 831/2","5 nov 2025 13:34:58","65520","18,970","0,732","5,762","9,96","699","14,99",
" 831/3","5 nov 2025 13:35:17","65528","18,976","0,732","5,738","9,83","695","15,00",
" 831/4","5 nov 2025 13:35:36","65536","18,974","0,734","5,690","9,92","705","14,99",
" 831/5","5 nov 2025 13:35:55","65544","18,966","0,732","5,682","9,95","707","15,00",
