"Valores reales","M嫭uina","INY14",,"Pedido","F194398",,"Programa","22199"

"  ","t4012 [s]","t4018 [s]","t4015 [s]","V4062 [cm設","p4072 [bar]","V4065 [cm設"
"Valor nominal","16,82","0,73","1,68","9,75","1.369","10",
"Tolerancia inferior","14,82","0,63","0,18","8,75","1.219","9,5",
"Tolerancia superior","18,82","0,83","3,18","10,75","1.519","10,5",
"M璯imo","16,14","0,72","1,65","9,66","1.125","9,99",
"M嫞imo","16,96","0,74","1,93","9,84","1.486","10",
"xqq","16,819","0,73","1,733","9,756","1.379,3","9,999",
"Rq","0,036","0","0,015","0,021","27,6","0,001",
"sq","0,015","0","0,007","0,009","11,3","0",
"Sigma","0,016","0","0,007","0,01","12","0",
"Cp","42,378","430,19","71,681","34,957","4,2","399,532",
"Cps","42,406","430,105","69,151","34,836","3,9","399,682",
"Cpi","42,35","430,275","74,211","35,079","4,4","399,382",
"Cpd","42,35","430,105","69,151","34,836","3,9","399,382",
"LISx","16,84","0,73","1,742","9,77","1.395","10",
"LIIx","16,798","0,73","1,724","9,74","1.363","10",
"LISs","0,031","0","0,014","0,02","24","0",
"LIIs","0","0","0","0","0","0",
"n","2.525","2.525","2.525","2.525","2.525","2.525",


"Muestra aleatoria","Momento","Cantidad piezas","t4012 [s]","t4018 [s]","t4015 [s]","V4062 [cm設","p4072 [bar]","V4065 [cm設"
" 1/1","25 oct 2025 2:33:08","928","16,810","0,730","1,670","9,77","1370","10,00",
" 1/2","25 oct 2025 2:33:24","936","16,850","0,730","1,680","9,73","1367","10,00",
" 1/3","25 oct 2025 2:33:42","944","16,830","0,730","1,670","9,76","1386","10,00",
" 1/4","25 oct 2025 2:33:59","952","16,800","0,730","1,670","9,75","1371","10,00",
" 1/5","25 oct 2025 2:34:15","960","16,840","0,730","1,680","9,75","1362","10,00",
" 2/1","25 oct 2025 2:35:57","1008","16,830","0,730","1,680","9,74","1364","10,00",
" 2/2","25 oct 2025 2:36:14","1016","16,840","0,730","1,680","9,74","1376","9,99",
" 2/3","25 oct 2025 2:36:31","1024","16,830","0,730","1,680","9,74","1384","10,00",
" 2/4","25 oct 2025 2:36:48","1032","16,830","0,730","1,690","9,75","1371","10,00",
" 2/5","25 oct 2025 2:37:05","1040","16,820","0,730","1,680","9,75","1376","10,00",
" 3/1","25 oct 2025 2:38:47","1088","16,820","0,730","1,670","9,75","1390","10,00",
" 3/2","25 oct 2025 2:39:04","1096","16,800","0,730","1,680","9,75","1368","10,00",
" 3/3","25 oct 2025 2:39:21","1104","16,820","0,730","1,680","9,75","1375","10,00",
" 3/4","25 oct 2025 2:39:38","1112","16,840","0,730","1,670","9,75","1384","9,99",
" 3/5","25 oct 2025 2:39:55","1120","16,810","0,730","1,670","9,74","1384","9,99",
" 4/1","25 oct 2025 2:41:36","1168","16,830","0,730","1,680","9,76","1392","9,99",
" 4/2","25 oct 2025 2:41:53","1176","16,840","0,730","1,680","9,74","1382","10,00",
" 4/3","25 oct 2025 2:42:02","1184","16,840","0,730","1,680","9,74","1382","10,00",
" 4/4","25 oct 2025 2:42:19","1192","16,830","0,730","1,670","9,75","1389","10,00",
" 4/5","25 oct 2025 2:42:36","1200","16,830","0,730","1,680","9,74","1373","10,00",
" 5/1","25 oct 2025 2:44:17","1248","16,820","0,730","1,680","9,74","1381","10,00",
" 5/2","25 oct 2025 2:44:34","1256","16,830","0,730","1,680","9,75","1360","10,00",
" 5/3","25 oct 2025 2:44:51","1264","16,810","0,730","1,680","9,74","1375","10,00",
" 5/4","25 oct 2025 2:45:08","1272","16,820","0,730","1,680","9,74","1395","10,00",
" 5/5","25 oct 2025 2:45:25","1280","16,860","0,730","1,670","9,75","1400","10,00",
" 6/1","25 oct 2025 2:47:07","1328","16,810","0,730","1,670","9,75","1386","10,00",
" 6/2","25 oct 2025 2:47:24","1336","16,830","0,730","1,690","9,74","1356","10,00",
" 6/3","25 oct 2025 2:47:41","1344","16,810","0,730","1,670","9,74","1379","10,00",
" 6/4","25 oct 2025 2:47:58","1352","16,810","0,730","1,680","9,74","1368","10,00",
" 6/5","25 oct 2025 2:48:15","1360","16,810","0,730","1,670","9,75","1392","10,00",
" 7/1","25 oct 2025 2:49:57","1408","16,830","0,730","1,670","9,75","1389","9,99",
" 7/2","25 oct 2025 2:50:13","1416","16,820","0,730","1,670","9,75","1390","10,00",
" 7/3","25 oct 2025 2:50:30","1424","16,830","0,730","1,680","9,74","1379","10,00",
" 7/4","25 oct 2025 2:50:47","1432","16,790","0,730","1,670","9,75","1403","10,00",
" 7/5","25 oct 2025 2:51:04","1440","16,820","0,730","1,670","9,75","1387","10,00",
" 8/1","25 oct 2025 2:52:46","1488","16,830","0,730","1,680","9,75","1392","10,00",
" 8/2","25 oct 2025 2:53:02","1496","16,830","0,730","1,670","9,75","1414","10,00",
" 8/3","25 oct 2025 2:53:19","1504","16,820","0,730","1,680","9,75","1409","10,00",
" 8/4","25 oct 2025 2:53:36","1512","16,840","0,730","1,680","9,75","1418","10,00",
" 8/5","25 oct 2025 2:53:53","1520","16,830","0,730","1,680","9,75","1401","10,00",
" 9/1","25 oct 2025 2:55:35","1568","16,820","0,730","1,680","9,71","1381","10,00",
" 9/2","25 oct 2025 2:55:52","1576","16,800","0,730","1,680","9,76","1409","10,00",
" 9/3","25 oct 2025 2:56:09","1584","16,830","0,730","1,670","9,77","1407","10,00",
" 9/4","25 oct 2025 2:56:26","1592","16,820","0,730","1,690","9,75","1387","10,00",
" 9/5","25 oct 2025 2:56:43","1600","16,790","0,730","1,680","9,74","1403","10,00",
" 10/1","25 oct 2025 2:58:25","1648","16,830","0,730","1,690","9,75","1378","10,00",
" 10/2","25 oct 2025 2:58:42","1656","16,810","0,730","1,680","9,75","1382","10,00",
" 10/3","25 oct 2025 2:58:59","1664","16,820","0,730","1,680","9,75","1386","10,00",
" 10/4","25 oct 2025 2:59:16","1672","16,810","0,730","1,680","9,75","1393","10,00",
" 10/5","25 oct 2025 2:59:33","1680","16,840","0,730","1,680","9,75","1406","10,00",
" 11/1","25 oct 2025 3:01:15","1728","16,810","0,730","1,680","9,75","1389","9,99",
" 11/2","25 oct 2025 3:01:31","1736","16,790","0,730","1,690","9,74","1393","10,00",
" 11/3","25 oct 2025 3:01:40","1744","16,790","0,730","1,690","9,74","1393","10,00",
" 11/4","25 oct 2025 3:01:57","1752","16,820","0,730","1,680","9,75","1407","10,00",
" 11/5","25 oct 2025 3:02:14","1760","16,840","0,730","1,680","9,76","1412","10,00",
" 12/1","25 oct 2025 3:03:56","1808","16,800","0,730","1,680","9,77","1411","10,00",
" 12/2","25 oct 2025 3:04:13","1816","16,810","0,730","1,670","9,76","1418","10,00",
" 12/3","25 oct 2025 3:04:30","1824","16,820","0,730","1,690","9,75","1389","10,00",
" 12/4","25 oct 2025 3:04:47","1832","16,790","0,730","1,690","9,75","1403","10,00",
" 12/5","25 oct 2025 3:05:03","1840","16,820","0,730","1,690","9,76","1417","10,00",
" 13/1","25 oct 2025 3:06:45","1888","16,810","0,730","1,680","9,75","1392","10,00",
" 13/2","25 oct 2025 3:07:02","1896","16,810","0,730","1,690","9,74","1382","10,00",
" 13/3","25 oct 2025 3:07:19","1904","16,820","0,730","1,680","9,76","1409","10,00",
" 13/4","25 oct 2025 3:07:36","1912","16,820","0,730","1,680","9,77","1411","10,00",
" 13/5","25 oct 2025 3:07:53","1920","16,820","0,730","1,690","9,76","1412","10,00",
" 14/1","25 oct 2025 3:09:35","1968","16,830","0,730","1,680","9,76","1418","10,00",
" 14/2","25 oct 2025 3:09:52","1976","16,840","0,730","1,680","9,77","1398","10,00",
" 14/3","25 oct 2025 3:10:09","1984","16,850","0,730","1,690","9,75","1396","10,00",
" 14/4","25 oct 2025 3:10:26","1992","16,820","0,730","1,690","9,76","1411","10,00",
" 14/5","25 oct 2025 3:10:43","2000","16,860","0,730","1,690","9,76","1384","10,00",
" 15/1","25 oct 2025 3:12:24","2048","16,840","0,730","1,690","9,75","1393","10,00",
" 15/2","25 oct 2025 3:12:41","2056","16,820","0,730","1,680","9,84","1415","10,00",
" 15/3","25 oct 2025 3:12:58","2064","16,810","0,730","1,680","9,76","1403","10,00",
" 15/4","25 oct 2025 3:13:15","2072","16,820","0,730","1,690","9,76","1395","10,00",
" 15/5","25 oct 2025 3:13:32","2080","16,810","0,730","1,690","9,75","1395","10,00",
" 16/1","25 oct 2025 3:15:14","2128","16,830","0,730","1,700","9,74","1386","10,00",
" 16/2","25 oct 2025 3:15:31","2136","16,840","0,730","1,680","9,76","1412","10,00",
" 16/3","25 oct 2025 3:15:48","2144","16,850","0,730","1,690","9,74","1389","10,00",
" 16/4","25 oct 2025 3:16:05","2152","16,800","0,730","1,690","9,78","1400","10,00",
" 16/5","25 oct 2025 3:16:22","2160","16,830","0,730","1,680","9,76","1414","10,00",
" 17/1","25 oct 2025 3:18:03","2208","16,810","0,730","1,680","9,77","1404","10,00",
" 17/2","25 oct 2025 3:18:20","2216","16,810","0,730","1,680","9,76","1415","10,00",
" 17/3","25 oct 2025 3:18:37","2224","16,820","0,730","1,670","9,77","1422","10,00",
" 17/4","25 oct 2025 3:18:54","2232","16,810","0,730","1,680","9,75","1400","10,00",
" 17/5","25 oct 2025 3:19:11","2240","16,800","0,730","1,680","9,76","1393","10,00",
" 18/1","25 oct 2025 3:20:52","2288","16,800","0,730","1,690","9,75","1404","10,00",
" 18/2","25 oct 2025 3:21:09","2296","16,810","0,730","1,680","9,77","1422","10,00",
" 18/3","25 oct 2025 3:21:26","2304","16,790","0,730","1,690","9,76","1392","10,00",
" 18/4","25 oct 2025 3:21:43","2312","16,830","0,730","1,680","9,77","1404","10,00",
" 18/5","25 oct 2025 3:22:00","2320","16,830","0,730","1,690","9,74","1368","10,00",
" 19/1","25 oct 2025 3:23:33","2368","16,800","0,730","1,680","9,77","1429","10,00",
" 19/2","25 oct 2025 3:23:50","2376","16,820","0,730","1,690","9,74","1404","10,00",
" 19/3","25 oct 2025 3:24:07","2384","16,800","0,730","1,680","9,76","1406","9,99",
" 19/4","25 oct 2025 3:24:24","2392","16,810","0,730","1,700","9,75","1384","9,99",
" 19/5","25 oct 2025 3:24:41","2400","16,820","0,730","1,680","9,75","1403","10,00",
" 20/1","25 oct 2025 3:26:22","2448","16,810","0,730","1,690","9,74","1362","9,99",
" 20/2","25 oct 2025 3:26:39","2456","16,800","0,730","1,700","9,75","1367","9,99",
" 20/3","25 oct 2025 3:26:56","2464","16,840","0,730","1,690","9,74","1393","10,00",
" 20/4","25 oct 2025 3:27:13","2472","16,810","0,730","1,680","9,75","1398","10,00",
" 20/5","25 oct 2025 3:27:30","2480","16,830","0,730","1,700","9,74","1362","10,00",
" 21/1","25 oct 2025 3:29:12","2528","16,820","0,730","1,680","9,76","1393","10,00",
" 21/2","25 oct 2025 3:29:29","2536","16,830","0,730","1,690","9,75","1373","10,00",
" 21/3","25 oct 2025 3:29:46","2544","16,820","0,730","1,690","9,75","1393","10,00",
" 21/4","25 oct 2025 3:30:03","2552","16,810","0,730","1,690","9,74","1386","9,99",
" 21/5","25 oct 2025 3:30:20","2560","16,810","0,730","1,700","9,75","1376","9,99",
" 22/1","25 oct 2025 3:32:01","2608","16,810","0,730","1,690","9,75","1401","10,00",
" 22/2","25 oct 2025 3:32:18","2616","16,810","0,730","1,700","9,77","1401","10,00",
" 22/3","25 oct 2025 3:32:35","2624","16,850","0,730","1,690","9,77","1411","10,00",
" 22/4","25 oct 2025 3:32:52","2632","16,820","0,730","1,700","9,76","1401","10,00",
" 22/5","25 oct 2025 3:33:09","2640","16,830","0,730","1,700","9,76","1414","9,99",
" 23/1","25 oct 2025 3:34:51","2688","16,830","0,730","1,690","9,76","1423","10,00",
" 23/2","25 oct 2025 3:35:08","2696","16,810","0,730","1,690","9,78","1426","10,00",
" 23/3","25 oct 2025 3:35:25","2704","16,830","0,730","1,690","9,76","1407","10,00",
" 23/4","25 oct 2025 3:35:42","2712","16,820","0,730","1,680","9,77","1406","10,00",
" 23/5","25 oct 2025 3:35:59","2720","16,810","0,730","1,690","9,74","1393","10,00",
" 24/1","25 oct 2025 3:37:41","2768","16,820","0,730","1,680","9,74","1393","10,00",
" 24/2","25 oct 2025 3:37:58","2776","16,810","0,730","1,690","9,75","1395","10,00",
" 24/3","25 oct 2025 3:38:15","2784","16,830","0,730","1,680","9,77","1420","10,00",
" 24/4","25 oct 2025 3:38:32","2792","16,810","0,730","1,690","9,76","1422","10,00",
" 24/5","25 oct 2025 3:38:48","2800","16,840","0,730","1,690","9,75","1406","10,00",
" 25/1","25 oct 2025 3:40:30","2848","16,810","0,730","1,680","9,77","1414","10,00",
" 25/2","25 oct 2025 3:40:47","2856","16,830","0,730","1,700","9,75","1396","10,00",
" 25/3","25 oct 2025 3:41:04","2864","16,830","0,730","1,690","9,76","1401","10,00",
" 25/4","25 oct 2025 3:41:21","2872","16,830","0,730","1,700","9,75","1395","10,00",
" 25/5","25 oct 2025 3:41:38","2880","16,840","0,730","1,700","9,75","1395","10,00",
" 26/1","25 oct 2025 3:43:11","2928","16,820","0,730","1,690","9,75","1406","10,00",
" 26/2","25 oct 2025 3:43:28","2936","16,820","0,730","1,690","9,76","1412","10,00",
" 26/3","25 oct 2025 3:43:45","2944","16,800","0,730","1,700","9,76","1412","9,99",
" 26/4","25 oct 2025 3:44:02","2952","16,830","0,730","1,690","9,77","1423","10,00",
" 26/5","25 oct 2025 3:44:19","2960","16,820","0,730","1,700","9,75","1403","10,00",
" 27/1","25 oct 2025 3:46:00","3008","16,820","0,730","1,690","9,76","1415","10,00",
" 27/2","25 oct 2025 3:46:17","3016","16,780","0,730","1,700","9,75","1382","10,00",
" 27/3","25 oct 2025 3:46:34","3024","16,810","0,730","1,700","9,76","1412","10,00",
" 27/4","25 oct 2025 3:46:51","3032","16,800","0,730","1,700","9,75","1387","10,00",
" 27/5","25 oct 2025 3:47:08","3040","16,810","0,730","1,690","9,78","1401","10,00",
" 28/1","25 oct 2025 3:48:49","3088","16,830","0,730","1,690","9,77","1389","10,00",
" 28/2","25 oct 2025 3:49:06","3096","16,810","0,730","1,700","9,75","1378","9,99",
" 28/3","25 oct 2025 3:49:23","3104","16,790","0,730","1,690","9,76","1406","10,00",
" 28/4","25 oct 2025 3:49:40","3112","16,800","0,730","1,690","9,78","1396","10,00",
" 28/5","25 oct 2025 3:49:57","3120","16,810","0,730","1,690","9,74","1375","10,00",
" 29/1","25 oct 2025 3:51:38","3168","16,800","0,730","1,690","9,75","1376","10,00",
" 29/2","25 oct 2025 3:51:55","3176","16,810","0,730","1,690","9,77","1389","10,00",
" 29/3","25 oct 2025 3:52:12","3184","16,800","0,730","1,690","9,76","1378","10,00",
" 29/4","25 oct 2025 3:52:29","3192","16,820","0,730","1,700","9,76","1379","10,00",
" 29/5","25 oct 2025 3:52:46","3200","16,790","0,730","1,700","9,75","1389","10,00",
" 30/1","25 oct 2025 3:54:27","3248","16,790","0,730","1,690","9,74","1392","10,00",
" 30/2","25 oct 2025 3:54:44","3256","16,790","0,730","1,690","9,76","1395","10,00",
" 30/3","25 oct 2025 3:55:01","3264","16,800","0,730","1,700","9,75","1393","10,00",
" 30/4","25 oct 2025 3:55:18","3272","16,830","0,730","1,700","9,76","1414","10,00",
" 30/5","25 oct 2025 3:55:35","3280","16,790","0,730","1,690","9,77","1412","10,00",
" 31/1","25 oct 2025 3:57:16","3328","16,790","0,730","1,700","9,77","1401","10,00",
" 31/2","25 oct 2025 3:57:33","3336","16,820","0,730","1,700","9,74","1386","9,99",
" 31/3","25 oct 2025 3:57:50","3344","16,830","0,730","1,700","9,75","1400","10,00",
" 31/4","25 oct 2025 3:58:07","3352","16,800","0,730","1,700","9,75","1396","10,00",
" 31/5","25 oct 2025 3:58:24","3360","16,820","0,730","1,690","9,77","1411","10,00",
" 32/1","25 oct 2025 4:00:05","3408","16,790","0,730","1,690","9,76","1423","10,00",
" 32/2","25 oct 2025 4:00:22","3416","16,790","0,730","1,700","9,75","1392","10,00",
" 32/3","25 oct 2025 4:00:39","3424","16,770","0,730","1,700","9,75","1393","10,00",
" 32/4","25 oct 2025 4:00:56","3432","16,830","0,730","1,700","9,75","1392","10,00",
" 32/5","25 oct 2025 4:01:13","3440","16,810","0,730","1,700","9,76","1393","10,00",
" 33/1","25 oct 2025 4:05:02","3520","16,140","0,730","1,650","9,78","1486","10,00",
" 33/2","25 oct 2025 4:05:27","3528","16,810","0,730","1,690","9,74","1406","10,00",
" 33/3","25 oct 2025 4:05:36","3536","16,810","0,730","1,690","9,74","1406","10,00",
" 33/4","25 oct 2025 4:05:53","3544","16,800","0,730","1,690","9,75","1400","10,00",
" 33/5","25 oct 2025 4:06:10","3552","16,830","0,730","1,680","9,77","1417","10,00",
" 34/1","25 oct 2025 4:07:51","3600","16,810","0,730","1,700","9,75","1403","10,00",
" 34/2","25 oct 2025 4:08:08","3608","16,820","0,730","1,700","9,75","1387","10,00",
" 34/3","25 oct 2025 4:08:25","3616","16,860","0,730","1,710","9,76","1393","10,00",
" 34/4","25 oct 2025 4:08:42","3624","16,800","0,730","1,710","9,76","1403","10,00",
" 34/5","25 oct 2025 4:08:59","3632","16,820","0,730","1,700","9,77","1409","10,00",
" 35/1","25 oct 2025 4:10:40","3680","16,790","0,730","1,700","9,77","1404","10,00",
" 35/2","25 oct 2025 4:10:57","3688","16,810","0,730","1,700","9,76","1400","10,00",
" 35/3","25 oct 2025 4:11:14","3696","16,820","0,730","1,710","9,75","1389","10,00",
" 35/4","25 oct 2025 4:11:31","3704","16,820","0,730","1,700","9,76","1420","10,00",
" 35/5","25 oct 2025 4:11:48","3712","16,820","0,730","1,710","9,75","1396","10,00",
" 36/1","25 oct 2025 4:13:29","3760","16,800","0,730","1,690","9,77","1417","10,00",
" 36/2","25 oct 2025 4:13:46","3768","16,800","0,730","1,700","9,76","1412","10,00",
" 36/3","25 oct 2025 4:14:03","3776","16,810","0,730","1,700","9,77","1395","10,00",
" 36/4","25 oct 2025 4:14:20","3784","16,820","0,730","1,700","9,76","1407","10,00",
" 36/5","25 oct 2025 4:14:37","3792","16,830","0,730","1,710","9,77","1401","10,00",
" 37/1","25 oct 2025 4:16:19","3840","16,830","0,730","1,700","9,74","1379","10,00",
" 37/2","25 oct 2025 4:16:35","3848","16,780","0,730","1,700","9,76","1396","10,00",
" 37/3","25 oct 2025 4:16:52","3856","16,800","0,730","1,700","9,77","1420","10,00",
" 37/4","25 oct 2025 4:17:09","3864","16,810","0,730","1,700","9,76","1395","10,00",
" 37/5","25 oct 2025 4:17:26","3872","16,790","0,730","1,700","9,74","1379","10,00",
" 38/1","25 oct 2025 4:19:07","3920","16,830","0,730","1,700","9,75","1379","10,00",
" 38/2","25 oct 2025 4:19:24","3928","16,790","0,730","1,710","9,74","1378","10,00",
" 38/3","25 oct 2025 4:19:41","3936","16,790","0,730","1,700","9,75","1384","10,00",
" 38/4","25 oct 2025 4:19:58","3944","16,820","0,730","1,710","9,77","1396","10,00",
" 38/5","25 oct 2025 4:20:15","3952","16,830","0,730","1,710","9,76","1398","10,00",
" 39/1","25 oct 2025 4:21:56","4000","16,820","0,730","1,700","9,76","1403","10,00",
" 39/2","25 oct 2025 4:22:13","4008","16,820","0,730","1,710","9,75","1389","10,00",
" 39/3","25 oct 2025 4:22:30","4016","16,780","0,730","1,700","9,77","1406","10,00",
" 39/4","25 oct 2025 4:22:47","4024","16,840","0,730","1,710","9,76","1404","10,00",
" 39/5","25 oct 2025 4:23:04","4032","16,800","0,730","1,710","9,77","1400","10,00",
" 40/1","25 oct 2025 4:24:45","4080","16,780","0,730","1,710","9,74","1378","10,00",
" 40/2","25 oct 2025 4:25:02","4088","16,780","0,730","1,700","9,76","1414","10,00",
" 40/3","25 oct 2025 4:25:19","4096","16,800","0,730","1,720","9,75","1367","10,00",
" 40/4","25 oct 2025 4:25:36","4104","16,820","0,730","1,720","9,75","1384","10,00",
" 40/5","25 oct 2025 4:25:53","4112","16,790","0,730","1,710","9,77","1414","10,00",
" 41/1","25 oct 2025 4:27:34","4160","16,830","0,730","1,710","9,76","1417","10,00",
" 41/2","25 oct 2025 4:27:51","4168","16,820","0,730","1,710","9,77","1420","10,00",
" 41/3","25 oct 2025 4:28:08","4176","16,810","0,730","1,710","9,76","1393","10,00",
" 41/4","25 oct 2025 4:28:25","4184","16,840","0,730","1,700","9,75","1415","10,00",
" 41/5","25 oct 2025 4:28:42","4192","16,800","0,730","1,700","9,76","1415","9,99",
" 42/1","25 oct 2025 4:30:24","4240","16,830","0,730","1,720","9,76","1386","10,00",
" 42/2","25 oct 2025 4:30:41","4248","16,820","0,730","1,710","9,76","1411","9,99",
" 42/3","25 oct 2025 4:30:58","4256","16,820","0,730","1,710","9,77","1406","10,00",
" 42/4","25 oct 2025 4:31:15","4264","16,820","0,730","1,720","9,75","1390","10,00",
" 42/5","25 oct 2025 4:31:32","4272","16,830","0,730","1,710","9,76","1409","10,00",
" 43/1","25 oct 2025 4:33:05","4320","16,780","0,730","1,720","9,76","1393","10,00",
" 43/2","25 oct 2025 4:33:22","4328","16,830","0,730","1,720","9,76","1406","10,00",
" 43/3","25 oct 2025 4:33:39","4336","16,820","0,730","1,720","9,74","1379","10,00",
" 43/4","25 oct 2025 4:33:55","4344","16,810","0,730","1,720","9,77","1389","10,00",
" 43/5","25 oct 2025 4:34:12","4352","16,850","0,730","1,710","9,78","1415","10,00",
" 44/1","25 oct 2025 4:35:54","4400","16,810","0,730","1,720","9,75","1392","10,00",
" 44/2","25 oct 2025 4:36:11","4408","16,800","0,730","1,720","9,76","1398","10,00",
" 44/3","25 oct 2025 4:36:28","4416","16,850","0,730","1,710","9,78","1426","10,00",
" 44/4","25 oct 2025 4:36:45","4424","16,810","0,730","1,710","9,76","1400","9,99",
" 44/5","25 oct 2025 4:37:02","4432","16,820","0,730","1,700","9,77","1409","10,00",
" 45/1","25 oct 2025 4:38:44","4480","16,820","0,730","1,710","9,77","1406","10,00",
" 45/2","25 oct 2025 4:39:01","4488","16,820","0,730","1,720","9,75","1386","10,00",
" 45/3","25 oct 2025 4:39:18","4496","16,820","0,730","1,710","9,75","1398","10,00",
" 45/4","25 oct 2025 4:39:35","4504","16,820","0,730","1,710","9,76","1386","10,00",
" 45/5","25 oct 2025 4:39:51","4512","16,810","0,730","1,720","9,76","1403","10,00",
" 46/1","25 oct 2025 4:41:33","4560","16,830","0,730","1,700","9,78","1411","10,00",
" 46/2","25 oct 2025 4:41:50","4568","16,810","0,730","1,700","9,76","1389","10,00",
" 46/3","25 oct 2025 4:42:07","4576","16,780","0,730","1,720","9,74","1381","10,00",
" 46/4","25 oct 2025 4:42:23","4584","16,800","0,730","1,710","9,76","1386","10,00",
" 46/5","25 oct 2025 4:42:40","4592","16,820","0,730","1,720","9,76","1414","10,00",
" 47/1","25 oct 2025 4:44:22","4640","16,820","0,730","1,740","9,75","1365","10,00",
" 47/2","25 oct 2025 4:44:39","4648","16,810","0,730","1,740","9,75","1371","10,00",
" 47/3","25 oct 2025 4:44:56","4656","16,800","0,730","1,740","9,76","1387","10,00",
" 47/4","25 oct 2025 4:45:13","4664","16,830","0,730","1,730","9,76","1395","10,00",
" 47/5","25 oct 2025 4:45:29","4672","16,810","0,730","1,740","9,74","1389","10,00",
" 48/1","25 oct 2025 4:47:11","4720","16,840","0,730","1,780","9,74","1359","10,00",
" 48/2","25 oct 2025 4:47:28","4728","16,820","0,730","1,800","9,75","1346","10,00",
" 48/3","25 oct 2025 4:47:45","4736","16,830","0,730","1,780","9,75","1359","10,00",
" 48/4","25 oct 2025 4:48:02","4744","16,800","0,730","1,780","9,74","1365","10,00",
" 48/5","25 oct 2025 4:48:18","4752","16,810","0,730","1,780","9,74","1345","10,00",
" 49/1","25 oct 2025 4:50:00","4800","16,810","0,730","1,830","9,74","1321","10,00",
" 49/2","25 oct 2025 4:50:17","4808","16,790","0,730","1,820","9,74","1340","10,00",
" 49/3","25 oct 2025 4:50:34","4816","16,810","0,730","1,830","9,74","1337","10,00",
" 49/4","25 oct 2025 4:50:51","4824","16,760","0,730","1,830","9,75","1324","10,00",
" 49/5","25 oct 2025 4:51:07","4832","16,790","0,730","1,800","9,74","1337","10,00",
" 50/1","25 oct 2025 4:52:49","4880","16,790","0,730","1,840","9,74","1334","9,99",
" 50/2","25 oct 2025 4:53:06","4888","16,810","0,730","1,860","9,69","1299","10,00",
" 50/3","25 oct 2025 4:53:22","4896","16,780","0,730","1,840","9,74","1315","10,00",
" 50/4","25 oct 2025 4:53:39","4904","16,830","0,730","1,850","9,74","1332","10,00",
" 50/5","25 oct 2025 4:53:56","4912","16,830","0,730","1,850","9,73","1315","10,00",
" 51/1","25 oct 2025 4:55:38","4960","16,820","0,730","1,840","9,74","1310","10,00",
" 51/2","25 oct 2025 4:55:55","4968","16,820","0,730","1,860","9,74","1313","10,00",
" 51/3","25 oct 2025 4:56:12","4976","16,800","0,730","1,840","9,74","1312","10,00",
" 51/4","25 oct 2025 4:56:28","4984","16,820","0,730","1,860","9,73","1301","10,00",
" 51/5","25 oct 2025 4:56:45","4992","16,800","0,730","1,880","9,70","1277","10,00",
" 52/1","25 oct 2025 4:58:19","5040","16,810","0,730","1,870","9,74","1298","10,00",
" 52/2","25 oct 2025 4:58:36","5048","16,810","0,730","1,860","9,73","1309","10,00",
" 52/3","25 oct 2025 4:58:52","5056","16,840","0,730","1,890","9,70","1285","10,00",
" 52/4","25 oct 2025 4:59:09","5064","16,810","0,730","1,900","9,73","1296","10,00",
" 52/5","25 oct 2025 4:59:26","5072","16,820","0,730","1,870","9,74","1301","10,00",
" 53/1","25 oct 2025 5:01:08","5120","16,810","0,730","1,880","9,73","1295","10,00",
" 53/2","25 oct 2025 5:01:25","5128","16,820","0,730","1,910","9,73","1288","10,00",
" 53/3","25 oct 2025 5:01:42","5136","16,820","0,730","1,900","9,71","1251","10,00",
" 53/4","25 oct 2025 5:01:59","5144","16,820","0,730","1,870","9,73","1277","10,00",
" 53/5","25 oct 2025 5:02:16","5152","16,820","0,730","1,860","9,74","1298","10,00",
" 54/1","25 oct 2025 5:03:57","5200","16,820","0,730","1,860","9,74","1295","10,00",
" 54/2","25 oct 2025 5:04:14","5208","16,820","0,730","1,860","9,74","1298","10,00",
" 54/3","25 oct 2025 5:04:31","5216","16,810","0,730","1,880","9,73","1282","10,00",
" 54/4","25 oct 2025 5:04:48","5224","16,780","0,730","1,890","9,70","1265","10,00",
" 54/5","25 oct 2025 5:05:05","5232","16,780","0,730","1,900","9,71","1266","10,00",
" 55/1","25 oct 2025 5:11:34","5296","16,810","0,730","1,850","9,68","1224","10,00",
" 55/2","25 oct 2025 5:11:51","5304","16,810","0,730","1,860","9,70","1238","10,00",
" 55/3","25 oct 2025 5:12:08","5312","16,830","0,730","1,870","9,71","1266","10,00",
" 55/4","25 oct 2025 5:12:25","5320","16,800","0,730","1,880","9,69","1273","10,00",
" 55/5","25 oct 2025 5:12:42","5328","16,790","0,730","1,880","9,74","1279","10,00",
" 56/1","25 oct 2025 5:14:24","5376","16,840","0,730","1,920","9,73","1268","10,00",
" 56/2","25 oct 2025 5:14:41","5384","16,840","0,730","1,930","9,69","1249","10,00",
" 56/3","25 oct 2025 5:14:58","5392","16,810","0,730","1,930","9,73","1257","10,00",
" 56/4","25 oct 2025 5:15:15","5400","16,820","0,730","1,930","9,71","1249","10,00",
" 56/5","25 oct 2025 5:15:32","5408","16,820","0,730","1,930","9,73","1252","10,00",
" 57/1","25 oct 2025 5:17:05","5456","16,800","0,730","1,840","9,74","1296","10,00",
" 57/2","25 oct 2025 5:17:22","5464","16,820","0,730","1,870","9,73","1287","10,00",
" 57/3","25 oct 2025 5:17:39","5472","16,820","0,730","1,870","9,73","1285","10,00",
" 57/4","25 oct 2025 5:17:56","5480","16,820","0,730","1,840","9,73","1285","10,00",
" 57/5","25 oct 2025 5:18:13","5488","16,830","0,730","1,870","9,71","1276","10,00",
" 58/1","25 oct 2025 5:19:54","5536","16,810","0,730","1,860","9,68","1259","10,00",
" 58/2","25 oct 2025 5:20:11","5544","16,780","0,730","1,850","9,73","1287","10,00",
" 58/3","25 oct 2025 5:20:28","5552","16,810","0,730","1,860","9,73","1277","10,00",
" 58/4","25 oct 2025 5:20:45","5560","16,810","0,730","1,860","9,73","1270","10,00",
" 58/5","25 oct 2025 5:21:02","5568","16,800","0,730","1,840","9,74","1304","10,00",
" 59/1","25 oct 2025 5:22:44","5616","16,820","0,730","1,840","9,71","1285","10,00",
" 59/2","25 oct 2025 5:23:00","5624","16,830","0,730","1,840","9,73","1312","10,00",
" 59/3","25 oct 2025 5:23:18","5632","16,810","0,730","1,840","9,74","1302","10,00",
" 59/4","25 oct 2025 5:23:34","5640","16,840","0,730","1,840","9,69","1279","10,00",
" 59/5","25 oct 2025 5:23:51","5648","16,830","0,730","1,840","9,78","1290","10,00",
" 60/1","25 oct 2025 5:25:33","5696","16,810","0,730","1,880","9,70","1277","10,00",
" 60/2","25 oct 2025 5:25:50","5704","16,820","0,730","1,850","9,73","1291","10,00",
" 60/3","25 oct 2025 5:26:07","5712","16,840","0,730","1,870","9,74","1288","10,00",
" 60/4","25 oct 2025 5:26:24","5720","16,820","0,730","1,820","9,70","1298","10,00",
" 60/5","25 oct 2025 5:26:41","5728","16,810","0,730","1,840","9,71","1285","10,00",
" 61/1","25 oct 2025 5:28:23","5776","16,830","0,730","1,840","9,72","1284","10,00",
" 61/2","25 oct 2025 5:28:40","5784","16,820","0,730","1,830","9,73","1285","10,00",
" 61/3","25 oct 2025 5:28:57","5792","16,810","0,730","1,800","9,73","1301","10,00",
" 61/4","25 oct 2025 5:29:14","5800","16,820","0,730","1,810","9,73","1295","10,00",
" 61/5","25 oct 2025 5:29:31","5808","16,840","0,730","1,800","9,73","1299","10,00",
" 62/1","25 oct 2025 5:31:12","5856","16,840","0,730","1,830","9,73","1295","10,00",
" 62/2","25 oct 2025 5:31:30","5864","16,820","0,730","1,830","9,73","1301","10,00",
" 62/3","25 oct 2025 5:31:47","5872","16,820","0,730","1,830","9,74","1307","10,00",
" 62/4","25 oct 2025 5:32:03","5880","16,810","0,730","1,820","9,73","1313","10,00",
" 62/5","25 oct 2025 5:32:20","5888","16,850","0,730","1,810","9,73","1306","10,00",
" 63/1","25 oct 2025 5:34:02","5936","16,820","0,730","1,850","9,70","1287","9,99",
" 63/2","25 oct 2025 5:34:19","5944","16,810","0,730","1,860","9,70","1268","10,00",
" 63/3","25 oct 2025 5:34:36","5952","16,840","0,730","1,850","9,70","1290","10,00",
" 63/4","25 oct 2025 5:34:53","5960","16,820","0,730","1,830","9,74","1301","10,00",
" 63/5","25 oct 2025 5:35:01","5968","16,820","0,730","1,830","9,74","1301","10,00",
" 64/1","25 oct 2025 5:36:43","6016","16,810","0,730","1,820","9,74","1304","10,00",
" 64/2","25 oct 2025 5:37:00","6024","16,810","0,730","1,810","9,73","1302","10,00",
" 64/3","25 oct 2025 5:37:17","6032","16,820","0,730","1,800","9,74","1324","10,00",
" 64/4","25 oct 2025 5:37:34","6040","16,810","0,730","1,800","9,75","1337","10,00",
" 64/5","25 oct 2025 5:37:51","6048","16,830","0,730","1,810","9,75","1323","10,00",
" 65/1","25 oct 2025 5:39:33","6096","16,850","0,730","1,810","9,73","1304","10,00",
" 65/2","25 oct 2025 5:39:49","6104","16,820","0,730","1,830","9,70","1284","10,00",
" 65/3","25 oct 2025 5:40:07","6112","16,810","0,730","1,820","9,73","1306","10,00",
" 65/4","25 oct 2025 5:40:23","6120","16,810","0,730","1,830","9,71","1296","10,00",
" 65/5","25 oct 2025 5:40:40","6128","16,820","0,730","1,830","9,73","1302","10,00",
" 66/1","25 oct 2025 5:42:22","6176","16,810","0,730","1,850","9,73","1301","10,00",
" 66/2","25 oct 2025 5:42:39","6184","16,820","0,730","1,870","9,73","1321","10,00",
" 66/3","25 oct 2025 5:42:56","6192","16,830","0,730","1,840","9,69","1291","10,00",
" 66/4","25 oct 2025 5:43:13","6200","16,810","0,730","1,830","9,73","1299","10,00",
" 66/5","25 oct 2025 5:43:30","6208","16,840","0,730","1,800","9,73","1323","10,00",
" 67/1","25 oct 2025 5:45:11","6256","16,830","0,730","1,840","9,70","1291","10,00",
" 67/2","25 oct 2025 5:45:28","6264","16,810","0,730","1,840","9,73","1288","10,00",
" 67/3","25 oct 2025 5:45:45","6272","16,840","0,730","1,880","9,70","1296","10,00",
" 67/4","25 oct 2025 5:46:02","6280","16,820","0,730","1,880","9,74","1291","10,00",
" 67/5","25 oct 2025 5:46:19","6288","16,810","0,730","1,840","9,70","1279","10,00",
" 68/1","25 oct 2025 5:48:00","6336","16,810","0,730","1,880","9,74","1291","10,00",
" 68/2","25 oct 2025 5:48:17","6344","16,800","0,730","1,910","9,73","1282","10,00",
" 68/3","25 oct 2025 5:48:34","6352","16,820","0,730","1,910","9,70","1274","10,00",
" 68/4","25 oct 2025 5:48:51","6360","16,840","0,730","1,910","9,69","1279","10,00",
" 68/5","25 oct 2025 5:49:08","6368","16,810","0,730","1,880","9,73","1290","10,00",
" 69/1","25 oct 2025 5:50:50","6416","16,820","0,730","1,880","9,73","1291","10,00",
" 69/2","25 oct 2025 5:51:07","6424","16,840","0,730","1,870","9,73","1315","10,00",
" 69/3","25 oct 2025 5:51:24","6432","16,820","0,730","1,870","9,73","1299","10,00",
" 69/4","25 oct 2025 5:51:41","6440","16,830","0,730","1,870","9,73","1309","10,00",
" 69/5","25 oct 2025 5:51:58","6448","16,850","0,730","1,870","9,74","1295","10,00",
" 70/1","25 oct 2025 5:53:40","6496","16,840","0,730","1,860","9,73","1287","10,00",
" 70/2","25 oct 2025 5:53:57","6504","16,860","0,730","1,860","9,73","1306","10,00",
" 70/3","25 oct 2025 5:54:14","6512","16,840","0,730","1,850","9,73","1295","10,00",
" 70/4","25 oct 2025 5:54:31","6520","16,840","0,730","1,860","9,73","1318","10,00",
" 70/5","25 oct 2025 5:54:39","6528","16,840","0,730","1,860","9,73","1318","10,00",
" 71/1","25 oct 2025 5:56:21","6576","16,810","0,730","1,870","9,73","1317","10,00",
" 71/2","25 oct 2025 5:56:38","6584","16,800","0,730","1,870","9,73","1288","10,00",
" 71/3","25 oct 2025 5:56:55","6592","16,820","0,730","1,860","9,69","1281","10,00",
" 71/4","25 oct 2025 5:57:12","6600","16,840","0,730","1,830","9,70","1295","10,00",
" 71/5","25 oct 2025 5:57:29","6608","16,800","0,730","1,830","9,73","1312","10,00",
" 72/1","25 oct 2025 5:59:11","6656","16,820","0,730","1,820","9,74","1335","10,00",
" 72/2","25 oct 2025 5:59:28","6664","16,830","0,730","1,810","9,69","1298","10,00",
" 72/3","25 oct 2025 5:59:45","6672","16,820","0,730","1,820","9,72","1304","10,00",
" 72/4","25 oct 2025 6:00:02","6680","16,830","0,730","1,820","9,74","1326","10,00",
" 72/5","25 oct 2025 6:00:19","6688","16,840","0,730","1,810","9,73","1313","10,00",
" 73/1","25 oct 2025 6:02:01","6736","16,850","0,730","1,790","9,73","1326","10,00",
" 73/2","25 oct 2025 6:02:18","6744","16,820","0,730","1,770","9,74","1332","10,00",
" 73/3","25 oct 2025 6:02:35","6752","16,850","0,730","1,810","9,73","1313","10,00",
" 73/4","25 oct 2025 6:02:52","6760","16,830","0,730","1,810","9,74","1306","10,00",
" 73/5","25 oct 2025 6:03:08","6768","16,830","0,730","1,820","9,70","1304","10,00",
" 74/1","25 oct 2025 6:04:50","6816","16,820","0,730","1,780","9,74","1340","10,00",
" 74/2","25 oct 2025 6:05:07","6824","16,810","0,730","1,790","9,71","1306","10,00",
" 74/3","25 oct 2025 6:05:24","6832","16,810","0,730","1,790","9,73","1329","10,00",
" 74/4","25 oct 2025 6:05:41","6840","16,830","0,730","1,780","9,74","1332","10,00",
" 74/5","25 oct 2025 6:05:58","6848","16,820","0,730","1,760","9,74","1349","10,00",
" 75/1","25 oct 2025 6:07:40","6896","16,810","0,730","1,780","9,70","1309","10,00",
" 75/2","25 oct 2025 6:07:57","6904","16,840","0,730","1,780","9,72","1324","10,00",
" 75/3","25 oct 2025 6:08:14","6912","16,810","0,730","1,770","9,72","1342","10,00",
" 75/4","25 oct 2025 6:08:31","6920","16,830","0,730","1,780","9,74","1334","10,00",
" 75/5","25 oct 2025 6:08:48","6928","16,810","0,730","1,770","9,73","1356","10,00",
" 76/1","25 oct 2025 6:10:29","6976","16,810","0,730","1,790","9,74","1332","10,00",
" 76/2","25 oct 2025 6:10:46","6984","16,800","0,730","1,790","9,73","1332","10,00",
" 76/3","25 oct 2025 6:11:03","6992","16,840","0,730","1,790","9,75","1349","10,00",
" 76/4","25 oct 2025 6:11:20","7000","16,820","0,730","1,790","9,74","1345","10,00",
" 76/5","25 oct 2025 6:11:37","7008","16,810","0,730","1,780","9,75","1357","10,00",
" 77/1","25 oct 2025 6:13:19","7056","16,830","0,730","1,790","9,74","1335","10,00",
" 77/2","25 oct 2025 6:13:35","7064","16,820","0,730","1,780","9,80","1329","10,00",
" 77/3","25 oct 2025 6:13:52","7072","16,820","0,730","1,790","9,73","1329","10,00",
" 77/4","25 oct 2025 6:14:01","7080","16,820","0,730","1,790","9,73","1329","10,00",
" 77/5","25 oct 2025 6:14:18","7088","16,840","0,730","1,770","9,75","1353","10,00",
" 78/1","25 oct 2025 6:16:00","7136","16,790","0,730","1,780","9,73","1320","10,00",
" 78/2","25 oct 2025 6:16:17","7144","16,820","0,730","1,790","9,74","1340","10,00",
" 78/3","25 oct 2025 6:16:33","7152","16,850","0,730","1,820","9,73","1329","10,00",
" 78/4","25 oct 2025 6:16:50","7160","16,810","0,730","1,800","9,74","1317","10,00",
" 78/5","25 oct 2025 6:17:07","7168","16,830","0,730","1,800","9,74","1332","10,00",
" 79/1","25 oct 2025 6:18:50","7216","16,830","0,730","1,760","9,74","1349","10,00",
" 79/2","25 oct 2025 6:19:07","7224","16,820","0,730","1,770","9,73","1331","10,00",
" 79/3","25 oct 2025 6:19:23","7232","16,830","0,730","1,760","9,74","1340","10,00",
" 79/4","25 oct 2025 6:19:40","7240","16,830","0,730","1,770","9,73","1349","10,00",
" 79/5","25 oct 2025 6:19:57","7248","16,840","0,730","1,760","9,76","1356","10,00",
" 80/1","25 oct 2025 6:21:39","7296","16,840","0,730","1,780","9,75","1354","10,00",
" 80/2","25 oct 2025 6:21:56","7304","16,860","0,730","1,760","9,75","1370","10,00",
" 80/3","25 oct 2025 6:22:13","7312","16,840","0,730","1,790","9,73","1342","10,00",
" 80/4","25 oct 2025 6:22:30","7320","16,810","0,730","1,760","9,74","1342","10,00",
" 80/5","25 oct 2025 6:22:47","7328","16,830","0,730","1,770","9,71","1334","10,00",
" 81/1","25 oct 2025 6:24:29","7376","16,830","0,730","1,760","9,75","1362","10,00",
" 81/2","25 oct 2025 6:24:45","7384","16,830","0,730","1,750","9,74","1368","10,00",
" 81/3","25 oct 2025 6:25:03","7392","16,840","0,730","1,760","9,74","1351","10,00",
" 81/4","25 oct 2025 6:25:19","7400","16,810","0,730","1,760","9,73","1335","10,00",
" 81/5","25 oct 2025 6:25:36","7408","16,830","0,730","1,760","9,74","1340","10,00",
" 82/1","25 oct 2025 6:27:18","7456","16,820","0,730","1,790","9,74","1324","10,00",
" 82/2","25 oct 2025 6:27:35","7464","16,840","0,730","1,770","9,74","1362","10,00",
" 82/3","25 oct 2025 6:27:52","7472","16,820","0,730","1,760","9,76","1375","10,00",
" 82/4","25 oct 2025 6:28:09","7480","16,830","0,730","1,760","9,74","1360","10,00",
" 82/5","25 oct 2025 6:28:26","7488","16,820","0,730","1,770","9,73","1349","10,00",
" 83/1","25 oct 2025 6:30:08","7536","16,830","0,730","1,780","9,72","1328","10,00",
" 83/2","25 oct 2025 6:30:25","7544","16,810","0,730","1,770","9,74","1351","10,00",
" 83/3","25 oct 2025 6:30:42","7552","16,830","0,730","1,770","9,73","1362","10,00",
" 83/4","25 oct 2025 6:30:59","7560","16,820","0,730","1,780","9,73","1337","10,00",
" 83/5","25 oct 2025 6:31:16","7568","16,810","0,730","1,760","9,75","1376","10,00",
" 84/1","25 oct 2025 6:32:49","7616","16,850","0,730","1,760","9,74","1353","10,00",
" 84/2","25 oct 2025 6:33:06","7624","16,800","0,730","1,750","9,76","1375","10,00",
" 84/3","25 oct 2025 6:33:23","7632","16,820","0,730","1,740","9,74","1354","10,00",
" 84/4","25 oct 2025 6:33:40","7640","16,800","0,730","1,750","9,77","1375","10,00",
" 84/5","25 oct 2025 6:33:56","7648","16,800","0,730","1,750","9,76","1379","10,00",
" 85/1","25 oct 2025 6:35:38","7696","16,810","0,730","1,760","9,74","1348","10,00",
" 85/2","25 oct 2025 6:35:55","7704","16,820","0,730","1,750","9,75","1382","10,00",
" 85/3","25 oct 2025 6:36:12","7712","16,820","0,730","1,750","9,74","1368","10,00",
" 85/4","25 oct 2025 6:36:29","7720","16,840","0,730","1,750","9,73","1349","10,00",
" 85/5","25 oct 2025 6:36:46","7728","16,810","0,730","1,750","9,74","1353","10,00",
" 86/1","25 oct 2025 6:38:28","7776","16,840","0,730","1,730","9,74","1367","10,00",
" 86/2","25 oct 2025 6:38:44","7784","16,830","0,730","1,730","9,77","1395","10,00",
" 86/3","25 oct 2025 6:39:01","7792","16,820","0,730","1,740","9,73","1370","10,00",
" 86/4","25 oct 2025 6:39:19","7800","16,820","0,730","1,740","9,75","1382","10,00",
" 86/5","25 oct 2025 6:39:35","7808","16,820","0,730","1,740","9,74","1365","10,00",
" 87/1","25 oct 2025 6:41:17","7856","16,790","0,730","1,730","9,74","1384","10,00",
" 87/2","25 oct 2025 6:41:34","7864","16,810","0,730","1,730","9,76","1381","10,00",
" 87/3","25 oct 2025 6:41:51","7872","16,810","0,730","1,730","9,75","1381","10,00",
" 87/4","25 oct 2025 6:42:08","7880","16,840","0,730","1,750","9,75","1351","10,00",
" 87/5","25 oct 2025 6:42:25","7888","16,840","0,730","1,730","9,75","1362","10,00",
" 88/1","25 oct 2025 6:44:06","7936","16,830","0,730","1,750","9,74","1367","10,00",
" 88/2","25 oct 2025 6:44:24","7944","16,820","0,730","1,740","9,76","1386","10,00",
" 88/3","25 oct 2025 6:44:40","7952","16,810","0,730","1,740","9,73","1356","10,00",
" 88/4","25 oct 2025 6:44:57","7960","16,810","0,730","1,740","9,74","1370","10,00",
" 88/5","25 oct 2025 6:45:14","7968","16,810","0,730","1,740","9,76","1386","10,00",
" 89/1","25 oct 2025 6:46:56","8016","16,820","0,730","1,750","9,75","1381","10,00",
" 89/2","25 oct 2025 6:47:13","8024","16,840","0,730","1,760","9,76","1370","10,00",
" 89/3","25 oct 2025 6:47:30","8032","16,850","0,730","1,770","9,73","1364","9,99",
" 89/4","25 oct 2025 6:47:47","8040","16,830","0,730","1,770","9,77","1373","10,00",
" 89/5","25 oct 2025 6:48:04","8048","16,810","0,730","1,770","9,75","1345","10,00",
" 90/1","25 oct 2025 6:49:46","8096","16,820","0,730","1,730","9,76","1390","10,00",
" 90/2","25 oct 2025 6:50:02","8104","16,830","0,730","1,730","9,76","1384","10,00",
" 90/3","25 oct 2025 6:50:20","8112","16,830","0,730","1,740","9,74","1360","10,00",
" 90/4","25 oct 2025 6:50:37","8120","16,820","0,730","1,750","9,73","1362","10,00",
" 90/5","25 oct 2025 6:50:53","8128","16,830","0,730","1,750","9,74","1362","10,00",
" 91/1","25 oct 2025 6:52:35","8176","16,820","0,730","1,740","9,75","1381","10,00",
" 91/2","25 oct 2025 6:52:44","8184","16,820","0,730","1,740","9,75","1381","10,00",
" 91/3","25 oct 2025 6:53:01","8192","16,810","0,730","1,780","9,74","1346","10,00",
" 91/4","25 oct 2025 6:53:17","8200","16,820","0,730","1,750","9,76","1371","10,00",
" 91/5","25 oct 2025 6:53:34","8208","16,820","0,730","1,760","9,76","1368","10,00",
" 92/1","25 oct 2025 6:55:16","8256","16,850","0,730","1,750","9,77","1370","10,00",
" 92/2","25 oct 2025 6:55:33","8264","16,820","0,730","1,750","9,76","1375","10,00",
" 92/3","25 oct 2025 6:55:50","8272","16,820","0,730","1,750","9,75","1370","10,00",
" 92/4","25 oct 2025 6:56:07","8280","16,820","0,730","1,740","9,75","1382","10,00",
" 92/5","25 oct 2025 6:56:24","8288","16,830","0,730","1,740","9,74","1353","10,00",
" 93/1","25 oct 2025 6:58:05","8336","16,800","0,730","1,740","9,76","1378","10,00",
" 93/2","25 oct 2025 6:58:22","8344","16,820","0,730","1,740","9,76","1375","10,00",
" 93/3","25 oct 2025 6:58:39","8352","16,820","0,730","1,740","9,74","1370","10,00",
" 93/4","25 oct 2025 6:58:56","8360","16,800","0,730","1,740","9,76","1370","10,00",
" 93/5","25 oct 2025 6:59:13","8368","16,840","0,730","1,740","9,76","1368","10,00",
" 94/1","25 oct 2025 7:00:55","8416","16,810","0,730","1,750","9,75","1351","10,00",
" 94/2","25 oct 2025 7:01:12","8424","16,830","0,730","1,740","9,76","1393","10,00",
" 94/3","25 oct 2025 7:01:29","8432","16,850","0,730","1,740","9,76","1387","10,00",
" 94/4","25 oct 2025 7:01:46","8440","16,810","0,730","1,750","9,74","1364","10,00",
" 94/5","25 oct 2025 7:02:03","8448","16,810","0,730","1,750","9,74","1349","10,00",
" 95/1","25 oct 2025 7:03:44","8496","16,830","0,730","1,750","9,74","1386","10,00",
" 95/2","25 oct 2025 7:04:01","8504","16,790","0,730","1,740","9,74","1381","10,00",
" 95/3","25 oct 2025 7:04:18","8512","16,840","0,730","1,750","9,74","1365","10,00",
" 95/4","25 oct 2025 7:04:35","8520","16,830","0,730","1,750","9,76","1376","10,00",
" 95/5","25 oct 2025 7:04:52","8528","16,820","0,730","1,770","9,74","1357","10,00",
" 96/1","25 oct 2025 7:06:34","8576","16,790","0,730","1,760","9,75","1390","10,00",
" 96/2","25 oct 2025 7:06:51","8584","16,820","0,730","1,760","9,83","1367","10,00",
" 96/3","25 oct 2025 7:07:08","8592","16,810","0,730","1,750","9,75","1375","10,00",
" 96/4","25 oct 2025 7:07:25","8600","16,810","0,730","1,760","9,74","1367","10,00",
" 96/5","25 oct 2025 7:07:42","8608","16,820","0,730","1,750","9,77","1375","10,00",
" 97/1","25 oct 2025 7:09:24","8656","16,810","0,730","1,760","9,75","1370","10,00",
" 97/2","25 oct 2025 7:09:40","8664","16,800","0,730","1,760","9,75","1375","10,00",
" 97/3","25 oct 2025 7:09:57","8672","16,780","0,730","1,770","9,76","1368","10,00",
" 97/4","25 oct 2025 7:10:14","8680","16,830","0,730","1,760","9,74","1384","10,00",
" 97/5","25 oct 2025 7:10:31","8688","16,810","0,730","1,750","9,76","1373","10,00",
" 98/1","25 oct 2025 7:12:13","8736","16,810","0,730","1,760","9,76","1378","10,00",
" 98/2","25 oct 2025 7:12:30","8744","16,830","0,730","1,760","9,77","1376","10,00",
" 98/3","25 oct 2025 7:12:47","8752","16,820","0,730","1,760","9,76","1386","10,00",
" 98/4","25 oct 2025 7:12:55","8760","16,820","0,730","1,760","9,76","1386","10,00",
" 98/5","25 oct 2025 7:13:12","8768","16,820","0,730","1,750","9,75","1384","10,00",
" 99/1","25 oct 2025 7:14:54","8816","16,820","0,730","1,740","9,76","1390","10,00",
" 99/2","25 oct 2025 7:15:11","8824","16,840","0,730","1,740","9,76","1404","10,00",
" 99/3","25 oct 2025 7:15:28","8832","16,810","0,730","1,750","9,74","1368","10,00",
" 99/4","25 oct 2025 7:15:45","8840","16,800","0,730","1,730","9,75","1400","10,00",
" 99/5","25 oct 2025 7:16:02","8848","16,830","0,730","1,740","9,76","1393","10,00",
" 100/1","25 oct 2025 7:17:44","8896","16,840","0,730","1,730","9,74","1375","10,00",
" 100/2","25 oct 2025 7:18:01","8904","16,810","0,730","1,740","9,75","1378","10,00",
" 100/3","25 oct 2025 7:18:18","8912","16,850","0,730","1,740","9,74","1384","10,00",
" 100/4","25 oct 2025 7:18:35","8920","16,820","0,730","1,730","9,76","1386","10,00",
" 100/5","25 oct 2025 7:18:52","8928","16,820","0,730","1,730","9,76","1379","10,00",
" 101/1","25 oct 2025 7:20:33","8976","16,800","0,730","1,740","9,77","1404","10,00",
" 101/2","25 oct 2025 7:20:50","8984","16,810","0,730","1,740","9,76","1392","10,00",
" 101/3","25 oct 2025 7:21:07","8992","16,820","0,730","1,730","9,76","1376","10,00",
" 101/4","25 oct 2025 7:21:24","9000","16,850","0,730","1,730","9,76","1371","10,00",
" 101/5","25 oct 2025 7:21:41","9008","16,820","0,730","1,730","9,76","1407","10,00",
" 102/1","25 oct 2025 7:23:23","9056","16,810","0,730","1,740","9,74","1367","10,00",
" 102/2","25 oct 2025 7:23:40","9064","16,820","0,730","1,720","9,76","1389","10,00",
" 102/3","25 oct 2025 7:23:57","9072","16,820","0,730","1,730","9,75","1392","10,00",
" 102/4","25 oct 2025 7:24:13","9080","16,820","0,730","1,740","9,76","1378","10,00",
" 102/5","25 oct 2025 7:24:30","9088","16,810","0,730","1,740","9,74","1370","10,00",
" 103/1","25 oct 2025 7:26:12","9136","16,820","0,730","1,750","9,74","1364","10,00",
" 103/2","25 oct 2025 7:26:29","9144","16,800","0,730","1,740","9,76","1400","10,00",
" 103/3","25 oct 2025 7:26:46","9152","16,800","0,730","1,750","9,76","1368","10,00",
" 103/4","25 oct 2025 7:27:02","9160","16,840","0,730","1,730","9,75","1381","10,00",
" 103/5","25 oct 2025 7:27:19","9168","16,820","0,730","1,740","9,75","1373","10,00",
" 104/1","25 oct 2025 7:29:01","9216","16,820","0,730","1,740","9,77","1403","10,00",
" 104/2","25 oct 2025 7:29:18","9224","16,810","0,730","1,740","9,77","1392","10,00",
" 104/3","25 oct 2025 7:29:35","9232","16,820","0,730","1,740","9,76","1389","10,00",
" 104/4","25 oct 2025 7:29:52","9240","16,830","0,730","1,740","9,76","1384","10,00",
" 104/5","25 oct 2025 7:30:09","9248","16,780","0,730","1,740","9,76","1389","10,00",
" 105/1","25 oct 2025 7:31:51","9296","16,810","0,730","1,770","9,74","1371","10,00",
" 105/2","25 oct 2025 7:32:07","9304","16,820","0,730","1,750","9,76","1384","10,00",
" 105/3","25 oct 2025 7:32:24","9312","16,830","0,730","1,740","9,76","1390","10,00",
" 105/4","25 oct 2025 7:32:41","9320","16,810","0,730","1,740","9,81","1382","10,00",
" 105/5","25 oct 2025 7:32:58","9328","16,820","0,730","1,750","9,75","1360","10,00",
" 106/1","25 oct 2025 7:34:31","9376","16,830","0,730","1,750","9,75","1375","10,00",
" 106/2","25 oct 2025 7:34:48","9384","16,830","0,730","1,750","9,76","1375","10,00",
" 106/3","25 oct 2025 7:35:05","9392","16,790","0,730","1,750","9,73","1359","10,00",
" 106/4","25 oct 2025 7:35:22","9400","16,820","0,730","1,750","9,74","1359","10,00",
" 106/5","25 oct 2025 7:35:39","9408","16,830","0,730","1,750","9,76","1371","10,00",
" 107/1","25 oct 2025 7:37:20","9456","16,840","0,730","1,740","9,76","1365","10,00",
" 107/2","25 oct 2025 7:37:37","9464","16,810","0,730","1,750","9,75","1375","10,00",
" 107/3","25 oct 2025 7:37:54","9472","16,800","0,730","1,740","9,76","1389","10,00",
" 107/4","25 oct 2025 7:38:11","9480","16,820","0,730","1,750","9,74","1368","10,00",
" 107/5","25 oct 2025 7:38:28","9488","16,820","0,730","1,740","9,75","1389","10,00",
" 108/1","25 oct 2025 7:40:09","9536","16,820","0,730","1,740","9,76","1396","10,00",
" 108/2","25 oct 2025 7:40:26","9544","16,840","0,730","1,760","9,75","1382","10,00",
" 108/3","25 oct 2025 7:40:43","9552","16,830","0,730","1,740","9,75","1382","10,00",
" 108/4","25 oct 2025 7:41:00","9560","16,830","0,730","1,750","9,74","1373","10,00",
" 108/5","25 oct 2025 7:41:17","9568","16,860","0,730","1,750","9,74","1390","10,00",
" 109/1","25 oct 2025 7:42:59","9616","16,840","0,730","1,740","9,76","1403","10,00",
" 109/2","25 oct 2025 7:43:16","9624","16,840","0,730","1,740","9,76","1393","10,00",
" 109/3","25 oct 2025 7:43:33","9632","16,800","0,730","1,740","9,77","1384","10,00",
" 109/4","25 oct 2025 7:43:50","9640","16,840","0,730","1,740","9,76","1395","10,00",
" 109/5","25 oct 2025 7:44:07","9648","16,810","0,730","1,740","9,76","1411","10,00",
" 110/1","25 oct 2025 7:45:49","9696","16,810","0,730","1,730","9,76","1393","10,00",
" 110/2","25 oct 2025 7:46:05","9704","16,820","0,730","1,730","9,75","1381","10,00",
" 110/3","25 oct 2025 7:46:23","9712","16,820","0,730","1,740","9,75","1396","10,00",
" 110/4","25 oct 2025 7:46:39","9720","16,800","0,730","1,730","9,75","1398","10,00",
" 110/5","25 oct 2025 7:46:56","9728","16,820","0,730","1,720","9,76","1412","10,00",
" 111/1","25 oct 2025 7:48:38","9776","16,830","0,730","1,740","9,77","1379","10,00",
" 111/2","25 oct 2025 7:48:55","9784","16,850","0,730","1,730","9,76","1395","10,00",
" 111/3","25 oct 2025 7:49:12","9792","16,820","0,730","1,730","9,74","1364","10,00",
" 111/4","25 oct 2025 7:49:29","9800","16,820","0,730","1,730","9,76","1379","10,00",
" 111/5","25 oct 2025 7:49:46","9808","16,810","0,730","1,730","9,75","1376","10,00",
" 112/1","25 oct 2025 7:51:27","9856","16,810","0,730","1,730","9,76","1381","10,00",
" 112/2","25 oct 2025 7:51:44","9864","16,830","0,730","1,740","9,74","1375","10,00",
" 112/3","25 oct 2025 7:52:01","9872","16,830","0,730","1,730","9,76","1393","10,00",
" 112/4","25 oct 2025 7:52:18","9880","16,830","0,730","1,730","9,77","1396","10,00",
" 112/5","25 oct 2025 7:52:35","9888","16,800","0,730","1,720","9,76","1392","10,00",
" 113/1","25 oct 2025 7:54:17","9936","16,810","0,730","1,740","9,74","1370","10,00",
" 113/2","25 oct 2025 7:54:34","9944","16,790","0,730","1,740","9,75","1400","10,00",
" 113/3","25 oct 2025 7:54:50","9952","16,840","0,730","1,730","9,77","1392","10,00",
" 113/4","25 oct 2025 7:55:07","9960","16,850","0,730","1,740","9,74","1367","10,00",
" 113/5","25 oct 2025 7:55:24","9968","16,820","0,730","1,740","9,74","1379","10,00",
" 114/1","25 oct 2025 7:57:06","10016","16,810","0,730","1,740","9,75","1393","10,00",
" 114/2","25 oct 2025 7:57:15","10024","16,810","0,730","1,740","9,75","1393","10,00",
" 114/3","25 oct 2025 7:57:31","10032","16,820","0,730","1,740","9,74","1375","10,00",
" 114/4","25 oct 2025 7:57:48","10040","16,830","0,730","1,730","9,75","1407","10,00",
" 114/5","25 oct 2025 7:58:05","10048","16,800","0,730","1,730","9,74","1368","10,00",
" 115/1","25 oct 2025 7:59:47","10096","16,850","0,730","1,740","9,75","1389","10,00",
" 115/2","25 oct 2025 8:00:04","10104","16,840","0,730","1,730","9,76","1382","10,00",
" 115/3","25 oct 2025 8:00:21","10112","16,810","0,730","1,740","9,74","1378","10,00",
" 115/4","25 oct 2025 8:00:38","10120","16,810","0,730","1,720","9,76","1384","10,00",
" 115/5","25 oct 2025 8:00:54","10128","16,810","0,730","1,730","9,76","1382","10,00",
" 116/1","25 oct 2025 8:02:36","10176","16,820","0,730","1,730","9,76","1376","10,00",
" 116/2","25 oct 2025 8:02:53","10184","16,800","0,730","1,720","9,74","1365","10,00",
" 116/3","25 oct 2025 8:03:10","10192","16,820","0,730","1,740","9,76","1386","10,00",
" 116/4","25 oct 2025 8:03:27","10200","16,810","0,730","1,730","9,75","1384","10,00",
" 116/5","25 oct 2025 8:03:44","10208","16,810","0,730","1,730","9,76","1371","10,00",
" 117/1","25 oct 2025 8:05:25","10256","16,810","0,730","1,740","9,75","1390","10,00",
" 117/2","25 oct 2025 8:05:42","10264","16,800","0,730","1,740","9,75","1378","10,00",
" 117/3","25 oct 2025 8:05:59","10272","16,810","0,730","1,740","9,75","1378","10,00",
" 117/4","25 oct 2025 8:06:16","10280","16,840","0,730","1,730","9,74","1371","10,00",
" 117/5","25 oct 2025 8:06:33","10288","16,830","0,730","1,740","9,76","1373","10,00",
" 118/1","25 oct 2025 8:08:15","10336","16,840","0,730","1,740","9,77","1398","10,00",
" 118/2","25 oct 2025 8:08:32","10344","16,850","0,730","1,750","9,75","1381","10,00",
" 118/3","25 oct 2025 8:08:48","10352","16,840","0,730","1,740","9,74","1375","10,00",
" 118/4","25 oct 2025 8:09:05","10360","16,840","0,730","1,730","9,75","1379","10,00",
" 118/5","25 oct 2025 8:09:22","10368","16,840","0,730","1,740","9,73","1365","10,00",
" 119/1","25 oct 2025 8:11:04","10416","16,820","0,730","1,750","9,75","1384","10,00",
" 119/2","25 oct 2025 8:11:21","10424","16,830","0,730","1,750","9,76","1365","10,00",
" 119/3","25 oct 2025 8:11:38","10432","16,830","0,730","1,740","9,75","1376","10,00",
" 119/4","25 oct 2025 8:11:55","10440","16,840","0,730","1,740","9,76","1378","10,00",
" 119/5","25 oct 2025 8:12:12","10448","16,830","0,730","1,760","9,76","1379","10,00",
" 120/1","25 oct 2025 8:13:53","10496","16,820","0,730","1,740","9,76","1386","10,00",
" 120/2","25 oct 2025 8:14:10","10504","16,820","0,730","1,750","9,74","1370","10,00",
" 120/3","25 oct 2025 8:14:27","10512","16,830","0,730","1,730","9,77","1389","10,00",
" 120/4","25 oct 2025 8:14:44","10520","16,820","0,730","1,750","9,75","1379","10,00",
" 120/5","25 oct 2025 8:15:01","10528","16,810","0,730","1,740","9,76","1387","10,00",
" 121/1","25 oct 2025 8:16:42","10576","16,790","0,730","1,740","9,75","1407","10,00",
" 121/2","25 oct 2025 8:16:59","10584","16,820","0,730","1,730","9,77","1409","10,00",
" 121/3","25 oct 2025 8:17:16","10592","16,810","0,730","1,730","9,76","1386","10,00",
" 121/4","25 oct 2025 8:17:33","10600","16,820","0,730","1,730","9,74","1382","10,00",
" 121/5","25 oct 2025 8:17:50","10608","16,840","0,730","1,730","9,75","1404","10,00",
" 122/1","25 oct 2025 8:19:32","10656","16,810","0,730","1,730","9,75","1404","10,00",
" 122/2","25 oct 2025 8:19:49","10664","16,790","0,730","1,730","9,76","1389","10,00",
" 122/3","25 oct 2025 8:20:06","10672","16,810","0,730","1,730","9,76","1396","10,00",
" 122/4","25 oct 2025 8:20:23","10680","16,800","0,730","1,730","9,75","1384","10,00",
" 122/5","25 oct 2025 8:20:40","10688","16,830","0,730","1,730","9,76","1404","10,00",
" 123/1","25 oct 2025 8:22:12","10736","16,800","0,730","1,720","9,76","1396","10,00",
" 123/2","25 oct 2025 8:22:29","10744","16,780","0,730","1,730","9,75","1381","10,00",
" 123/3","25 oct 2025 8:22:46","10752","16,800","0,730","1,720","9,76","1400","10,00",
" 123/4","25 oct 2025 8:23:03","10760","16,800","0,730","1,720","9,76","1386","10,00",
" 123/5","25 oct 2025 8:23:20","10768","16,810","0,730","1,720","9,77","1390","10,00",
" 124/1","25 oct 2025 8:25:02","10816","16,810","0,730","1,730","9,75","1384","10,00",
" 124/2","25 oct 2025 8:25:19","10824","16,810","0,730","1,720","9,74","1386","10,00",
" 124/3","25 oct 2025 8:25:36","10832","16,830","0,730","1,720","9,75","1396","10,00",
" 124/4","25 oct 2025 8:25:53","10840","16,810","0,730","1,710","9,75","1407","10,00",
" 124/5","25 oct 2025 8:26:10","10848","16,810","0,730","1,720","9,76","1390","10,00",
" 125/1","25 oct 2025 8:27:52","10896","16,800","0,730","1,720","9,74","1375","10,00",
" 125/2","25 oct 2025 8:28:08","10904","16,800","0,730","1,720","9,76","1379","10,00",
" 125/3","25 oct 2025 8:28:25","10912","16,810","0,730","1,740","9,73","1365","10,00",
" 125/4","25 oct 2025 8:28:42","10920","16,830","0,730","1,720","9,74","1387","10,00",
" 125/5","25 oct 2025 8:28:59","10928","16,820","0,730","1,740","9,76","1382","10,00",
" 126/1","25 oct 2025 8:30:40","10976","16,810","0,730","1,720","9,75","1406","10,00",
" 126/2","25 oct 2025 8:30:57","10984","16,850","0,730","1,730","9,75","1389","10,00",
" 126/3","25 oct 2025 8:31:14","10992","16,830","0,730","1,730","9,75","1393","10,00",
" 126/4","25 oct 2025 8:31:31","11000","16,840","0,730","1,730","9,76","1392","10,00",
" 126/5","25 oct 2025 8:31:48","11008","16,820","0,730","1,740","9,74","1371","10,00",
" 127/1","25 oct 2025 8:33:30","11056","16,860","0,730","1,740","9,76","1379","10,00",
" 127/2","25 oct 2025 8:33:47","11064","16,850","0,730","1,730","9,74","1376","10,00",
" 127/3","25 oct 2025 8:34:04","11072","16,850","0,730","1,730","9,75","1376","10,00",
" 127/4","25 oct 2025 8:34:21","11080","16,820","0,730","1,720","9,81","1378","10,00",
" 127/5","25 oct 2025 8:34:38","11088","16,820","0,730","1,730","9,75","1370","10,00",
" 128/1","25 oct 2025 8:36:20","11136","16,790","0,730","1,730","9,76","1379","10,00",
" 128/2","25 oct 2025 8:36:37","11144","16,820","0,730","1,730","9,75","1370","10,00",
" 128/3","25 oct 2025 8:36:54","11152","16,840","0,730","1,740","9,76","1371","10,00",
" 128/4","25 oct 2025 8:37:11","11160","16,830","0,730","1,740","9,76","1370","10,00",
" 128/5","25 oct 2025 8:37:28","11168","16,840","0,730","1,730","9,77","1378","10,00",
" 129/1","25 oct 2025 8:39:10","11216","16,820","0,730","1,730","9,75","1389","10,00",
" 129/2","25 oct 2025 8:39:27","11224","16,790","0,730","1,740","9,74","1378","10,00",
" 129/3","25 oct 2025 8:39:44","11232","16,800","0,730","1,740","9,76","1371","10,00",
" 129/4","25 oct 2025 8:40:01","11240","16,800","0,730","1,740","9,74","1368","10,00",
" 129/5","25 oct 2025 8:40:17","11248","16,810","0,730","1,740","9,75","1376","10,00",
" 130/1","25 oct 2025 8:41:59","11296","16,800","0,730","1,740","9,75","1393","10,00",
" 130/2","25 oct 2025 8:42:07","11304","16,800","0,730","1,740","9,75","1393","10,00",
" 130/3","25 oct 2025 8:42:24","11312","16,820","0,730","1,750","9,75","1378","10,00",
" 130/4","25 oct 2025 8:42:41","11320","16,840","0,730","1,740","9,75","1393","10,00",
" 130/5","25 oct 2025 8:42:58","11328","16,850","0,730","1,740","9,75","1384","10,00",
" 131/1","25 oct 2025 8:44:39","11376","16,820","0,730","1,740","9,75","1368","10,00",
" 131/2","25 oct 2025 8:44:56","11384","16,830","0,730","1,750","9,75","1390","10,00",
" 131/3","25 oct 2025 8:45:13","11392","16,820","0,730","1,740","9,76","1390","10,00",
" 131/4","25 oct 2025 8:45:30","11400","16,820","0,730","1,740","9,76","1378","10,00",
" 131/5","25 oct 2025 8:45:47","11408","16,800","0,730","1,750","9,75","1375","10,00",
" 132/1","25 oct 2025 8:47:28","11456","16,820","0,730","1,730","9,75","1407","10,00",
" 132/2","25 oct 2025 8:47:45","11464","16,840","0,730","1,750","9,75","1373","10,00",
" 132/3","25 oct 2025 8:48:02","11472","16,800","0,730","1,740","9,75","1392","10,00",
" 132/4","25 oct 2025 8:48:19","11480","16,820","0,730","1,750","9,75","1378","10,00",
" 132/5","25 oct 2025 8:48:36","11488","16,820","0,730","1,740","9,74","1384","10,00",
" 133/1","25 oct 2025 8:50:18","11536","16,800","0,730","1,740","9,77","1401","10,00",
" 133/2","25 oct 2025 8:50:35","11544","16,820","0,730","1,750","9,75","1373","10,00",
" 133/3","25 oct 2025 8:50:52","11552","16,800","0,730","1,740","9,74","1389","10,00",
" 133/4","25 oct 2025 8:51:08","11560","16,810","0,730","1,730","9,76","1417","10,00",
" 133/5","25 oct 2025 8:51:26","11568","16,810","0,730","1,740","9,74","1373","10,00",
" 134/1","25 oct 2025 8:53:07","11616","16,840","0,730","1,730","9,74","1386","10,00",
" 134/2","25 oct 2025 8:53:24","11624","16,840","0,730","1,730","9,76","1389","10,00",
" 134/3","25 oct 2025 8:53:41","11632","16,830","0,730","1,720","9,76","1409","10,00",
" 134/4","25 oct 2025 8:53:58","11640","16,840","0,730","1,720","9,75","1406","10,00",
" 134/5","25 oct 2025 8:54:15","11648","16,800","0,730","1,730","9,76","1382","10,00",
" 135/1","25 oct 2025 8:55:56","11696","16,830","0,730","1,720","9,76","1404","10,00",
" 135/2","25 oct 2025 8:56:13","11704","16,820","0,730","1,720","9,75","1406","10,00",
" 135/3","25 oct 2025 8:56:30","11712","16,810","0,730","1,720","9,75","1392","10,00",
" 135/4","25 oct 2025 8:56:47","11720","16,840","0,730","1,730","9,74","1376","10,00",
" 135/5","25 oct 2025 8:57:04","11728","16,850","0,730","1,730","9,74","1379","10,00",
" 136/1","25 oct 2025 8:58:46","11776","16,810","0,730","1,720","9,75","1404","10,00",
" 136/2","25 oct 2025 8:59:03","11784","16,850","0,730","1,730","9,74","1375","10,00",
" 136/3","25 oct 2025 8:59:20","11792","16,830","0,730","1,730","9,76","1387","10,00",
" 136/4","25 oct 2025 8:59:37","11800","16,810","0,730","1,730","9,75","1400","10,00",
" 136/5","25 oct 2025 8:59:53","11808","16,840","0,730","1,720","9,75","1392","10,00",
" 137/1","25 oct 2025 9:01:35","11856","16,830","0,730","1,730","9,75","1375","10,00",
" 137/2","25 oct 2025 9:01:52","11864","16,830","0,730","1,730","9,76","1387","10,00",
" 137/3","25 oct 2025 9:02:09","11872","16,820","0,730","1,720","9,74","1378","10,00",
" 137/4","25 oct 2025 9:02:26","11880","16,830","0,730","1,730","9,74","1365","10,00",
" 137/5","25 oct 2025 9:02:43","11888","16,840","0,730","1,730","9,76","1367","10,00",
" 138/1","25 oct 2025 9:04:25","11936","16,830","0,730","1,740","9,74","1376","10,00",
" 138/2","25 oct 2025 9:04:42","11944","16,840","0,730","1,730","9,76","1415","10,00",
" 138/3","25 oct 2025 9:04:59","11952","16,830","0,730","1,730","9,76","1400","10,00",
" 138/4","25 oct 2025 9:05:16","11960","16,850","0,730","1,730","9,76","1392","10,00",
" 138/5","25 oct 2025 9:05:33","11968","16,840","0,730","1,740","9,75","1368","10,00",
" 139/1","25 oct 2025 9:07:06","12016","16,840","0,730","1,720","9,75","1404","10,00",
" 139/2","25 oct 2025 9:07:23","12024","16,800","0,730","1,730","9,75","1387","10,00",
" 139/3","25 oct 2025 9:07:40","12032","16,820","0,730","1,730","9,75","1379","10,00",
" 139/4","25 oct 2025 9:07:56","12040","16,800","0,730","1,730","9,75","1376","10,00",
" 139/5","25 oct 2025 9:08:13","12048","16,840","0,730","1,740","9,75","1387","10,00",
" 140/1","25 oct 2025 9:09:55","12096","16,830","0,730","1,730","9,74","1400","10,00",
" 140/2","25 oct 2025 9:10:12","12104","16,810","0,730","1,730","9,75","1389","10,00",
" 140/3","25 oct 2025 9:10:29","12112","16,830","0,730","1,720","9,76","1396","10,00",
" 140/4","25 oct 2025 9:10:46","12120","16,810","0,730","1,740","9,75","1373","10,00",
" 140/5","25 oct 2025 9:11:03","12128","16,810","0,730","1,740","9,75","1375","10,00",
" 141/1","25 oct 2025 9:12:45","12176","16,840","0,730","1,730","9,75","1389","10,00",
" 141/2","25 oct 2025 9:13:02","12184","16,840","0,730","1,740","9,75","1373","10,00",
" 141/3","25 oct 2025 9:13:19","12192","16,820","0,730","1,740","9,76","1371","10,00",
" 141/4","25 oct 2025 9:13:36","12200","16,830","0,730","1,730","9,75","1406","10,00",
" 141/5","25 oct 2025 9:13:53","12208","16,800","0,730","1,750","9,74","1368","10,00",
" 142/1","25 oct 2025 9:15:34","12256","16,820","0,730","1,740","9,76","1395","10,00",
" 142/2","25 oct 2025 9:15:51","12264","16,820","0,730","1,730","9,76","1409","10,00",
" 142/3","25 oct 2025 9:16:08","12272","16,850","0,730","1,740","9,76","1386","10,00",
" 142/4","25 oct 2025 9:16:25","12280","16,810","0,730","1,740","9,75","1400","10,00",
" 142/5","25 oct 2025 9:16:42","12288","16,790","0,730","1,740","9,76","1392","10,00",
" 143/1","25 oct 2025 9:18:23","12336","16,840","0,730","1,740","9,74","1379","10,00",
" 143/2","25 oct 2025 9:18:40","12344","16,800","0,730","1,740","9,75","1376","10,00",
" 143/3","25 oct 2025 9:18:57","12352","16,830","0,730","1,740","9,75","1368","10,00",
" 143/4","25 oct 2025 9:19:14","12360","16,830","0,730","1,760","9,75","1368","10,00",
" 143/5","25 oct 2025 9:19:31","12368","16,790","0,730","1,740","9,76","1393","10,00",
" 144/1","25 oct 2025 9:21:13","12416","16,800","0,730","1,750","9,76","1392","10,00",
" 144/2","25 oct 2025 9:21:30","12424","16,810","0,730","1,750","9,75","1376","10,00",
" 144/3","25 oct 2025 9:21:47","12432","16,830","0,730","1,760","9,74","1371","10,00",
" 144/4","25 oct 2025 9:22:04","12440","16,840","0,730","1,740","9,76","1406","10,00",
" 144/5","25 oct 2025 9:22:21","12448","16,830","0,730","1,750","9,76","1386","10,00",
" 145/1","25 oct 2025 9:24:03","12496","16,840","0,730","1,750","9,76","1386","10,00",
" 145/2","25 oct 2025 9:24:20","12504","16,820","0,730","1,750","9,76","1404","10,00",
" 145/3","25 oct 2025 9:24:37","12512","16,820","0,730","1,750","9,76","1395","10,00",
" 145/4","25 oct 2025 9:24:54","12520","16,810","0,730","1,740","9,76","1407","10,00",
" 145/5","25 oct 2025 9:25:11","12528","16,820","0,730","1,740","9,75","1390","10,00",
" 146/1","25 oct 2025 9:26:44","12576","16,850","0,730","1,750","9,75","1357","10,00",
" 146/2","25 oct 2025 9:27:01","12584","16,830","0,730","1,740","9,75","1392","10,00",
" 146/3","25 oct 2025 9:27:18","12592","16,830","0,730","1,750","9,74","1378","10,00",
" 146/4","25 oct 2025 9:27:35","12600","16,810","0,730","1,740","9,75","1400","10,00",
" 146/5","25 oct 2025 9:27:52","12608","16,830","0,730","1,740","9,76","1379","10,00",
" 147/1","25 oct 2025 9:29:33","12656","16,810","0,730","1,730","9,77","1423","10,00",
" 147/2","25 oct 2025 9:29:50","12664","16,850","0,730","1,730","9,75","1384","10,00",
" 147/3","25 oct 2025 9:30:07","12672","16,840","0,730","1,740","9,75","1381","10,00",
" 147/4","25 oct 2025 9:30:24","12680","16,820","0,730","1,740","9,74","1381","10,00",
" 147/5","25 oct 2025 9:30:41","12688","16,810","0,730","1,740","9,75","1390","10,00",
" 148/1","25 oct 2025 9:32:23","12736","16,830","0,730","1,720","9,76","1418","10,00",
" 148/2","25 oct 2025 9:32:40","12744","16,840","0,730","1,730","9,75","1403","10,00",
" 148/3","25 oct 2025 9:32:57","12752","16,830","0,730","1,720","9,76","1407","10,00",
" 148/4","25 oct 2025 9:33:14","12760","16,820","0,730","1,730","9,75","1393","10,00",
" 148/5","25 oct 2025 9:33:31","12768","16,820","0,730","1,740","9,76","1382","10,00",
" 149/1","25 oct 2025 9:35:13","12816","16,830","0,730","1,730","9,76","1382","10,00",
" 149/2","25 oct 2025 9:35:30","12824","16,810","0,730","1,730","9,76","1403","10,00",
" 149/3","25 oct 2025 9:35:47","12832","16,800","0,730","1,720","9,75","1398","10,00",
" 149/4","25 oct 2025 9:36:04","12840","16,820","0,730","1,720","9,75","1382","10,00",
" 149/5","25 oct 2025 9:36:20","12848","16,820","0,730","1,750","9,73","1371","10,00",
" 150/1","25 oct 2025 9:38:02","12896","16,820","0,730","1,730","9,75","1389","10,00",
" 150/2","25 oct 2025 9:38:19","12904","16,830","0,730","1,730","9,76","1379","10,00",
" 150/3","25 oct 2025 9:38:36","12912","16,800","0,730","1,730","9,76","1393","10,00",
" 150/4","25 oct 2025 9:38:53","12920","16,810","0,730","1,720","9,76","1404","10,00",
" 150/5","25 oct 2025 9:39:10","12928","16,820","0,730","1,730","9,76","1390","10,00",
" 151/1","25 oct 2025 9:40:51","12976","16,820","0,730","1,730","9,74","1370","10,00",
" 151/2","25 oct 2025 9:41:08","12984","16,810","0,730","1,730","9,76","1406","10,00",
" 151/3","25 oct 2025 9:41:25","12992","16,830","0,730","1,730","9,76","1395","10,00",
" 151/4","25 oct 2025 9:41:42","13000","16,840","0,730","1,730","9,74","1381","10,00",
" 151/5","25 oct 2025 9:41:59","13008","16,860","0,730","1,720","9,75","1395","10,00",
" 152/1","25 oct 2025 9:43:41","13056","16,810","0,730","1,730","9,76","1387","10,00",
" 152/2","25 oct 2025 9:43:58","13064","16,800","0,730","1,730","9,75","1417","10,00",
" 152/3","25 oct 2025 9:44:15","13072","16,820","0,730","1,730","9,76","1414","10,00",
" 152/4","25 oct 2025 9:44:32","13080","16,820","0,730","1,730","9,76","1400","10,00",
" 152/5","25 oct 2025 9:44:49","13088","16,810","0,730","1,740","9,76","1398","10,00",
" 153/1","25 oct 2025 9:46:21","13136","16,820","0,730","1,740","9,75","1384","10,00",
" 153/2","25 oct 2025 9:46:38","13144","16,830","0,730","1,730","9,75","1401","10,00",
" 153/3","25 oct 2025 9:46:55","13152","16,840","0,730","1,740","9,76","1378","10,00",
" 153/4","25 oct 2025 9:47:12","13160","16,820","0,730","1,740","9,75","1386","10,00",
" 153/5","25 oct 2025 9:47:29","13168","16,820","0,730","1,730","9,76","1411","10,00",
" 154/1","25 oct 2025 9:49:11","13216","16,850","0,730","1,730","9,76","1400","10,00",
" 154/2","25 oct 2025 9:49:28","13224","16,830","0,730","1,730","9,78","1415","10,00",
" 154/3","25 oct 2025 9:49:45","13232","16,820","0,730","1,730","9,78","1401","10,00",
" 154/4","25 oct 2025 9:50:02","13240","16,810","0,730","1,730","9,75","1382","10,00",
" 154/5","25 oct 2025 9:50:18","13248","16,810","0,730","1,750","9,75","1379","10,00",
" 155/1","25 oct 2025 9:52:00","13296","16,810","0,730","1,740","9,76","1389","10,00",
" 155/2","25 oct 2025 9:52:17","13304","16,820","0,730","1,740","9,75","1382","10,00",
" 155/3","25 oct 2025 9:52:34","13312","16,820","0,730","1,750","9,75","1376","10,00",
" 155/4","25 oct 2025 9:52:51","13320","16,830","0,730","1,740","9,74","1409","10,00",
" 155/5","25 oct 2025 9:53:08","13328","16,810","0,730","1,740","9,75","1409","10,00",
" 156/1","25 oct 2025 9:54:49","13376","16,810","0,730","1,740","9,75","1400","10,00",
" 156/2","25 oct 2025 9:55:06","13384","16,830","0,730","1,740","9,75","1389","10,00",
" 156/3","25 oct 2025 9:55:23","13392","16,830","0,730","1,740","9,76","1371","10,00",
" 156/4","25 oct 2025 9:55:40","13400","16,850","0,730","1,740","9,76","1381","10,00",
" 156/5","25 oct 2025 9:55:57","13408","16,810","0,730","1,750","9,76","1376","10,00",
" 157/1","25 oct 2025 9:57:39","13456","16,830","0,730","1,750","9,76","1389","10,00",
" 157/2","25 oct 2025 9:57:56","13464","16,830","0,730","1,740","9,75","1406","10,00",
" 157/3","25 oct 2025 9:58:13","13472","16,820","0,730","1,740","9,75","1403","10,00",
" 157/4","25 oct 2025 9:58:30","13480","16,810","0,730","1,740","9,76","1379","10,00",
" 157/5","25 oct 2025 9:58:47","13488","16,830","0,730","1,750","9,76","1381","10,00",
" 158/1","25 oct 2025 10:00:28","13536","16,830","0,730","1,740","9,76","1401","10,00",
" 158/2","25 oct 2025 10:00:45","13544","16,820","0,730","1,740","9,76","1403","10,00",
" 158/3","25 oct 2025 10:01:02","13552","16,810","0,730","1,750","9,76","1395","10,00",
" 158/4","25 oct 2025 10:01:19","13560","16,840","0,730","1,740","9,76","1406","10,00",
" 158/5","25 oct 2025 10:01:36","13568","16,830","0,730","1,750","9,76","1375","10,00",
" 159/1","25 oct 2025 10:03:18","13616","16,790","0,730","1,740","9,76","1398","10,00",
" 159/2","25 oct 2025 10:03:34","13624","16,800","0,730","1,730","9,76","1407","10,00",
" 159/3","25 oct 2025 10:03:51","13632","16,800","0,730","1,740","9,76","1393","10,00",
" 159/4","25 oct 2025 10:04:08","13640","16,820","0,730","1,720","9,76","1409","10,00",
" 159/5","25 oct 2025 10:04:25","13648","16,810","0,730","1,730","9,76","1386","10,00",
" 160/1","25 oct 2025 10:06:07","13696","16,830","0,730","1,730","9,76","1404","10,00",
" 160/2","25 oct 2025 10:06:24","13704","16,800","0,730","1,730","9,77","1393","10,00",
" 160/3","25 oct 2025 10:06:41","13712","16,800","0,730","1,730","9,77","1406","10,00",
" 160/4","25 oct 2025 10:06:58","13720","16,800","0,730","1,730","9,75","1389","10,00",
" 160/5","25 oct 2025 10:07:14","13728","16,800","0,730","1,720","9,76","1403","10,00",
" 161/1","25 oct 2025 10:08:56","13776","16,800","0,730","1,720","9,76","1411","10,00",
" 161/2","25 oct 2025 10:09:12","13784","16,820","0,730","1,730","9,74","1379","10,00",
" 161/3","25 oct 2025 10:09:29","13792","16,790","0,730","1,740","9,75","1379","10,00",
" 161/4","25 oct 2025 10:09:46","13800","16,800","0,730","1,730","9,76","1403","10,00",
" 161/5","25 oct 2025 10:10:03","13808","16,830","0,730","1,720","9,76","1396","10,00",
" 162/1","25 oct 2025 10:11:36","13856","16,820","0,730","1,730","9,76","1400","10,00",
" 162/2","25 oct 2025 10:11:53","13864","16,810","0,730","1,720","9,76","1395","10,00",
" 162/3","25 oct 2025 10:12:10","13872","16,800","0,730","1,720","9,76","1392","10,00",
" 162/4","25 oct 2025 10:12:27","13880","16,820","0,730","1,720","9,76","1418","10,00",
" 162/5","25 oct 2025 10:12:44","13888","16,800","0,730","1,730","9,76","1401","10,00",
" 163/1","25 oct 2025 10:14:26","13936","16,820","0,730","1,720","9,75","1409","10,00",
" 163/2","25 oct 2025 10:14:43","13944","16,780","0,730","1,720","9,76","1386","10,00",
" 163/3","25 oct 2025 10:14:59","13952","16,790","0,730","1,730","9,75","1381","10,00",
" 163/4","25 oct 2025 10:15:16","13960","16,810","0,730","1,740","9,75","1387","10,00",
" 163/5","25 oct 2025 10:15:33","13968","16,840","0,730","1,720","9,76","1400","10,00",
" 164/1","25 oct 2025 10:17:15","14016","16,830","0,730","1,730","9,76","1395","10,00",
" 164/2","25 oct 2025 10:17:32","14024","16,820","0,730","1,710","9,75","1404","10,00",
" 164/3","25 oct 2025 10:17:49","14032","16,840","0,730","1,720","9,74","1387","10,00",
" 164/4","25 oct 2025 10:18:05","14040","16,820","0,730","1,720","9,75","1398","10,00",
" 164/5","25 oct 2025 10:18:23","14048","16,840","0,730","1,730","9,76","1395","9,99",
" 165/1","25 oct 2025 10:20:04","14096","16,830","0,730","1,730","9,75","1390","10,00",
" 165/2","25 oct 2025 10:20:21","14104","16,840","0,730","1,730","9,76","1409","10,00",
" 165/3","25 oct 2025 10:20:38","14112","16,830","0,730","1,740","9,76","1398","10,00",
" 165/4","25 oct 2025 10:20:55","14120","16,840","0,730","1,740","9,76","1409","10,00",
" 165/5","25 oct 2025 10:21:12","14128","16,840","0,730","1,720","9,75","1407","10,00",
" 166/1","25 oct 2025 10:22:54","14176","16,810","0,730","1,740","9,76","1387","10,00",
" 166/2","25 oct 2025 10:23:11","14184","16,820","0,730","1,740","9,76","1404","10,00",
" 166/3","25 oct 2025 10:23:28","14192","16,830","0,730","1,730","9,76","1407","10,00",
" 166/4","25 oct 2025 10:23:45","14200","16,830","0,730","1,730","9,75","1393","10,00",
" 166/5","25 oct 2025 10:24:02","14208","16,820","0,730","1,730","9,76","1390","10,00",
" 167/1","25 oct 2025 10:25:44","14256","16,830","0,730","1,740","9,77","1389","10,00",
" 167/2","25 oct 2025 10:26:01","14264","16,820","0,730","1,740","9,75","1390","10,00",
" 167/3","25 oct 2025 10:26:18","14272","16,810","0,730","1,730","9,74","1409","10,00",
" 167/4","25 oct 2025 10:26:35","14280","16,800","0,730","1,740","9,75","1371","10,00",
" 167/5","25 oct 2025 10:26:51","14288","16,820","0,730","1,730","9,75","1412","10,00",
" 168/1","25 oct 2025 10:28:33","14336","16,810","0,730","1,740","9,76","1404","10,00",
" 168/2","25 oct 2025 10:28:50","14344","16,830","0,730","1,740","9,76","1389","10,00",
" 168/3","25 oct 2025 10:29:07","14352","16,810","0,730","1,740","9,75","1404","9,99",
" 168/4","25 oct 2025 10:29:24","14360","16,840","0,730","1,730","9,76","1417","10,00",
" 168/5","25 oct 2025 10:29:41","14368","16,800","0,730","1,740","9,76","1398","10,00",
" 169/1","25 oct 2025 10:31:23","14416","16,840","0,730","1,750","9,76","1373","10,00",
" 169/2","25 oct 2025 10:31:31","14424","16,840","0,730","1,750","9,76","1373","10,00",
" 169/3","25 oct 2025 10:31:48","14432","16,820","0,730","1,740","9,76","1407","10,00",
" 169/4","25 oct 2025 10:32:05","14440","16,820","0,730","1,740","9,76","1398","10,00",
" 169/5","25 oct 2025 10:32:22","14448","16,780","0,730","1,740","9,76","1378","10,00",
" 170/1","25 oct 2025 10:34:03","14496","16,810","0,730","1,740","9,76","1403","10,00",
" 170/2","25 oct 2025 10:34:20","14504","16,810","0,730","1,750","9,76","1384","10,00",
" 170/3","25 oct 2025 10:34:37","14512","16,800","0,730","1,740","9,76","1406","10,00",
" 170/4","25 oct 2025 10:34:54","14520","16,840","0,730","1,750","9,76","1386","10,00",
" 170/5","25 oct 2025 10:35:11","14528","16,820","0,730","1,740","9,76","1417","10,00",
" 171/1","25 oct 2025 10:36:53","14576","16,810","0,730","1,720","9,76","1412","10,00",
" 171/2","25 oct 2025 10:37:09","14584","16,810","0,730","1,740","9,75","1390","10,00",
" 171/3","25 oct 2025 10:37:26","14592","16,800","0,730","1,740","9,74","1411","10,00",
" 171/4","25 oct 2025 10:37:43","14600","16,820","0,730","1,730","9,76","1418","10,00",
" 171/5","25 oct 2025 10:38:00","14608","16,820","0,730","1,720","9,76","1414","10,00",
" 172/1","25 oct 2025 10:39:42","14656","16,800","0,730","1,720","9,76","1378","10,00",
" 172/2","25 oct 2025 10:39:59","14664","16,820","0,730","1,730","9,74","1387","10,00",
" 172/3","25 oct 2025 10:40:16","14672","16,820","0,730","1,730","9,76","1395","10,00",
" 172/4","25 oct 2025 10:40:33","14680","16,820","0,730","1,730","9,77","1390","10,00",
" 172/5","25 oct 2025 10:40:50","14688","16,790","0,730","1,730","9,76","1396","10,00",
" 173/1","25 oct 2025 10:42:31","14736","16,800","0,730","1,730","9,76","1411","10,00",
" 173/2","25 oct 2025 10:42:48","14744","16,840","0,730","1,730","9,76","1403","10,00",
" 173/3","25 oct 2025 10:43:05","14752","16,800","0,730","1,730","9,76","1389","10,00",
" 173/4","25 oct 2025 10:43:22","14760","16,810","0,730","1,740","9,76","1381","10,00",
" 173/5","25 oct 2025 10:43:39","14768","16,840","0,730","1,720","9,76","1420","10,00",
" 174/1","25 oct 2025 10:45:20","14816","16,820","0,730","1,740","9,75","1384","10,00",
" 174/2","25 oct 2025 10:45:37","14824","16,810","0,730","1,720","9,76","1411","10,00",
" 174/3","25 oct 2025 10:45:54","14832","16,820","0,730","1,720","9,76","1384","10,00",
" 174/4","25 oct 2025 10:46:11","14840","16,830","0,730","1,740","9,74","1386","10,00",
" 174/5","25 oct 2025 10:46:28","14848","16,800","0,730","1,730","9,76","1409","10,00",
" 175/1","25 oct 2025 10:48:10","14896","16,810","0,730","1,730","9,76","1407","10,00",
" 175/2","25 oct 2025 10:48:27","14904","16,820","0,730","1,730","9,76","1400","10,00",
" 175/3","25 oct 2025 10:48:44","14912","16,820","0,730","1,720","9,76","1390","10,00",
" 175/4","25 oct 2025 10:49:01","14920","16,820","0,730","1,740","9,75","1379","10,00",
" 175/5","25 oct 2025 10:49:18","14928","16,820","0,730","1,730","9,75","1420","10,00",
" 176/1","25 oct 2025 10:51:00","14976","16,810","0,730","1,730","9,75","1400","10,00",
" 176/2","25 oct 2025 10:51:17","14984","16,830","0,730","1,730","9,76","1392","10,00",
" 176/3","25 oct 2025 10:51:34","14992","16,820","0,730","1,730","9,76","1393","10,00",
" 176/4","25 oct 2025 10:51:51","15000","16,840","0,730","1,720","9,76","1401","10,00",
" 176/5","25 oct 2025 10:51:59","15008","16,840","0,730","1,720","9,76","1401","10,00",
" 177/1","25 oct 2025 10:53:41","15056","16,810","0,730","1,740","9,76","1379","10,00",
" 177/2","25 oct 2025 10:53:57","15064","16,820","0,730","1,730","9,75","1384","10,00",
" 177/3","25 oct 2025 10:54:14","15072","16,810","0,730","1,730","9,76","1411","10,00",
" 177/4","25 oct 2025 10:54:31","15080","16,860","0,730","1,730","9,76","1398","10,00",
" 177/5","25 oct 2025 10:54:48","15088","16,810","0,730","1,730","9,76","1400","10,00",
" 178/1","25 oct 2025 10:56:30","15136","16,820","0,730","1,740","9,74","1384","10,00",
" 178/2","25 oct 2025 10:56:47","15144","16,810","0,730","1,730","9,76","1393","10,00",
" 178/3","25 oct 2025 10:57:04","15152","16,800","0,730","1,730","9,76","1393","10,00",
" 178/4","25 oct 2025 10:57:21","15160","16,810","0,730","1,740","9,75","1368","10,00",
" 178/5","25 oct 2025 10:57:38","15168","16,770","0,730","1,740","9,76","1396","10,00",
" 179/1","25 oct 2025 10:59:20","15216","16,790","0,730","1,740","9,76","1382","10,00",
" 179/2","25 oct 2025 10:59:36","15224","16,810","0,730","1,730","9,75","1398","10,00",
" 179/3","25 oct 2025 10:59:53","15232","16,800","0,730","1,740","9,76","1379","10,00",
" 179/4","25 oct 2025 11:00:10","15240","16,820","0,730","1,730","9,77","1407","10,00",
" 179/5","25 oct 2025 11:00:27","15248","16,810","0,730","1,730","9,76","1389","10,00",
" 180/1","25 oct 2025 11:02:08","15296","16,810","0,730","1,740","9,76","1382","10,00",
" 180/2","25 oct 2025 11:02:25","15304","16,830","0,730","1,740","9,76","1407","10,00",
" 180/3","25 oct 2025 11:02:42","15312","16,820","0,730","1,740","9,76","1403","10,00",
" 180/4","25 oct 2025 11:02:59","15320","16,820","0,730","1,750","9,75","1381","10,00",
" 180/5","25 oct 2025 11:03:16","15328","16,820","0,730","1,740","9,76","1400","10,00",
" 181/1","25 oct 2025 11:04:57","15376","16,800","0,730","1,740","9,75","1406","10,00",
" 181/2","25 oct 2025 11:05:14","15384","16,800","0,730","1,740","9,76","1400","10,00",
" 181/3","25 oct 2025 11:05:31","15392","16,800","0,730","1,730","9,75","1396","10,00",
" 181/4","25 oct 2025 11:05:48","15400","16,830","0,730","1,740","9,76","1390","10,00",
" 181/5","25 oct 2025 11:06:05","15408","16,840","0,730","1,740","9,76","1414","10,00",
" 182/1","25 oct 2025 11:07:46","15456","16,800","0,730","1,740","9,75","1400","10,00",
" 182/2","25 oct 2025 11:08:03","15464","16,820","0,730","1,740","9,76","1411","10,00",
" 182/3","25 oct 2025 11:08:20","15472","16,810","0,730","1,740","9,76","1401","10,00",
" 182/4","25 oct 2025 11:08:37","15480","16,840","0,730","1,740","9,75","1409","10,00",
" 182/5","25 oct 2025 11:08:54","15488","16,790","0,730","1,740","9,77","1386","10,00",
" 183/1","25 oct 2025 11:10:35","15536","16,800","0,730","1,750","9,76","1384","10,00",
" 183/2","25 oct 2025 11:10:52","15544","16,810","0,730","1,740","9,76","1396","10,00",
" 183/3","25 oct 2025 11:11:09","15552","16,820","0,730","1,750","9,76","1403","10,00",
" 183/4","25 oct 2025 11:11:26","15560","16,810","0,730","1,740","9,76","1390","10,00",
" 183/5","25 oct 2025 11:11:43","15568","16,840","0,730","1,750","9,76","1382","10,00",
" 184/1","25 oct 2025 11:13:25","15616","16,830","0,730","1,740","9,76","1390","10,00",
" 184/2","25 oct 2025 11:13:42","15624","16,800","0,730","1,740","9,76","1398","10,00",
" 184/3","25 oct 2025 11:13:59","15632","16,830","0,730","1,750","9,75","1381","10,00",
" 184/4","25 oct 2025 11:14:16","15640","16,820","0,730","1,730","9,76","1414","10,00",
" 184/5","25 oct 2025 11:14:33","15648","16,860","0,730","1,740","9,76","1396","10,00",
" 185/1","25 oct 2025 11:16:06","15696","16,810","0,730","1,740","9,75","1418","10,00",
" 185/2","25 oct 2025 11:16:23","15704","16,820","0,730","1,740","9,76","1420","10,00",
" 185/3","25 oct 2025 11:16:40","15712","16,820","0,730","1,740","9,75","1418","10,00",
" 185/4","25 oct 2025 11:16:57","15720","16,810","0,730","1,720","9,76","1420","10,00",
" 185/5","25 oct 2025 11:17:13","15728","16,820","0,730","1,730","9,76","1400","10,00",
" 186/1","25 oct 2025 11:18:55","15776","16,830","0,730","1,730","9,76","1401","10,00",
" 186/2","25 oct 2025 11:19:12","15784","16,810","0,730","1,740","9,76","1393","10,00",
" 186/3","25 oct 2025 11:19:29","15792","16,810","0,730","1,720","9,76","1420","10,00",
" 186/4","25 oct 2025 11:19:46","15800","16,810","0,730","1,730","9,76","1403","10,00",
" 186/5","25 oct 2025 11:20:03","15808","16,830","0,730","1,730","9,76","1403","10,00",
" 187/1","25 oct 2025 11:21:44","15856","16,840","0,730","1,730","9,76","1392","10,00",
" 187/2","25 oct 2025 11:22:01","15864","16,800","0,730","1,730","9,76","1401","10,00",
" 187/3","25 oct 2025 11:22:18","15872","16,820","0,730","1,720","9,76","1414","10,00",
" 187/4","25 oct 2025 11:22:35","15880","16,800","0,730","1,730","9,75","1392","10,00",
" 187/5","25 oct 2025 11:22:52","15888","16,820","0,730","1,720","9,77","1401","10,00",
" 188/1","25 oct 2025 11:24:34","15936","16,800","0,730","1,730","9,76","1415","10,00",
" 188/2","25 oct 2025 11:24:50","15944","16,820","0,730","1,720","9,75","1420","10,00",
" 188/3","25 oct 2025 11:25:07","15952","16,810","0,730","1,730","9,75","1423","10,00",
" 188/4","25 oct 2025 11:25:24","15960","16,840","0,730","1,730","9,76","1406","10,00",
" 188/5","25 oct 2025 11:25:41","15968","16,790","0,730","1,730","9,76","1409","10,00",
" 189/1","25 oct 2025 11:27:23","16016","16,800","0,730","1,730","9,76","1417","10,00",
" 189/2","25 oct 2025 11:27:40","16024","16,820","0,730","1,730","9,76","1401","10,00",
" 189/3","25 oct 2025 11:27:57","16032","16,800","0,730","1,720","9,75","1396","10,00",
" 189/4","25 oct 2025 11:28:14","16040","16,850","0,730","1,730","9,77","1390","10,00",
" 189/5","25 oct 2025 11:28:31","16048","16,780","0,730","1,730","9,76","1407","10,00",
" 190/1","25 oct 2025 11:30:12","16096","16,800","0,730","1,730","9,75","1398","10,00",
" 190/2","25 oct 2025 11:30:29","16104","16,810","0,730","1,730","9,76","1400","10,00",
" 190/3","25 oct 2025 11:30:46","16112","16,810","0,730","1,740","9,75","1387","10,00",
" 190/4","25 oct 2025 11:31:03","16120","16,810","0,730","1,730","9,76","1389","10,00",
" 190/5","25 oct 2025 11:31:20","16128","16,820","0,730","1,730","9,76","1389","10,00",
" 191/1","25 oct 2025 11:33:02","16176","16,810","0,730","1,730","9,76","1414","10,00",
" 191/2","25 oct 2025 11:33:19","16184","16,770","0,730","1,740","9,75","1396","10,00",
" 191/3","25 oct 2025 11:33:35","16192","16,810","0,730","1,740","9,76","1398","10,00",
" 191/4","25 oct 2025 11:33:52","16200","16,780","0,730","1,740","9,75","1379","10,00",
" 191/5","25 oct 2025 11:34:09","16208","16,810","0,730","1,730","9,76","1389","10,00",
" 192/1","25 oct 2025 11:35:50","16256","16,800","0,730","1,740","9,77","1409","10,00",
" 192/2","25 oct 2025 11:36:07","16264","16,800","0,730","1,740","9,76","1406","10,00",
" 192/3","25 oct 2025 11:36:24","16272","16,790","0,730","1,730","9,76","1395","10,00",
" 192/4","25 oct 2025 11:36:41","16280","16,820","0,730","1,740","9,74","1379","10,00",
" 192/5","25 oct 2025 11:36:58","16288","16,800","0,730","1,730","9,76","1409","10,00",
" 193/1","25 oct 2025 11:38:40","16336","16,840","0,730","1,740","9,77","1398","10,00",
" 193/2","25 oct 2025 11:38:57","16344","16,810","0,730","1,730","9,77","1406","10,00",
" 193/3","25 oct 2025 11:39:13","16352","16,800","0,730","1,740","9,76","1384","10,00",
" 193/4","25 oct 2025 11:39:30","16360","16,780","0,730","1,750","9,76","1379","10,00",
" 193/5","25 oct 2025 11:39:39","16368","16,780","0,730","1,750","9,76","1379","10,00",
" 194/1","25 oct 2025 11:41:20","16416","16,830","0,730","1,740","9,75","1414","10,00",
" 194/2","25 oct 2025 11:41:37","16424","16,810","0,730","1,750","9,76","1371","10,00",
" 194/3","25 oct 2025 11:41:54","16432","16,790","0,730","1,740","9,76","1403","10,00",
" 194/4","25 oct 2025 11:42:11","16440","16,810","0,730","1,750","9,75","1382","10,00",
" 194/5","25 oct 2025 11:42:28","16448","16,830","0,730","1,740","9,76","1411","10,00",
" 195/1","25 oct 2025 11:44:09","16496","16,820","0,730","1,750","9,74","1375","10,00",
" 195/2","25 oct 2025 11:44:26","16504","16,810","0,730","1,740","9,77","1392","10,00",
" 195/3","25 oct 2025 11:44:43","16512","16,820","0,730","1,740","9,77","1407","10,00",
" 195/4","25 oct 2025 11:45:00","16520","16,840","0,730","1,730","9,76","1401","10,00",
" 195/5","25 oct 2025 11:45:17","16528","16,820","0,730","1,750","9,76","1381","10,00",
" 196/1","25 oct 2025 11:46:59","16576","16,850","0,730","1,750","9,76","1378","10,00",
" 196/2","25 oct 2025 11:47:16","16584","16,820","0,730","1,750","9,76","1387","10,00",
" 196/3","25 oct 2025 11:47:33","16592","16,810","0,730","1,750","9,74","1395","10,00",
" 196/4","25 oct 2025 11:47:50","16600","16,780","0,730","1,750","9,76","1378","10,00",
" 196/5","25 oct 2025 11:48:06","16608","16,840","0,730","1,750","9,76","1401","10,00",
" 197/1","25 oct 2025 11:49:48","16656","16,830","0,730","1,750","9,76","1384","10,00",
" 197/2","25 oct 2025 11:50:05","16664","16,820","0,730","1,750","9,73","1384","10,00",
" 197/3","25 oct 2025 11:50:22","16672","16,800","0,730","1,760","9,76","1393","10,00",
" 197/4","25 oct 2025 11:50:39","16680","16,830","0,730","1,750","9,75","1407","9,99",
" 197/5","25 oct 2025 11:50:56","16688","16,810","0,730","1,750","9,76","1400","10,00",
" 198/1","25 oct 2025 11:52:37","16736","16,830","0,730","1,740","9,76","1411","10,00",
" 198/2","25 oct 2025 11:52:54","16744","16,760","0,730","1,740","9,75","1414","10,00",
" 198/3","25 oct 2025 11:53:11","16752","16,800","0,730","1,750","9,76","1396","10,00",
" 198/4","25 oct 2025 11:53:28","16760","16,800","0,730","1,750","9,75","1376","10,00",
" 198/5","25 oct 2025 11:53:44","16768","16,820","0,730","1,740","9,75","1407","10,00",
" 199/1","25 oct 2025 11:55:26","16816","16,820","0,730","1,750","9,76","1409","10,00",
" 199/2","25 oct 2025 11:55:43","16824","16,800","0,730","1,740","9,75","1418","10,00",
" 199/3","25 oct 2025 11:56:00","16832","16,820","0,730","1,730","9,75","1422","10,00",
" 199/4","25 oct 2025 11:56:17","16840","16,780","0,730","1,740","9,76","1403","10,00",
" 199/5","25 oct 2025 11:56:34","16848","16,840","0,730","1,730","9,76","1412","10,00",
" 200/1","25 oct 2025 11:58:15","16896","16,810","0,730","1,720","9,76","1407","10,00",
" 200/2","25 oct 2025 11:58:32","16904","16,790","0,730","1,730","9,76","1406","10,00",
" 200/3","25 oct 2025 11:58:49","16912","16,800","0,730","1,750","9,73","1381","10,00",
" 200/4","25 oct 2025 11:59:06","16920","16,790","0,730","1,730","9,76","1407","10,00",
" 200/5","25 oct 2025 11:59:23","16928","16,810","0,730","1,740","9,75","1393","10,00",
" 201/1","25 oct 2025 12:01:04","16976","16,780","0,730","1,730","9,76","1386","10,00",
" 201/2","25 oct 2025 12:01:21","16984","16,810","0,730","1,730","9,75","1390","10,00",
" 201/3","25 oct 2025 12:01:38","16992","16,790","0,730","1,730","9,76","1387","10,00",
" 201/4","25 oct 2025 12:01:55","17000","16,820","0,730","1,730","9,76","1393","10,00",
" 201/5","25 oct 2025 12:02:12","17008","16,810","0,730","1,740","9,76","1387","10,00",
" 202/1","25 oct 2025 12:03:53","17056","16,810","0,730","1,730","9,77","1406","10,00",
" 202/2","25 oct 2025 12:04:10","17064","16,800","0,730","1,740","9,76","1393","10,00",
" 202/3","25 oct 2025 12:04:27","17072","16,820","0,730","1,740","9,77","1395","10,00",
" 202/4","25 oct 2025 12:04:44","17080","16,800","0,730","1,720","9,76","1412","10,00",
" 202/5","25 oct 2025 12:05:01","17088","16,810","0,730","1,730","9,76","1389","10,00",
" 203/1","25 oct 2025 12:06:34","17136","16,790","0,730","1,730","9,75","1389","10,00",
" 203/2","25 oct 2025 12:06:51","17144","16,830","0,730","1,730","9,76","1396","10,00",
" 203/3","25 oct 2025 12:07:08","17152","16,790","0,730","1,730","9,76","1395","10,00",
" 203/4","25 oct 2025 12:07:24","17160","16,750","0,730","1,730","9,76","1407","10,00",
" 203/5","25 oct 2025 12:07:41","17168","16,830","0,730","1,740","9,76","1387","10,00",
" 204/1","25 oct 2025 12:09:23","17216","16,830","0,730","1,730","9,74","1387","10,00",
" 204/2","25 oct 2025 12:09:40","17224","16,810","0,730","1,720","9,76","1389","10,00",
" 204/3","25 oct 2025 12:09:57","17232","16,830","0,730","1,730","9,76","1376","10,00",
" 204/4","25 oct 2025 12:10:14","17240","16,800","0,730","1,740","9,75","1378","10,00",
" 204/5","25 oct 2025 12:10:31","17248","16,830","0,730","1,730","9,76","1401","10,00",
" 205/1","25 oct 2025 12:12:13","17296","16,790","0,730","1,730","9,77","1406","10,00",
" 205/2","25 oct 2025 12:12:29","17304","16,810","0,730","1,740","9,75","1379","10,00",
" 205/3","25 oct 2025 12:12:46","17312","16,780","0,730","1,740","9,76","1376","10,00",
" 205/4","25 oct 2025 12:13:03","17320","16,830","0,730","1,730","9,76","1387","10,00",
" 205/5","25 oct 2025 12:13:20","17328","16,800","0,730","1,740","9,76","1376","10,00",
" 206/1","25 oct 2025 12:15:02","17376","16,820","0,730","1,730","9,76","1411","10,00",
" 206/2","25 oct 2025 12:15:19","17384","16,800","0,730","1,740","9,76","1390","10,00",
" 206/3","25 oct 2025 12:15:36","17392","16,840","0,730","1,740","9,76","1411","10,00",
" 206/4","25 oct 2025 12:15:53","17400","16,780","0,730","1,750","9,77","1398","10,00",
" 206/5","25 oct 2025 12:16:10","17408","16,810","0,730","1,740","9,76","1390","10,00",
" 207/1","25 oct 2025 12:17:51","17456","16,770","0,730","1,740","9,76","1396","10,00",
" 207/2","25 oct 2025 12:18:08","17464","16,820","0,730","1,740","9,75","1381","10,00",
" 207/3","25 oct 2025 12:18:25","17472","16,790","0,730","1,740","9,76","1411","10,00",
" 207/4","25 oct 2025 12:18:42","17480","16,820","0,730","1,740","9,76","1404","10,00",
" 207/5","25 oct 2025 12:18:59","17488","16,820","0,730","1,740","9,76","1403","10,00",
" 208/1","25 oct 2025 12:20:41","17536","16,800","0,730","1,730","9,76","1403","10,00",
" 208/2","25 oct 2025 12:20:58","17544","16,800","0,730","1,750","9,77","1384","10,00",
" 208/3","25 oct 2025 12:21:14","17552","16,790","0,730","1,740","9,76","1412","10,00",
" 208/4","25 oct 2025 12:21:31","17560","16,800","0,730","1,750","9,76","1395","10,00",
" 208/5","25 oct 2025 12:21:48","17568","16,780","0,730","1,740","9,76","1400","10,00",
" 209/1","25 oct 2025 12:23:30","17616","16,800","0,730","1,740","9,75","1381","10,00",
" 209/2","25 oct 2025 12:23:47","17624","16,820","0,730","1,750","9,76","1386","10,00",
" 209/3","25 oct 2025 12:24:04","17632","16,820","0,730","1,740","9,76","1411","10,00",
" 209/4","25 oct 2025 12:24:21","17640","16,800","0,730","1,750","9,76","1396","10,00",
" 209/5","25 oct 2025 12:24:38","17648","16,810","0,730","1,740","9,77","1442","10,00",
" 210/1","25 oct 2025 12:26:11","17696","16,820","0,730","1,750","9,75","1406","10,00",
" 210/2","25 oct 2025 12:26:28","17704","16,820","0,730","1,760","9,76","1409","10,00",
" 210/3","25 oct 2025 12:26:45","17712","16,820","0,730","1,750","9,75","1426","10,00",
" 210/4","25 oct 2025 12:27:02","17720","16,820","0,730","1,730","9,76","1439","10,00",
" 210/5","25 oct 2025 12:27:19","17728","16,790","0,730","1,750","9,75","1417","9,99",
" 211/1","25 oct 2025 12:29:00","17776","16,780","0,730","1,760","9,74","1407","10,00",
" 211/2","25 oct 2025 12:29:17","17784","16,830","0,730","1,750","9,76","1434","10,00",
" 211/3","25 oct 2025 12:29:34","17792","16,780","0,730","1,740","9,76","1425","10,00",
" 211/4","25 oct 2025 12:29:51","17800","16,820","0,730","1,750","9,77","1411","10,00",
" 211/5","25 oct 2025 12:30:08","17808","16,850","0,740","1,730","9,71","1442","10,00",
" 212/1","25 oct 2025 12:31:50","17856","16,800","0,730","1,750","9,77","1400","10,00",
" 212/2","25 oct 2025 12:32:07","17864","16,800","0,730","1,750","9,76","1411","10,00",
" 212/3","25 oct 2025 12:32:24","17872","16,810","0,730","1,750","9,76","1428","10,00",
" 212/4","25 oct 2025 12:32:41","17880","16,830","0,730","1,750","9,75","1425","10,00",
" 212/5","25 oct 2025 12:32:58","17888","16,810","0,730","1,740","9,77","1444","10,00",
" 213/1","25 oct 2025 12:34:39","17936","16,810","0,730","1,750","9,76","1418","10,00",
" 213/2","25 oct 2025 12:34:56","17944","16,830","0,730","1,740","9,76","1447","10,00",
" 213/3","25 oct 2025 12:35:13","17952","16,820","0,730","1,740","9,75","1425","10,00",
" 213/4","25 oct 2025 12:35:30","17960","16,810","0,730","1,740","9,77","1422","10,00",
" 213/5","25 oct 2025 12:35:47","17968","16,830","0,730","1,740","9,76","1425","10,00",
" 214/1","25 oct 2025 12:37:29","18016","16,810","0,730","1,730","9,76","1425","10,00",
" 214/2","25 oct 2025 12:37:45","18024","16,820","0,730","1,730","9,76","1431","10,00",
" 214/3","25 oct 2025 12:38:02","18032","16,810","0,730","1,740","9,77","1412","10,00",
" 214/4","25 oct 2025 12:38:19","18040","16,820","0,730","1,730","9,77","1442","10,00",
" 214/5","25 oct 2025 12:38:36","18048","16,830","0,730","1,740","9,75","1436","9,99",
" 215/1","25 oct 2025 12:40:18","18096","16,830","0,730","1,730","9,77","1433","10,00",
" 215/2","25 oct 2025 12:40:35","18104","16,830","0,730","1,730","9,76","1428","10,00",
" 215/3","25 oct 2025 12:40:52","18112","16,780","0,730","1,730","9,76","1415","10,00",
" 215/4","25 oct 2025 12:41:09","18120","16,790","0,730","1,730","9,76","1431","10,00",
" 215/5","25 oct 2025 12:41:25","18128","16,820","0,730","1,730","9,77","1431","10,00",
" 216/1","25 oct 2025 12:43:07","18176","16,840","0,730","1,740","9,76","1411","10,00",
" 216/2","25 oct 2025 12:43:24","18184","16,810","0,730","1,740","9,76","1415","10,00",
" 216/3","25 oct 2025 12:43:41","18192","16,840","0,730","1,730","9,76","1434","10,00",
" 216/4","25 oct 2025 12:43:58","18200","16,810","0,730","1,740","9,76","1422","10,00",
" 216/5","25 oct 2025 12:44:15","18208","16,800","0,730","1,740","9,77","1429","10,00",
" 217/1","25 oct 2025 12:45:56","18256","16,810","0,730","1,720","9,76","1433","10,00",
" 217/2","25 oct 2025 12:46:13","18264","16,820","0,730","1,740","9,74","1415","10,00",
" 217/3","25 oct 2025 12:46:30","18272","16,810","0,730","1,730","9,75","1429","10,00",
" 217/4","25 oct 2025 12:46:47","18280","16,830","0,730","1,720","9,76","1437","10,00",
" 217/5","25 oct 2025 12:47:04","18288","16,790","0,730","1,730","9,76","1420","10,00",
" 218/1","25 oct 2025 12:48:37","18336","16,800","0,730","1,720","9,76","1436","10,00",
" 218/2","25 oct 2025 12:48:54","18344","16,770","0,730","1,730","9,76","1428","10,00",
" 218/3","25 oct 2025 12:49:11","18352","16,800","0,730","1,740","9,75","1422","9,99",
" 218/4","25 oct 2025 12:49:28","18360","16,800","0,730","1,720","9,76","1433","10,00",
" 218/5","25 oct 2025 12:49:45","18368","16,800","0,730","1,730","9,77","1428","10,00",
" 219/1","25 oct 2025 12:51:26","18416","16,820","0,730","1,720","9,77","1433","10,00",
" 219/2","25 oct 2025 12:51:43","18424","16,800","0,730","1,720","9,76","1420","10,00",
" 219/3","25 oct 2025 12:52:00","18432","16,810","0,730","1,730","9,77","1414","10,00",
" 219/4","25 oct 2025 12:52:17","18440","16,800","0,730","1,740","9,77","1406","10,00",
" 219/5","25 oct 2025 12:52:34","18448","16,780","0,730","1,740","9,76","1423","10,00",
" 220/1","25 oct 2025 12:54:15","18496","16,830","0,730","1,740","9,76","1415","10,00",
" 220/2","25 oct 2025 12:54:32","18504","16,820","0,730","1,730","9,76","1414","10,00",
" 220/3","25 oct 2025 12:54:49","18512","16,770","0,730","1,730","9,77","1434","10,00",
" 220/4","25 oct 2025 12:55:06","18520","16,780","0,730","1,730","9,77","1439","10,00",
" 220/5","25 oct 2025 12:55:23","18528","16,810","0,730","1,730","9,76","1417","10,00",
" 221/1","25 oct 2025 12:57:04","18576","16,830","0,730","1,740","9,76","1433","10,00",
" 221/2","25 oct 2025 12:57:22","18584","16,830","0,730","1,740","9,76","1420","10,00",
" 221/3","25 oct 2025 12:57:38","18592","16,810","0,730","1,750","9,77","1415","10,00",
" 221/4","25 oct 2025 12:57:55","18600","16,800","0,730","1,740","9,76","1426","10,00",
" 221/5","25 oct 2025 12:58:12","18608","16,780","0,730","1,740","9,76","1411","10,00",
" 222/1","25 oct 2025 12:59:54","18656","16,830","0,730","1,740","9,77","1414","10,00",
" 222/2","25 oct 2025 13:00:11","18664","16,830","0,730","1,750","9,76","1423","10,00",
" 222/3","25 oct 2025 13:00:28","18672","16,840","0,730","1,750","9,77","1439","10,00",
" 222/4","25 oct 2025 13:00:45","18680","16,810","0,730","1,740","9,77","1439","10,00",
" 222/5","25 oct 2025 13:01:02","18688","16,820","0,730","1,750","9,77","1414","10,00",
" 223/1","25 oct 2025 13:02:44","18736","16,810","0,730","1,740","9,77","1426","10,00",
" 223/2","25 oct 2025 13:03:01","18744","16,810","0,730","1,760","9,77","1404","10,00",
" 223/3","25 oct 2025 13:03:18","18752","16,850","0,730","1,740","9,77","1436","10,00",
" 223/4","25 oct 2025 13:03:35","18760","16,800","0,730","1,760","9,76","1407","10,00",
" 223/5","25 oct 2025 13:03:51","18768","16,830","0,730","1,750","9,76","1425","10,00",
" 224/1","25 oct 2025 13:05:33","18816","16,830","0,730","1,760","9,76","1420","10,00",
" 224/2","25 oct 2025 13:05:50","18824","16,800","0,730","1,750","9,75","1426","10,00",
" 224/3","25 oct 2025 13:06:07","18832","16,820","0,730","1,750","9,75","1420","10,00",
" 224/4","25 oct 2025 13:06:24","18840","16,780","0,730","1,750","9,75","1428","10,00",
" 224/5","25 oct 2025 13:06:41","18848","16,810","0,730","1,750","9,77","1444","10,00",
" 225/1","25 oct 2025 13:08:22","18896","16,820","0,730","1,750","9,77","1406","10,00",
" 225/2","25 oct 2025 13:08:39","18904","16,820","0,730","1,750","9,76","1407","10,00",
" 225/3","25 oct 2025 13:08:56","18912","16,810","0,730","1,750","9,76","1420","10,00",
" 225/4","25 oct 2025 13:09:13","18920","16,800","0,730","1,760","9,75","1409","10,00",
" 225/5","25 oct 2025 13:09:30","18928","16,820","0,730","1,750","9,77","1433","10,00",
" 226/1","25 oct 2025 13:11:03","18976","16,810","0,730","1,750","9,75","1429","10,00",
" 226/2","25 oct 2025 13:11:20","18984","16,840","0,730","1,740","9,77","1436","10,00",
" 226/3","25 oct 2025 13:11:37","18992","16,810","0,730","1,740","9,76","1403","10,00",
" 226/4","25 oct 2025 13:11:54","19000","16,800","0,730","1,730","9,76","1409","10,00",
" 226/5","25 oct 2025 13:12:11","19008","16,810","0,730","1,740","9,76","1407","10,00",
" 227/1","25 oct 2025 13:13:52","19056","16,810","0,730","1,750","9,76","1400","10,00",
" 227/2","25 oct 2025 13:14:09","19064","16,820","0,730","1,740","9,77","1439","10,00",
" 227/3","25 oct 2025 13:14:26","19072","16,820","0,730","1,740","9,76","1420","10,00",
" 227/4","25 oct 2025 13:14:43","19080","16,800","0,730","1,740","9,77","1431","10,00",
" 227/5","25 oct 2025 13:15:00","19088","16,800","0,730","1,740","9,75","1407","10,00",
" 228/1","25 oct 2025 13:16:41","19136","16,800","0,730","1,740","9,76","1409","10,00",
" 228/2","25 oct 2025 13:16:58","19144","16,800","0,730","1,740","9,76","1414","10,00",
" 228/3","25 oct 2025 13:17:15","19152","16,810","0,730","1,740","9,75","1409","10,00",
" 228/4","25 oct 2025 13:17:32","19160","16,810","0,730","1,740","9,77","1409","10,00",
" 228/5","25 oct 2025 13:17:49","19168","16,790","0,730","1,740","9,76","1415","10,00",
" 229/1","25 oct 2025 13:19:31","19216","16,810","0,730","1,740","9,76","1412","10,00",
" 229/2","25 oct 2025 13:19:47","19224","16,820","0,730","1,740","9,76","1400","10,00",
" 229/3","25 oct 2025 13:20:04","19232","16,810","0,730","1,740","9,76","1420","10,00",
" 229/4","25 oct 2025 13:20:21","19240","16,810","0,730","1,740","9,75","1387","10,00",
" 229/5","25 oct 2025 13:20:38","19248","16,800","0,730","1,740","9,76","1414","10,00",
" 230/1","25 oct 2025 13:22:20","19296","16,800","0,730","1,740","9,73","1381","10,00",
" 230/2","25 oct 2025 13:22:36","19304","16,800","0,730","1,740","9,76","1387","10,00",
" 230/3","25 oct 2025 13:22:53","19312","16,810","0,730","1,740","9,76","1395","10,00",
" 230/4","25 oct 2025 13:23:10","19320","16,840","0,730","1,740","9,76","1401","10,00",
" 230/5","25 oct 2025 13:23:27","19328","16,790","0,730","1,740","9,76","1392","10,00",
" 231/1","25 oct 2025 13:27:51","19392","16,800","0,730","1,690","9,75","1392","10,00",
" 231/2","25 oct 2025 13:28:07","19400","16,790","0,730","1,710","9,74","1381","10,00",
" 231/3","25 oct 2025 13:28:24","19408","16,820","0,730","1,710","9,76","1403","10,00",
" 231/4","25 oct 2025 13:28:41","19416","16,820","0,730","1,700","9,76","1417","10,00",
" 231/5","25 oct 2025 13:28:58","19424","16,780","0,730","1,730","9,76","1401","10,00",
" 232/1","25 oct 2025 13:30:40","19472","16,820","0,730","1,740","9,76","1414","10,00",
" 232/2","25 oct 2025 13:30:57","19480","16,830","0,730","1,730","9,76","1407","10,00",
" 232/3","25 oct 2025 13:31:14","19488","16,830","0,730","1,740","9,74","1387","10,00",
" 232/4","25 oct 2025 13:31:31","19496","16,830","0,730","1,750","9,75","1387","10,00",
" 232/5","25 oct 2025 13:31:48","19504","16,800","0,730","1,750","9,75","1392","10,00",
" 233/1","25 oct 2025 13:33:29","19552","16,790","0,730","1,740","9,76","1400","10,00",
" 233/2","25 oct 2025 13:33:46","19560","16,850","0,730","1,750","9,75","1373","10,00",
" 233/3","25 oct 2025 13:34:03","19568","16,840","0,730","1,760","9,74","1386","10,00",
" 233/4","25 oct 2025 13:34:20","19576","16,830","0,730","1,730","9,77","1423","10,00",
" 233/5","25 oct 2025 13:34:29","19584","16,830","0,730","1,730","9,77","1423","10,00",
" 234/1","25 oct 2025 13:36:10","19632","16,820","0,730","1,740","9,74","1393","10,00",
" 234/2","25 oct 2025 13:36:27","19640","16,800","0,730","1,750","9,73","1378","10,00",
" 234/3","25 oct 2025 13:36:44","19648","16,790","0,730","1,750","9,75","1378","10,00",
" 234/4","25 oct 2025 13:37:01","19656","16,800","0,730","1,760","9,75","1393","10,00",
" 234/5","25 oct 2025 13:37:18","19664","16,810","0,730","1,750","9,76","1404","10,00",
" 235/1","25 oct 2025 13:38:59","19712","16,820","0,730","1,750","9,76","1415","10,00",
" 235/2","25 oct 2025 13:39:16","19720","16,830","0,730","1,750","9,77","1428","10,00",
" 235/3","25 oct 2025 13:39:33","19728","16,810","0,730","1,740","9,76","1406","9,99",
" 235/4","25 oct 2025 13:39:50","19736","16,810","0,730","1,750","9,76","1400","10,00",
" 235/5","25 oct 2025 13:40:07","19744","16,800","0,730","1,750","9,76","1404","10,00",
" 236/1","25 oct 2025 13:41:48","19792","16,800","0,730","1,750","9,76","1400","10,00",
" 236/2","25 oct 2025 13:42:05","19800","16,800","0,730","1,750","9,75","1420","10,00",
" 236/3","25 oct 2025 13:42:22","19808","16,800","0,730","1,750","9,75","1406","10,00",
" 236/4","25 oct 2025 13:42:39","19816","16,820","0,730","1,750","9,74","1386","10,00",
" 236/5","25 oct 2025 13:42:56","19824","16,820","0,730","1,760","9,76","1393","10,00",
" 237/1","25 oct 2025 13:44:37","19872","16,790","0,730","1,750","9,76","1406","10,00",
" 237/2","25 oct 2025 13:44:54","19880","16,800","0,730","1,740","9,77","1420","10,00",
" 237/3","25 oct 2025 13:45:11","19888","16,810","0,730","1,750","9,77","1390","10,00",
" 237/4","25 oct 2025 13:45:28","19896","16,830","0,730","1,750","9,77","1411","10,00",
" 237/5","25 oct 2025 13:45:45","19904","16,800","0,730","1,750","9,74","1393","10,00",
" 238/1","25 oct 2025 13:47:27","19952","16,820","0,730","1,740","9,76","1417","10,00",
" 238/2","25 oct 2025 13:47:44","19960","16,780","0,730","1,740","9,76","1423","10,00",
" 238/3","25 oct 2025 13:48:01","19968","16,830","0,730","1,740","9,75","1406","10,00",
" 238/4","25 oct 2025 13:48:18","19976","16,820","0,730","1,740","9,76","1423","10,00",
" 238/5","25 oct 2025 13:48:34","19984","16,810","0,730","1,740","9,76","1411","10,00",
" 239/1","25 oct 2025 13:50:16","20032","16,810","0,730","1,740","9,76","1414","10,00",
" 239/2","25 oct 2025 13:50:33","20040","16,820","0,730","1,720","9,76","1423","10,00",
" 239/3","25 oct 2025 13:50:50","20048","16,810","0,730","1,730","9,76","1392","10,00",
" 239/4","25 oct 2025 13:51:07","20056","16,810","0,730","1,740","9,74","1390","10,00",
" 239/5","25 oct 2025 13:51:24","20064","16,830","0,730","1,750","9,75","1389","10,00",
" 240/1","25 oct 2025 13:53:05","20112","16,830","0,730","1,730","9,76","1401","10,00",
" 240/2","25 oct 2025 13:53:22","20120","16,810","0,730","1,740","9,76","1406","10,00",
" 240/3","25 oct 2025 13:53:39","20128","16,830","0,730","1,740","9,75","1411","10,00",
" 240/4","25 oct 2025 13:53:56","20136","16,830","0,730","1,730","9,78","1425","10,00",
" 240/5","25 oct 2025 13:54:13","20144","16,810","0,730","1,730","9,77","1425","10,00",
" 241/1","25 oct 2025 13:55:54","20192","16,810","0,730","1,740","9,76","1411","10,00",
" 241/2","25 oct 2025 13:56:11","20200","16,790","0,730","1,740","9,74","1392","10,00",
" 241/3","25 oct 2025 13:56:28","20208","16,840","0,730","1,730","9,77","1418","10,00",
" 241/4","25 oct 2025 13:56:45","20216","16,810","0,730","1,720","9,76","1418","10,00",
" 241/5","25 oct 2025 13:57:02","20224","16,810","0,730","1,720","9,76","1418","10,00",
" 242/1","25 oct 2025 13:58:35","20272","16,810","0,730","1,730","9,76","1401","10,00",
" 242/2","25 oct 2025 13:58:52","20280","16,820","0,730","1,730","9,74","1407","10,00",
" 242/3","25 oct 2025 13:59:09","20288","16,790","0,730","1,740","9,77","1414","10,00",
" 242/4","25 oct 2025 13:59:26","20296","16,790","0,730","1,730","9,75","1426","10,00",
" 242/5","25 oct 2025 13:59:43","20304","16,830","0,730","1,730","9,76","1415","10,00",
" 243/1","25 oct 2025 14:01:24","20352","16,810","0,730","1,730","9,76","1425","10,00",
" 243/2","25 oct 2025 14:01:41","20360","16,810","0,730","1,730","9,76","1442","10,00",
" 243/3","25 oct 2025 14:01:58","20368","16,800","0,730","1,730","9,75","1429","10,00",
" 243/4","25 oct 2025 14:02:15","20376","16,780","0,730","1,740","9,76","1404","10,00",
" 243/5","25 oct 2025 14:02:32","20384","16,790","0,730","1,730","9,76","1415","10,00",
" 244/1","25 oct 2025 14:04:13","20432","16,820","0,730","1,740","9,77","1401","10,00",
" 244/2","25 oct 2025 14:04:30","20440","16,810","0,730","1,740","9,75","1425","10,00",
" 244/3","25 oct 2025 14:04:47","20448","16,810","0,730","1,730","9,75","1403","10,00",
" 244/4","25 oct 2025 14:05:04","20456","16,780","0,730","1,740","9,76","1398","10,00",
" 244/5","25 oct 2025 14:05:21","20464","16,790","0,730","1,750","9,76","1403","10,00",
" 245/1","25 oct 2025 14:07:02","20512","16,810","0,730","1,740","9,76","1401","10,00",
" 245/2","25 oct 2025 14:07:19","20520","16,790","0,730","1,740","9,75","1395","10,00",
" 245/3","25 oct 2025 14:07:36","20528","16,800","0,730","1,750","9,76","1406","10,00",
" 245/4","25 oct 2025 14:07:53","20536","16,800","0,730","1,740","9,76","1411","10,00",
" 245/5","25 oct 2025 14:08:10","20544","16,780","0,730","1,730","9,76","1417","10,00",
" 246/1","25 oct 2025 14:09:52","20592","16,810","0,730","1,740","9,76","1404","10,00",
" 246/2","25 oct 2025 14:10:09","20600","16,800","0,730","1,740","9,76","1407","10,00",
" 246/3","25 oct 2025 14:10:25","20608","16,820","0,730","1,740","9,76","1422","10,00",
" 246/4","25 oct 2025 14:10:42","20616","16,800","0,730","1,740","9,76","1422","10,00",
" 246/5","25 oct 2025 14:10:59","20624","16,810","0,730","1,750","9,76","1411","10,00",
" 247/1","25 oct 2025 14:12:41","20672","16,820","0,730","1,740","9,76","1406","10,00",
" 247/2","25 oct 2025 14:12:57","20680","16,810","0,730","1,740","9,76","1412","10,00",
" 247/3","25 oct 2025 14:13:14","20688","16,840","0,730","1,740","9,76","1398","10,00",
" 247/4","25 oct 2025 14:13:31","20696","16,780","0,730","1,750","9,76","1401","10,00",
" 247/5","25 oct 2025 14:13:48","20704","16,820","0,730","1,750","9,73","1393","10,00",
" 248/1","25 oct 2025 14:15:29","20752","16,810","0,730","1,750","9,76","1390","10,00",
" 248/2","25 oct 2025 14:15:46","20760","16,780","0,730","1,750","9,75","1381","10,00",
" 248/3","25 oct 2025 14:16:03","20768","16,800","0,730","1,740","9,75","1415","10,00",
" 248/4","25 oct 2025 14:16:20","20776","16,780","0,730","1,740","9,75","1401","10,00",
" 248/5","25 oct 2025 14:16:37","20784","16,800","0,730","1,760","9,73","1393","10,00",
" 249/1","25 oct 2025 14:18:18","20832","16,830","0,730","1,740","9,77","1417","10,00",
" 249/2","25 oct 2025 14:18:35","20840","16,780","0,730","1,750","9,76","1417","10,00",
" 249/3","25 oct 2025 14:18:52","20848","16,790","0,730","1,750","9,77","1418","10,00",
" 249/4","25 oct 2025 14:19:09","20856","16,810","0,730","1,730","9,74","1428","10,00",
" 249/5","25 oct 2025 14:19:26","20864","16,800","0,730","1,730","9,74","1395","10,00",
" 250/1","25 oct 2025 14:21:08","20912","16,800","0,730","1,750","9,76","1393","10,00",
" 250/2","25 oct 2025 14:21:25","20920","16,800","0,730","1,750","9,74","1389","10,00",
" 250/3","25 oct 2025 14:21:41","20928","16,800","0,730","1,750","9,75","1420","10,00",
" 250/4","25 oct 2025 14:21:58","20936","16,840","0,730","1,740","9,76","1417","10,00",
" 250/5","25 oct 2025 14:22:15","20944","16,810","0,730","1,740","9,76","1412","10,00",
" 251/1","25 oct 2025 14:23:56","20992","16,800","0,730","1,740","9,76","1411","10,00",
" 251/2","25 oct 2025 14:24:13","21000","16,800","0,730","1,740","9,75","1418","10,00",
" 251/3","25 oct 2025 14:24:30","21008","16,820","0,730","1,750","9,76","1398","10,00",
" 251/4","25 oct 2025 14:24:47","21016","16,780","0,730","1,740","9,75","1411","10,00",
" 251/5","25 oct 2025 14:24:56","21024","16,780","0,730","1,740","9,75","1411","10,00",
" 252/1","25 oct 2025 14:28:19","21080","16,830","0,730","1,700","9,76","1401","10,00",
" 252/2","25 oct 2025 14:28:36","21088","16,810","0,730","1,720","9,76","1417","9,99",
" 252/3","25 oct 2025 14:28:53","21096","16,820","0,730","1,710","9,75","1417","10,00",
" 252/4","25 oct 2025 14:29:10","21104","16,840","0,730","1,710","9,74","1400","10,00",
" 252/5","25 oct 2025 14:29:27","21112","16,820","0,730","1,710","9,77","1422","10,00",
" 253/1","25 oct 2025 14:31:09","21160","16,800","0,730","1,730","9,76","1403","10,00",
" 253/2","25 oct 2025 14:31:26","21168","16,820","0,730","1,730","9,74","1400","10,00",
" 253/3","25 oct 2025 14:31:42","21176","16,820","0,730","1,740","9,74","1384","10,00",
" 253/4","25 oct 2025 14:31:59","21184","16,800","0,730","1,730","9,74","1400","10,00",
" 253/5","25 oct 2025 14:32:08","21192","16,800","0,730","1,730","9,74","1400","10,00",
" 254/1","25 oct 2025 14:33:49","21240","16,820","0,730","1,740","9,75","1400","10,00",
" 254/2","25 oct 2025 14:34:06","21248","16,800","0,730","1,740","9,76","1414","10,00",
" 254/3","25 oct 2025 14:34:23","21256","16,800","0,730","1,730","9,76","1417","10,00",
" 254/4","25 oct 2025 14:34:40","21264","16,810","0,730","1,730","9,76","1407","10,00",
" 254/5","25 oct 2025 14:34:57","21272","16,820","0,730","1,730","9,76","1418","10,00",
" 255/1","25 oct 2025 14:36:38","21320","16,810","0,730","1,730","9,76","1412","10,00",
" 255/2","25 oct 2025 14:36:55","21328","16,800","0,730","1,720","9,76","1407","10,00",
" 255/3","25 oct 2025 14:37:12","21336","16,790","0,730","1,730","9,76","1395","10,00",
" 255/4","25 oct 2025 14:37:29","21344","16,780","0,730","1,730","9,75","1401","10,00",
" 255/5","25 oct 2025 14:37:46","21352","16,800","0,730","1,740","9,76","1400","10,00",
" 256/1","25 oct 2025 14:39:27","21400","16,820","0,730","1,740","9,76","1395","10,00",
" 256/2","25 oct 2025 14:39:44","21408","16,800","0,730","1,720","9,76","1431","10,00",
" 256/3","25 oct 2025 14:40:01","21416","16,830","0,730","1,730","9,75","1403","10,00",
" 256/4","25 oct 2025 14:40:18","21424","16,810","0,730","1,740","9,76","1400","10,00",
" 256/5","25 oct 2025 14:40:35","21432","16,800","0,730","1,740","9,75","1417","10,00",
" 257/1","25 oct 2025 14:42:17","21480","16,800","0,730","1,740","9,76","1390","10,00",
" 257/2","25 oct 2025 14:42:33","21488","16,800","0,730","1,730","9,76","1406","10,00",
" 257/3","25 oct 2025 14:42:50","21496","16,800","0,730","1,740","9,74","1392","10,00",
" 257/4","25 oct 2025 14:43:07","21504","16,800","0,730","1,740","9,76","1417","10,00",
" 257/5","25 oct 2025 14:43:24","21512","16,780","0,730","1,740","9,76","1415","10,00",
" 258/1","25 oct 2025 14:45:05","21560","16,800","0,730","1,740","9,75","1393","10,00",
" 258/2","25 oct 2025 14:45:22","21568","16,800","0,730","1,760","9,74","1381","10,00",
" 258/3","25 oct 2025 14:45:39","21576","16,810","0,730","1,740","9,77","1411","10,00",
" 258/4","25 oct 2025 14:45:56","21584","16,820","0,730","1,740","9,76","1414","10,00",
" 258/5","25 oct 2025 14:46:13","21592","16,800","0,730","1,740","9,76","1400","10,00",
" 259/1","25 oct 2025 14:47:54","21640","16,820","0,730","1,730","9,76","1431","10,00",
" 259/2","25 oct 2025 14:48:11","21648","16,810","0,730","1,740","9,76","1398","10,00",
" 259/3","25 oct 2025 14:48:28","21656","16,820","0,730","1,750","9,74","1382","10,00",
" 259/4","25 oct 2025 14:48:45","21664","16,820","0,730","1,740","9,75","1404","10,00",
" 259/5","25 oct 2025 14:49:02","21672","16,820","0,730","1,740","9,76","1414","10,00",
" 260/1","25 oct 2025 14:50:43","21720","16,780","0,730","1,740","9,74","1392","10,00",
" 260/2","25 oct 2025 14:51:00","21728","16,790","0,730","1,750","9,75","1384","10,00",
" 260/3","25 oct 2025 14:51:17","21736","16,810","0,730","1,740","9,76","1418","10,00",
" 260/4","25 oct 2025 14:51:34","21744","16,830","0,730","1,740","9,76","1409","10,00",
" 260/5","25 oct 2025 14:51:51","21752","16,840","0,730","1,740","9,76","1415","10,00",
" 261/1","25 oct 2025 14:53:32","21800","16,800","0,730","1,750","9,76","1401","10,00",
" 261/2","25 oct 2025 14:53:49","21808","16,810","0,730","1,740","9,73","1409","10,00",
" 261/3","25 oct 2025 14:54:06","21816","16,800","0,730","1,740","9,75","1392","10,00",
" 261/4","25 oct 2025 14:54:23","21824","16,820","0,730","1,730","9,76","1404","10,00",
" 261/5","25 oct 2025 14:54:40","21832","16,800","0,730","1,730","9,76","1411","10,00",
" 262/1","25 oct 2025 14:56:22","21880","16,800","0,730","1,740","9,76","1417","10,00",
" 262/2","25 oct 2025 14:56:39","21888","16,820","0,730","1,740","9,75","1398","10,00",
" 262/3","25 oct 2025 14:56:56","21896","16,790","0,730","1,750","9,76","1400","10,00",
" 262/4","25 oct 2025 14:57:12","21904","16,790","0,730","1,740","9,76","1423","10,00",
" 262/5","25 oct 2025 14:57:29","21912","16,830","0,730","1,750","9,76","1409","10,00",
" 263/1","25 oct 2025 14:59:02","21960","16,820","0,730","1,740","9,76","1415","10,00",
" 263/2","25 oct 2025 14:59:19","21968","16,790","0,730","1,750","9,75","1411","9,99",
" 263/3","25 oct 2025 14:59:36","21976","16,830","0,730","1,740","9,77","1436","10,00",
" 263/4","25 oct 2025 14:59:53","21984","16,810","0,730","1,760","9,76","1398","10,00",
" 263/5","25 oct 2025 15:00:10","21992","16,790","0,730","1,740","9,76","1420","10,00",
" 264/1","25 oct 2025 15:01:51","22040","16,790","0,730","1,750","9,76","1429","10,00",
" 264/2","25 oct 2025 15:02:08","22048","16,780","0,730","1,750","9,76","1418","10,00",
" 264/3","25 oct 2025 15:02:25","22056","16,810","0,730","1,750","9,75","1396","10,00",
" 264/4","25 oct 2025 15:02:42","22064","16,800","0,730","1,760","9,76","1392","10,00",
" 264/5","25 oct 2025 15:02:58","22072","16,830","0,730","1,760","9,76","1414","10,00",
" 265/1","25 oct 2025 15:04:40","22120","16,820","0,730","1,750","9,77","1418","10,00",
" 265/2","25 oct 2025 15:04:57","22128","16,800","0,730","1,750","9,76","1414","10,00",
" 265/3","25 oct 2025 15:05:14","22136","16,820","0,730","1,750","9,76","1417","10,00",
" 265/4","25 oct 2025 15:05:31","22144","16,790","0,730","1,750","9,76","1409","10,00",
" 265/5","25 oct 2025 15:05:48","22152","16,810","0,730","1,750","9,77","1412","10,00",
" 266/1","25 oct 2025 15:07:29","22200","16,800","0,730","1,750","9,76","1417","10,00",
" 266/2","25 oct 2025 15:07:46","22208","16,780","0,730","1,740","9,76","1423","10,00",
" 266/3","25 oct 2025 15:08:03","22216","16,820","0,730","1,760","9,76","1395","10,00",
" 266/4","25 oct 2025 15:08:20","22224","16,800","0,730","1,740","9,76","1433","10,00",
" 266/5","25 oct 2025 15:08:36","22232","16,780","0,730","1,750","9,76","1414","10,00",
" 267/1","25 oct 2025 15:10:18","22280","16,830","0,730","1,740","9,76","1418","10,00",
" 267/2","25 oct 2025 15:10:35","22288","16,790","0,730","1,740","9,77","1433","10,00",
" 267/3","25 oct 2025 15:10:52","22296","16,790","0,730","1,740","9,76","1429","10,00",
" 267/4","25 oct 2025 15:11:09","22304","16,800","0,730","1,740","9,76","1414","10,00",
" 267/5","25 oct 2025 15:11:26","22312","16,780","0,730","1,740","9,77","1409","10,00",
" 268/1","25 oct 2025 15:13:07","22360","16,800","0,730","1,740","9,76","1403","10,00",
" 268/2","25 oct 2025 15:13:24","22368","16,800","0,730","1,740","9,76","1407","10,00",
" 268/3","25 oct 2025 15:13:41","22376","16,810","0,730","1,730","9,77","1400","10,00",
" 268/4","25 oct 2025 15:13:58","22384","16,810","0,730","1,750","9,75","1400","10,00",
" 268/5","25 oct 2025 15:14:15","22392","16,780","0,730","1,740","9,76","1420","10,00",
" 269/1","25 oct 2025 15:15:57","22440","16,790","0,730","1,740","9,76","1400","10,00",
" 269/2","25 oct 2025 15:16:13","22448","16,810","0,730","1,730","9,77","1436","10,00",
" 269/3","25 oct 2025 15:16:30","22456","16,790","0,730","1,740","9,76","1409","10,00",
" 269/4","25 oct 2025 15:16:47","22464","16,800","0,730","1,740","9,75","1434","10,00",
" 269/5","25 oct 2025 15:17:04","22472","16,800","0,730","1,740","9,76","1411","10,00",
" 270/1","25 oct 2025 15:18:45","22520","16,810","0,730","1,740","9,76","1409","10,00",
" 270/2","25 oct 2025 15:19:02","22528","16,790","0,730","1,740","9,75","1422","10,00",
" 270/3","25 oct 2025 15:19:19","22536","16,800","0,730","1,740","9,76","1420","10,00",
" 270/4","25 oct 2025 15:19:36","22544","16,800","0,730","1,740","9,76","1411","10,00",
" 270/5","25 oct 2025 15:19:53","22552","16,800","0,730","1,740","9,77","1401","10,00",
" 271/1","25 oct 2025 15:21:34","22600","16,800","0,730","1,740","9,74","1387","10,00",
" 271/2","25 oct 2025 15:21:51","22608","16,800","0,730","1,740","9,75","1409","10,00",
" 271/3","25 oct 2025 15:22:08","22616","16,810","0,730","1,740","9,76","1403","10,00",
" 271/4","25 oct 2025 15:22:25","22624","16,820","0,730","1,740","9,76","1412","10,00",
" 271/5","25 oct 2025 15:22:42","22632","16,800","0,730","1,740","9,75","1403","10,00",
" 272/1","25 oct 2025 15:24:23","22680","16,810","0,730","1,750","9,76","1403","10,00",
" 272/2","25 oct 2025 15:24:40","22688","16,790","0,730","1,740","9,77","1414","10,00",
" 272/3","25 oct 2025 15:24:57","22696","16,810","0,730","1,750","9,76","1395","10,00",
" 272/4","25 oct 2025 15:25:06","22704","16,810","0,730","1,750","9,76","1395","10,00",
" 272/5","25 oct 2025 15:25:23","22712","16,780","0,730","1,740","9,73","1392","10,00",
" 273/1","25 oct 2025 15:27:04","22760","16,800","0,730","1,750","9,76","1401","10,00",
" 273/2","25 oct 2025 15:27:20","22768","16,780","0,730","1,760","9,74","1373","10,00",
" 273/3","25 oct 2025 15:27:37","22776","16,790","0,730","1,760","9,75","1392","10,00",
" 273/4","25 oct 2025 15:27:54","22784","16,820","0,730","1,760","9,74","1393","10,00",
" 273/5","25 oct 2025 15:28:11","22792","16,840","0,730","1,750","9,76","1418","10,00",
" 274/1","25 oct 2025 15:29:53","22840","16,800","0,730","1,750","9,76","1403","10,00",
" 274/2","25 oct 2025 15:30:10","22848","16,810","0,730","1,740","9,76","1406","10,00",
" 274/3","25 oct 2025 15:30:26","22856","16,770","0,730","1,740","9,77","1401","10,00",
" 274/4","25 oct 2025 15:30:43","22864","16,790","0,730","1,740","9,76","1409","10,00",
" 274/5","25 oct 2025 15:31:00","22872","16,820","0,730","1,750","9,75","1384","10,00",
" 275/1","25 oct 2025 15:32:41","22920","16,790","0,730","1,740","9,75","1411","10,00",
" 275/2","25 oct 2025 15:32:58","22928","16,820","0,730","1,760","9,74","1389","10,00",
" 275/3","25 oct 2025 15:33:15","22936","16,800","0,730","1,740","9,77","1411","10,00",
" 275/4","25 oct 2025 15:33:32","22944","16,820","0,730","1,740","9,76","1418","10,00",
" 275/5","25 oct 2025 15:33:49","22952","16,790","0,730","1,740","9,75","1389","10,00",
" 276/1","25 oct 2025 15:35:30","23000","16,800","0,730","1,750","9,76","1409","10,00",
" 276/2","25 oct 2025 15:35:47","23008","16,790","0,730","1,750","9,76","1404","10,00",
" 276/3","25 oct 2025 15:36:04","23016","16,790","0,730","1,750","9,74","1396","10,00",
" 276/4","25 oct 2025 15:36:21","23024","16,800","0,730","1,750","9,76","1425","10,00",
" 276/5","25 oct 2025 15:36:38","23032","16,810","0,730","1,760","9,75","1403","10,00",
" 277/1","25 oct 2025 15:38:19","23080","16,810","0,730","1,750","9,76","1414","10,00",
" 277/2","25 oct 2025 15:38:36","23088","16,800","0,730","1,750","9,75","1406","10,00",
" 277/3","25 oct 2025 15:38:53","23096","16,790","0,730","1,760","9,76","1396","10,00",
" 277/4","25 oct 2025 15:39:10","23104","16,800","0,730","1,760","9,74","1382","10,00",
" 277/5","25 oct 2025 15:39:27","23112","16,810","0,730","1,760","9,76","1411","10,00",
" 278/1","25 oct 2025 15:41:08","23160","16,820","0,730","1,760","9,76","1403","10,00",
" 278/2","25 oct 2025 15:41:25","23168","16,800","0,730","1,760","9,76","1422","10,00",
" 278/3","25 oct 2025 15:41:42","23176","16,790","0,730","1,760","9,76","1389","10,00",
" 278/4","25 oct 2025 15:41:58","23184","16,810","0,730","1,760","9,76","1404","10,00",
" 278/5","25 oct 2025 15:42:15","23192","16,810","0,730","1,750","9,76","1420","10,00",
" 279/1","25 oct 2025 15:43:57","23240","16,830","0,730","1,750","9,74","1404","10,00",
" 279/2","25 oct 2025 15:44:14","23248","16,810","0,730","1,760","9,74","1400","10,00",
" 279/3","25 oct 2025 15:44:31","23256","16,800","0,730","1,740","9,74","1401","10,00",
" 279/4","25 oct 2025 15:44:48","23264","16,800","0,730","1,750","9,76","1401","10,00",
" 279/5","25 oct 2025 15:45:05","23272","16,810","0,730","1,750","9,73","1398","10,00",
" 280/1","25 oct 2025 15:46:46","23320","16,840","0,730","1,750","9,77","1417","10,00",
" 280/2","25 oct 2025 15:47:03","23328","16,810","0,730","1,760","9,75","1403","10,00",
" 280/3","25 oct 2025 15:47:20","23336","16,820","0,730","1,750","9,76","1411","9,99",
" 280/4","25 oct 2025 15:47:37","23344","16,780","0,730","1,740","9,77","1415","10,00",
" 280/5","25 oct 2025 15:47:54","23352","16,810","0,730","1,750","9,75","1400","10,00",
" 281/1","25 oct 2025 15:49:35","23400","16,820","0,730","1,740","9,75","1393","10,00",
" 281/2","25 oct 2025 15:49:52","23408","16,790","0,730","1,740","9,76","1420","10,00",
" 281/3","25 oct 2025 15:50:09","23416","16,790","0,730","1,730","9,76","1414","10,00",
" 281/4","25 oct 2025 15:50:26","23424","16,810","0,730","1,740","9,75","1407","10,00",
" 281/5","25 oct 2025 15:50:43","23432","16,810","0,730","1,730","9,76","1426","10,00",
" 282/1","25 oct 2025 15:52:25","23480","16,800","0,730","1,730","9,75","1411","10,00",
" 282/2","25 oct 2025 15:52:33","23488","16,800","0,730","1,730","9,75","1411","10,00",
" 282/3","25 oct 2025 15:52:50","23496","16,810","0,730","1,740","9,74","1411","10,00",
" 282/4","25 oct 2025 15:53:07","23504","16,810","0,730","1,730","9,76","1414","10,00",
" 282/5","25 oct 2025 15:53:24","23512","16,800","0,730","1,740","9,75","1396","10,00",
" 283/1","25 oct 2025 15:55:05","23560","16,800","0,730","1,740","9,76","1423","10,00",
" 283/2","25 oct 2025 15:55:22","23568","16,810","0,730","1,740","9,76","1418","10,00",
" 283/3","25 oct 2025 15:55:39","23576","16,800","0,730","1,740","9,76","1423","10,00",
" 283/4","25 oct 2025 15:55:56","23584","16,820","0,730","1,740","9,76","1423","10,00",
" 283/5","25 oct 2025 15:56:13","23592","16,810","0,730","1,740","9,76","1431","10,00",
" 284/1","25 oct 2025 15:57:54","23640","16,810","0,730","1,740","9,74","1407","10,00",
" 284/2","25 oct 2025 15:58:11","23648","16,770","0,730","1,730","9,76","1406","10,00",
" 284/3","25 oct 2025 15:58:28","23656","16,820","0,730","1,740","9,75","1396","10,00",
" 284/4","25 oct 2025 15:58:45","23664","16,830","0,730","1,740","9,76","1414","10,00",
" 284/5","25 oct 2025 15:59:02","23672","16,770","0,730","1,750","9,76","1409","10,00",
" 285/1","25 oct 2025 16:00:43","23720","16,820","0,730","1,740","9,74","1396","10,00",
" 285/2","25 oct 2025 16:01:00","23728","16,800","0,730","1,740","9,75","1400","10,00",
" 285/3","25 oct 2025 16:01:17","23736","16,820","0,730","1,730","9,77","1422","10,00",
" 285/4","25 oct 2025 16:01:34","23744","16,790","0,730","1,740","9,76","1418","10,00",
" 285/5","25 oct 2025 16:01:51","23752","16,800","0,730","1,740","9,76","1415","10,00",
" 286/1","25 oct 2025 16:03:32","23800","16,810","0,730","1,740","9,73","1395","10,00",
" 286/2","25 oct 2025 16:03:49","23808","16,840","0,730","1,740","9,76","1400","10,00",
" 286/3","25 oct 2025 16:04:06","23816","16,790","0,730","1,740","9,75","1415","10,00",
" 286/4","25 oct 2025 16:04:23","23824","16,790","0,730","1,730","9,76","1418","10,00",
" 286/5","25 oct 2025 16:04:40","23832","16,800","0,730","1,740","9,76","1412","10,00",
" 287/1","25 oct 2025 16:06:21","23880","16,840","0,730","1,740","9,76","1400","10,00",
" 287/2","25 oct 2025 16:06:38","23888","16,790","0,730","1,740","9,76","1400","10,00",
" 287/3","25 oct 2025 16:06:55","23896","16,790","0,730","1,740","9,76","1406","10,00",
" 287/4","25 oct 2025 16:07:12","23904","16,820","0,730","1,740","9,76","1403","10,00",
" 287/5","25 oct 2025 16:07:29","23912","16,800","0,730","1,740","9,76","1403","10,00",
" 288/1","25 oct 2025 16:09:10","23960","16,790","0,730","1,750","9,75","1407","9,99",
" 288/2","25 oct 2025 16:09:27","23968","16,790","0,730","1,740","9,76","1407","10,00",
" 288/3","25 oct 2025 16:09:44","23976","16,820","0,730","1,740","9,74","1403","10,00",
" 288/4","25 oct 2025 16:10:01","23984","16,800","0,730","1,750","9,74","1387","10,00",
" 288/5","25 oct 2025 16:10:18","23992","16,820","0,730","1,750","9,75","1395","10,00",
" 289/1","25 oct 2025 16:11:59","24040","16,820","0,730","1,750","9,74","1387","10,00",
" 289/2","25 oct 2025 16:12:16","24048","16,820","0,730","1,750","9,75","1409","10,00",
" 289/3","25 oct 2025 16:12:33","24056","16,800","0,730","1,740","9,77","1425","10,00",
" 289/4","25 oct 2025 16:12:50","24064","16,800","0,730","1,740","9,77","1407","10,00",
" 289/5","25 oct 2025 16:13:07","24072","16,780","0,730","1,760","9,74","1387","10,00",
" 290/1","25 oct 2025 16:14:48","24120","16,780","0,730","1,760","9,76","1396","10,00",
" 290/2","25 oct 2025 16:15:05","24128","16,820","0,730","1,750","9,75","1409","10,00",
" 290/3","25 oct 2025 16:15:22","24136","16,780","0,730","1,750","9,76","1422","10,00",
" 290/4","25 oct 2025 16:15:39","24144","16,800","0,730","1,750","9,75","1414","10,00",
" 290/5","25 oct 2025 16:15:55","24152","16,820","0,730","1,750","9,75","1412","10,00",
" 291/1","25 oct 2025 16:17:37","24200","16,810","0,730","1,760","9,74","1395","9,99",
" 291/2","25 oct 2025 16:17:54","24208","16,810","0,730","1,750","9,76","1409","10,00",
" 291/3","25 oct 2025 16:18:11","24216","16,800","0,730","1,750","9,74","1406","10,00",
" 291/4","25 oct 2025 16:18:28","24224","16,770","0,730","1,750","9,76","1412","10,00",
" 291/5","25 oct 2025 16:18:45","24232","16,790","0,730","1,760","9,74","1401","10,00",
" 292/1","25 oct 2025 16:20:18","24280","16,800","0,730","1,760","9,75","1403","10,00",
" 292/2","25 oct 2025 16:20:35","24288","16,820","0,730","1,760","9,74","1403","10,00",
" 292/3","25 oct 2025 16:20:51","24296","16,800","0,730","1,750","9,76","1403","10,00",
" 292/4","25 oct 2025 16:21:09","24304","16,790","0,730","1,750","9,74","1403","10,00",
" 292/5","25 oct 2025 16:21:25","24312","16,800","0,730","1,750","9,76","1414","10,00",
" 293/1","25 oct 2025 16:23:07","24360","16,810","0,730","1,760","9,74","1384","10,00",
" 293/2","25 oct 2025 16:23:23","24368","16,790","0,730","1,760","9,76","1420","10,00",
" 293/3","25 oct 2025 16:23:40","24376","16,810","0,730","1,750","9,77","1433","10,00",
" 293/4","25 oct 2025 16:23:57","24384","16,810","0,730","1,750","9,76","1422","10,00",
" 293/5","25 oct 2025 16:24:14","24392","16,780","0,730","1,750","9,76","1418","10,00",
" 294/1","25 oct 2025 16:25:56","24440","16,810","0,730","1,750","9,74","1390","10,00",
" 294/2","25 oct 2025 16:26:13","24448","16,800","0,730","1,740","9,76","1412","10,00",
" 294/3","25 oct 2025 16:26:30","24456","16,810","0,730","1,740","9,75","1400","10,00",
" 294/4","25 oct 2025 16:26:47","24464","16,820","0,730","1,740","9,74","1411","10,00",
" 294/5","25 oct 2025 16:27:04","24472","16,810","0,730","1,750","9,76","1407","10,00",
" 295/1","25 oct 2025 16:28:45","24520","16,820","0,730","1,740","9,76","1392","10,00",
" 295/2","25 oct 2025 16:29:02","24528","16,800","0,730","1,730","9,77","1428","10,00",
" 295/3","25 oct 2025 16:29:19","24536","16,790","0,730","1,730","9,76","1415","10,00",
" 295/4","25 oct 2025 16:29:36","24544","16,770","0,730","1,740","9,74","1400","10,00",
" 295/5","25 oct 2025 16:29:53","24552","16,820","0,730","1,740","9,74","1390","10,00",
" 296/1","25 oct 2025 16:31:34","24600","16,820","0,730","1,740","9,74","1404","10,00",
" 296/2","25 oct 2025 16:31:51","24608","16,800","0,730","1,740","9,75","1414","10,00",
" 296/3","25 oct 2025 16:32:08","24616","16,780","0,730","1,750","9,76","1414","10,00",
" 296/4","25 oct 2025 16:32:25","24624","16,800","0,730","1,730","9,76","1426","10,00",
" 296/5","25 oct 2025 16:32:42","24632","16,810","0,730","1,740","9,74","1392","10,00",
" 297/1","25 oct 2025 16:34:23","24680","16,810","0,730","1,740","9,74","1412","10,00",
" 297/2","25 oct 2025 16:34:40","24688","16,800","0,730","1,740","9,76","1411","10,00",
" 297/3","25 oct 2025 16:34:57","24696","16,780","0,730","1,750","9,75","1417","10,00",
" 297/4","25 oct 2025 16:35:14","24704","16,800","0,730","1,730","9,76","1429","10,00",
" 297/5","25 oct 2025 16:35:31","24712","16,800","0,730","1,750","9,74","1398","10,00",
" 298/1","25 oct 2025 16:37:12","24760","16,780","0,730","1,740","9,74","1409","10,00",
" 298/2","25 oct 2025 16:37:29","24768","16,810","0,730","1,740","9,76","1411","10,00",
" 298/3","25 oct 2025 16:37:46","24776","16,820","0,730","1,750","9,75","1393","10,00",
" 298/4","25 oct 2025 16:38:03","24784","16,800","0,730","1,740","9,76","1422","10,00",
" 298/5","25 oct 2025 16:38:20","24792","16,770","0,730","1,730","9,78","1429","10,00",
" 299/1","25 oct 2025 16:40:01","24840","16,800","0,730","1,740","9,76","1412","10,00",
" 299/2","25 oct 2025 16:40:18","24848","16,820","0,730","1,760","9,75","1389","10,00",
" 299/3","25 oct 2025 16:40:35","24856","16,800","0,730","1,740","9,76","1417","10,00",
" 299/4","25 oct 2025 16:40:52","24864","16,820","0,730","1,750","9,74","1400","10,00",
" 299/5","25 oct 2025 16:41:09","24872","16,790","0,730","1,760","9,74","1401","10,00",
" 300/1","25 oct 2025 16:42:50","24920","16,790","0,730","1,740","9,74","1404","10,00",
" 300/2","25 oct 2025 16:43:07","24928","16,830","0,730","1,740","9,76","1398","10,00",
" 300/3","25 oct 2025 16:43:24","24936","16,800","0,730","1,750","9,74","1386","10,00",
" 300/4","25 oct 2025 16:43:41","24944","16,810","0,730","1,760","9,74","1392","10,00",
" 300/5","25 oct 2025 16:43:58","24952","16,840","0,730","1,760","9,74","1400","10,00",
" 301/1","25 oct 2025 16:45:31","25000","16,820","0,730","1,750","9,76","1415","10,00",
" 301/2","25 oct 2025 16:45:47","25008","16,810","0,730","1,760","9,75","1382","10,00",
" 301/3","25 oct 2025 16:46:04","25016","16,820","0,730","1,740","9,76","1412","10,00",
" 301/4","25 oct 2025 16:46:21","25024","16,800","0,730","1,760","9,75","1404","10,00",
" 301/5","25 oct 2025 16:46:38","25032","16,810","0,730","1,740","9,76","1411","10,00",
" 302/1","25 oct 2025 16:48:20","25080","16,830","0,730","1,740","9,76","1414","10,00",
" 302/2","25 oct 2025 16:48:37","25088","16,840","0,730","1,750","9,75","1381","10,00",
" 302/3","25 oct 2025 16:48:54","25096","16,800","0,730","1,740","9,76","1426","10,00",
" 302/4","25 oct 2025 16:49:10","25104","16,800","0,730","1,740","9,74","1398","10,00",
" 302/5","25 oct 2025 16:49:27","25112","16,820","0,730","1,750","9,74","1400","10,00",
" 303/1","25 oct 2025 16:51:09","25160","16,820","0,730","1,750","9,73","1398","10,00",
" 303/2","25 oct 2025 16:51:26","25168","16,830","0,730","1,740","9,76","1420","10,00",
" 303/3","25 oct 2025 16:51:42","25176","16,820","0,730","1,750","9,76","1415","10,00",
" 303/4","25 oct 2025 16:51:59","25184","16,810","0,730","1,750","9,76","1404","10,00",
" 303/5","25 oct 2025 16:52:16","25192","16,790","0,730","1,760","9,74","1393","10,00",
" 304/1","25 oct 2025 16:53:57","25240","16,800","0,730","1,750","9,75","1401","10,00",
" 304/2","25 oct 2025 16:54:14","25248","16,820","0,730","1,750","9,74","1386","10,00",
" 304/3","25 oct 2025 16:54:31","25256","16,810","0,730","1,740","9,76","1417","10,00",
" 304/4","25 oct 2025 16:54:48","25264","16,820","0,730","1,750","9,76","1396","10,00",
" 304/5","25 oct 2025 16:55:05","25272","16,790","0,730","1,750","9,76","1425","10,00",
" 305/1","25 oct 2025 16:56:47","25320","16,800","0,730","1,760","9,75","1406","10,00",
" 305/2","25 oct 2025 16:57:03","25328","16,790","0,730","1,750","9,76","1411","10,00",
" 305/3","25 oct 2025 16:57:20","25336","16,800","0,730","1,750","9,76","1401","10,00",
" 305/4","25 oct 2025 16:57:37","25344","16,780","0,730","1,750","9,75","1407","10,00",
" 305/5","25 oct 2025 16:57:54","25352","16,820","0,730","1,760","9,75","1390","10,00",
" 306/1","25 oct 2025 16:59:35","25400","16,800","0,730","1,770","9,75","1392","10,00",
" 306/2","25 oct 2025 16:59:52","25408","16,800","0,730","1,760","9,75","1393","10,00",
" 306/3","25 oct 2025 17:00:09","25416","16,810","0,730","1,750","9,76","1417","10,00",
" 306/4","25 oct 2025 17:00:26","25424","16,800","0,730","1,760","9,76","1398","10,00",
" 306/5","25 oct 2025 17:00:43","25432","16,850","0,730","1,760","9,74","1398","10,00",
" 307/1","25 oct 2025 17:02:24","25480","16,800","0,730","1,750","9,76","1387","10,00",
" 307/2","25 oct 2025 17:02:41","25488","16,770","0,730","1,760","9,76","1401","10,00",
" 307/3","25 oct 2025 17:02:57","25496","16,780","0,730","1,750","9,76","1423","10,00",
" 307/4","25 oct 2025 17:03:14","25504","16,800","0,730","1,750","9,77","1414","10,00",
" 307/5","25 oct 2025 17:03:31","25512","16,800","0,730","1,740","9,75","1414","10,00",
" 308/1","25 oct 2025 17:05:12","25560","16,820","0,730","1,750","9,75","1392","10,00",
" 308/2","25 oct 2025 17:05:29","25568","16,830","0,730","1,750","9,76","1411","10,00",
" 308/3","25 oct 2025 17:05:46","25576","16,810","0,730","1,750","9,76","1425","10,00",
" 308/4","25 oct 2025 17:06:03","25584","16,770","0,730","1,750","9,76","1406","10,00",
" 308/5","25 oct 2025 17:06:20","25592","16,790","0,730","1,750","9,75","1396","10,00",
" 309/1","25 oct 2025 17:08:02","25640","16,810","0,730","1,750","9,74","1401","10,00",
" 309/2","25 oct 2025 17:08:19","25648","16,810","0,730","1,740","9,76","1417","10,00",
" 309/3","25 oct 2025 17:08:36","25656","16,800","0,730","1,740","9,76","1401","10,00",
" 309/4","25 oct 2025 17:08:53","25664","16,810","0,730","1,740","9,75","1396","10,00",
" 309/5","25 oct 2025 17:09:09","25672","16,800","0,730","1,740","9,76","1423","10,00",
" 310/1","25 oct 2025 17:10:51","25720","16,800","0,730","1,750","9,77","1409","10,00",
" 310/2","25 oct 2025 17:11:08","25728","16,820","0,730","1,740","9,76","1415","10,00",
" 310/3","25 oct 2025 17:11:25","25736","16,800","0,730","1,740","9,77","1414","10,00",
" 310/4","25 oct 2025 17:11:42","25744","16,810","0,730","1,740","9,74","1396","10,00",
" 310/5","25 oct 2025 17:11:59","25752","16,800","0,730","1,740","9,76","1396","10,00",
" 311/1","25 oct 2025 17:13:40","25800","16,820","0,730","1,740","9,76","1403","10,00",
" 311/2","25 oct 2025 17:13:57","25808","16,820","0,730","1,740","9,74","1396","10,00",
" 311/3","25 oct 2025 17:14:14","25816","16,790","0,730","1,740","9,73","1379","10,00",
" 311/4","25 oct 2025 17:14:31","25824","16,830","0,730","1,750","9,75","1398","10,00",
" 311/5","25 oct 2025 17:14:48","25832","16,800","0,730","1,740","9,73","1395","10,00",
" 312/1","25 oct 2025 17:16:21","25880","16,810","0,730","1,740","9,75","1384","10,00",
" 312/2","25 oct 2025 17:16:38","25888","16,830","0,730","1,750","9,76","1392","10,00",
" 312/3","25 oct 2025 17:16:55","25896","16,840","0,730","1,740","9,76","1407","10,00",
" 312/4","25 oct 2025 17:17:12","25904","16,780","0,730","1,760","9,74","1379","10,00",
" 312/5","25 oct 2025 17:17:28","25912","16,800","0,730","1,740","9,76","1406","10,00",
" 313/1","25 oct 2025 17:19:10","25960","16,800","0,730","1,750","9,76","1400","10,00",
" 313/2","25 oct 2025 17:19:27","25968","16,800","0,730","1,750","9,75","1412","10,00",
" 313/3","25 oct 2025 17:19:44","25976","16,790","0,730","1,750","9,75","1415","10,00",
" 313/4","25 oct 2025 17:20:01","25984","16,790","0,730","1,740","9,76","1417","10,00",
" 313/5","25 oct 2025 17:20:17","25992","16,810","0,730","1,760","9,74","1375","10,00",
" 314/1","25 oct 2025 17:21:59","26040","16,800","0,730","1,750","9,76","1409","10,00",
" 314/2","25 oct 2025 17:22:16","26048","16,800","0,730","1,740","9,76","1423","10,00",
" 314/3","25 oct 2025 17:22:33","26056","16,780","0,730","1,740","9,77","1417","10,00",
" 314/4","25 oct 2025 17:22:50","26064","16,830","0,730","1,760","9,75","1418","10,00",
" 314/5","25 oct 2025 17:23:07","26072","16,830","0,730","1,750","9,76","1428","10,00",
" 315/1","25 oct 2025 17:24:48","26120","16,800","0,730","1,750","9,76","1398","10,00",
" 315/2","25 oct 2025 17:25:05","26128","16,820","0,730","1,740","9,76","1390","10,00",
" 315/3","25 oct 2025 17:25:22","26136","16,810","0,730","1,750","9,75","1403","10,00",
" 315/4","25 oct 2025 17:25:39","26144","16,810","0,730","1,740","9,76","1406","10,00",
" 315/5","25 oct 2025 17:25:56","26152","16,800","0,730","1,760","9,75","1404","10,00",
" 316/1","25 oct 2025 17:27:37","26200","16,820","0,730","1,740","9,77","1418","10,00",
" 316/2","25 oct 2025 17:27:54","26208","16,770","0,730","1,750","9,76","1412","10,00",
" 316/3","25 oct 2025 17:28:11","26216","16,830","0,730","1,740","9,76","1418","10,00",
" 316/4","25 oct 2025 17:28:28","26224","16,800","0,730","1,750","9,76","1401","10,00",
" 316/5","25 oct 2025 17:28:45","26232","16,800","0,730","1,750","9,73","1393","10,00",
" 317/1","25 oct 2025 17:30:26","26280","16,810","0,730","1,750","9,76","1412","10,00",
" 317/2","25 oct 2025 17:30:43","26288","16,800","0,730","1,750","9,75","1395","10,00",
" 317/3","25 oct 2025 17:31:00","26296","16,810","0,730","1,750","9,76","1392","10,00",
" 317/4","25 oct 2025 17:31:17","26304","16,810","0,730","1,750","9,74","1403","10,00",
" 317/5","25 oct 2025 17:31:34","26312","16,800","0,730","1,730","9,77","1417","10,00",
" 318/1","25 oct 2025 17:33:16","26360","16,780","0,730","1,740","9,75","1420","10,00",
" 318/2","25 oct 2025 17:33:33","26368","16,810","0,730","1,740","9,76","1417","10,00",
" 318/3","25 oct 2025 17:33:50","26376","16,800","0,730","1,740","9,75","1412","10,00",
" 318/4","25 oct 2025 17:34:07","26384","16,800","0,730","1,760","9,73","1387","10,00",
" 318/5","25 oct 2025 17:34:23","26392","16,820","0,730","1,750","9,76","1406","10,00",
" 319/1","27 oct 2025 6:08:03","26448","16,910","0,720","1,830","9,66","1125","10,00",
" 319/2","27 oct 2025 6:08:20","26456","16,950","0,720","1,700","9,74","1227","10,00",
" 319/3","27 oct 2025 6:08:37","26464","16,920","0,730","1,650","9,76","1346","10,00",
" 319/4","27 oct 2025 6:08:54","26472","16,900","0,730","1,660","9,75","1334","10,00",
" 319/5","27 oct 2025 6:09:11","26480","16,940","0,730","1,690","9,75","1307","10,00",
" 320/1","27 oct 2025 6:10:53","26528","16,940","0,730","1,710","9,75","1254","10,00",
" 320/2","27 oct 2025 6:11:10","26536","16,930","0,730","1,720","9,74","1251","10,00",
" 320/3","27 oct 2025 6:11:27","26544","16,930","0,730","1,720","9,71","1243","10,00",
" 320/4","27 oct 2025 6:11:44","26552","16,940","0,730","1,710","9,74","1238","10,00",
" 320/5","27 oct 2025 6:12:01","26560","16,930","0,730","1,720","9,73","1238","10,00",
" 321/1","27 oct 2025 6:13:43","26608","16,950","0,730","1,710","9,75","1263","10,00",
" 321/2","27 oct 2025 6:14:01","26616","16,950","0,730","1,710","9,71","1268","10,00",
" 321/3","27 oct 2025 6:14:18","26624","16,930","0,730","1,710","9,76","1279","10,00",
" 321/4","27 oct 2025 6:14:35","26632","16,930","0,730","1,720","9,77","1288","10,00",
" 321/5","27 oct 2025 6:14:52","26640","16,950","0,730","1,710","9,76","1284","9,99",
" 322/1","27 oct 2025 6:16:34","26688","16,930","0,730","1,720","9,75","1281","9,99",
" 322/2","27 oct 2025 6:16:51","26696","16,950","0,730","1,710","9,77","1288","10,00",
" 322/3","27 oct 2025 6:17:08","26704","16,920","0,730","1,710","9,71","1266","10,00",
" 322/4","27 oct 2025 6:17:25","26712","16,920","0,730","1,710","9,71","1288","10,00",
" 322/5","27 oct 2025 6:17:42","26720","16,930","0,730","1,710","9,77","1279","10,00",
" 323/1","27 oct 2025 6:19:24","26768","16,930","0,730","1,710","9,77","1304","10,00",
" 323/2","27 oct 2025 6:19:41","26776","16,960","0,730","1,710","9,75","1301","10,00",
" 323/3","27 oct 2025 6:19:58","26784","16,920","0,730","1,700","9,71","1276","10,00",
" 323/4","27 oct 2025 6:20:15","26792","16,940","0,730","1,700","9,76","1291","10,00",
" 323/5","27 oct 2025 6:20:32","26800","16,930","0,730","1,720","9,75","1302","10,00",
" 324/1","27 oct 2025 6:22:14","26848","16,910","0,730","1,710","9,76","1298","10,00",
" 324/2","27 oct 2025 6:22:31","26856","16,960","0,730","1,720","9,76","1284","10,00",
" 324/3","27 oct 2025 6:22:48","26864","16,940","0,730","1,720","9,77","1293","10,00",
" 324/4","27 oct 2025 6:22:57","26872","16,940","0,730","1,720","9,77","1293","10,00",
" 324/5","27 oct 2025 6:23:14","26880","16,930","0,730","1,720","9,75","1309","10,00",
" 325/1","27 oct 2025 6:24:56","26928","16,950","0,730","1,710","9,76","1310","10,00",
" 325/2","27 oct 2025 6:25:13","26936","16,960","0,730","1,710","9,76","1315","9,99",
" 325/3","27 oct 2025 6:25:30","26944","16,940","0,730","1,700","9,74","1317","10,00",
" 325/4","27 oct 2025 6:25:47","26952","16,950","0,730","1,700","9,75","1304","10,00",
" 325/5","27 oct 2025 6:26:04","26960","16,950","0,730","1,710","9,74","1312","10,00",
" 326/1","27 oct 2025 6:27:46","27008","16,930","0,730","1,710","9,75","1290","10,00",
" 326/2","27 oct 2025 6:28:03","27016","16,940","0,730","1,700","9,75","1321","9,99",
" 326/3","27 oct 2025 6:28:20","27024","16,930","0,730","1,700","9,75","1287","10,00",
" 326/4","27 oct 2025 6:28:37","27032","16,940","0,730","1,710","9,76","1287","10,00",
" 326/5","27 oct 2025 6:28:54","27040","16,920","0,730","1,700","9,77","1321","10,00",
" 327/1","27 oct 2025 6:33:58","27128","16,880","0,730","1,680","9,75","1268","10,00",
" 327/2","27 oct 2025 6:34:15","27136","16,920","0,730","1,690","9,72","1276","10,00",
" 327/3","27 oct 2025 6:34:32","27144","16,900","0,730","1,670","9,76","1304","10,00",
" 327/4","27 oct 2025 6:34:49","27152","16,930","0,730","1,680","9,75","1290","10,00",
" 327/5","27 oct 2025 6:35:06","27160","16,910","0,730","1,680","9,76","1288","10,00",
" 328/1","27 oct 2025 6:36:48","27208","16,900","0,730","1,680","9,77","1328","10,00",
" 328/2","27 oct 2025 6:37:05","27216","16,900","0,730","1,700","9,75","1295","10,00",
" 328/3","27 oct 2025 6:37:22","27224","16,900","0,730","1,690","9,75","1329","9,99",
" 328/4","27 oct 2025 6:37:39","27232","16,900","0,730","1,700","9,76","1293","10,00",
" 328/5","27 oct 2025 6:37:56","27240","16,890","0,730","1,690","9,75","1328","10,00",
" 329/1","27 oct 2025 6:39:39","27288","16,890","0,730","1,690","9,76","1324","10,00",
" 329/2","27 oct 2025 6:39:56","27296","16,870","0,730","1,690","9,77","1313","10,00",
" 329/3","27 oct 2025 6:40:13","27304","16,920","0,730","1,700","9,72","1296","10,00",
" 329/4","27 oct 2025 6:40:30","27312","16,890","0,730","1,690","9,76","1329","10,00",
" 329/5","27 oct 2025 6:40:47","27320","16,880","0,730","1,700","9,74","1323","10,00",
" 330/1","27 oct 2025 6:42:20","27368","16,900","0,730","1,700","9,77","1326","10,00",
" 330/2","27 oct 2025 6:42:37","27376","16,890","0,730","1,700","9,75","1323","10,00",
" 330/3","27 oct 2025 6:42:55","27384","16,870","0,730","1,690","9,75","1326","10,00",
" 330/4","27 oct 2025 6:43:12","27392","16,880","0,730","1,710","9,74","1298","10,00",
" 330/5","27 oct 2025 6:43:29","27400","16,860","0,730","1,690","9,77","1324","10,00",
" 331/1","27 oct 2025 6:45:11","27448","16,880","0,730","1,700","9,76","1313","10,00",
" 331/2","27 oct 2025 6:45:28","27456","16,900","0,730","1,690","9,75","1323","10,00",
" 331/3","27 oct 2025 6:45:45","27464","16,870","0,730","1,700","9,77","1304","10,00",
" 331/4","27 oct 2025 6:46:02","27472","16,890","0,730","1,690","9,76","1332","10,00",
" 331/5","27 oct 2025 6:46:19","27480","16,890","0,730","1,690","9,75","1312","10,00",
" 332/1","27 oct 2025 6:48:01","27528","16,860","0,730","1,690","9,76","1313","10,00",
" 332/2","27 oct 2025 6:48:18","27536","16,900","0,730","1,690","9,76","1309","10,00",
" 332/3","27 oct 2025 6:48:35","27544","16,900","0,730","1,700","9,77","1307","10,00",
" 332/4","27 oct 2025 6:48:52","27552","16,900","0,730","1,690","9,75","1324","10,00",
" 332/5","27 oct 2025 6:49:09","27560","16,890","0,730","1,690","9,75","1298","10,00",
" 333/1","27 oct 2025 6:50:51","27608","16,880","0,730","1,700","9,77","1307","10,00",
" 333/2","27 oct 2025 6:51:08","27616","16,910","0,730","1,690","9,77","1332","10,00",
" 333/3","27 oct 2025 6:51:25","27624","16,870","0,730","1,690","9,75","1323","10,00",
" 333/4","27 oct 2025 6:51:42","27632","16,870","0,730","1,700","9,76","1310","10,00",
" 333/5","27 oct 2025 6:51:59","27640","16,910","0,730","1,700","9,77","1323","10,00",
" 334/1","27 oct 2025 6:53:41","27688","16,890","0,730","1,690","9,75","1334","10,00",
" 334/2","27 oct 2025 6:53:58","27696","16,870","0,730","1,700","9,75","1320","10,00",
" 334/3","27 oct 2025 6:54:15","27704","16,870","0,730","1,690","9,77","1335","10,00",
" 334/4","27 oct 2025 6:54:32","27712","16,870","0,730","1,690","9,76","1343","10,00",
" 334/5","27 oct 2025 6:54:49","27720","16,870","0,730","1,690","9,74","1317","10,00",
" 335/1","27 oct 2025 6:56:32","27768","16,890","0,730","1,700","9,75","1306","10,00",
" 335/2","27 oct 2025 6:56:49","27776","16,910","0,730","1,690","9,77","1324","10,00",
" 335/3","27 oct 2025 6:57:06","27784","16,890","0,730","1,690","9,75","1320","10,00",
" 335/4","27 oct 2025 6:57:23","27792","16,890","0,730","1,690","9,77","1315","10,00",
" 335/5","27 oct 2025 6:57:40","27800","16,900","0,730","1,690","9,77","1335","10,00",
" 336/1","27 oct 2025 6:59:22","27848","16,900","0,730","1,690","9,75","1331","10,00",
" 336/2","27 oct 2025 6:59:39","27856","16,920","0,730","1,700","9,73","1317","10,00",
" 336/3","27 oct 2025 6:59:56","27864","16,880","0,730","1,700","9,75","1326","10,00",
" 336/4","27 oct 2025 7:00:13","27872","16,880","0,730","1,690","9,75","1324","10,00",
" 336/5","27 oct 2025 7:00:30","27880","16,860","0,730","1,690","9,77","1332","10,00",
" 337/1","27 oct 2025 7:03:32","27928","16,830","0,730","1,680","9,74","1331","10,00",
" 337/2","27 oct 2025 7:03:49","27936","16,860","0,730","1,680","9,77","1335","10,00",
" 337/3","27 oct 2025 7:04:06","27944","16,870","0,730","1,680","9,77","1332","10,00",
" 337/4","27 oct 2025 7:04:23","27952","16,860","0,730","1,690","9,75","1321","10,00",
" 337/5","27 oct 2025 7:04:40","27960","16,860","0,730","1,690","9,76","1328","10,00",
" 338/1","27 oct 2025 7:06:22","28008","16,870","0,730","1,700","9,76","1334","10,00",
" 338/2","27 oct 2025 7:06:30","28016","16,870","0,730","1,700","9,76","1334","10,00",
" 338/3","27 oct 2025 7:06:47","28024","16,870","0,730","1,700","9,77","1334","10,00",
" 338/4","27 oct 2025 7:07:04","28032","16,880","0,730","1,700","9,78","1334","10,00",
" 338/5","27 oct 2025 7:07:22","28040","16,870","0,730","1,700","9,76","1331","10,00",
" 339/1","27 oct 2025 7:09:04","28088","16,880","0,730","1,690","9,78","1324","10,00",
" 339/2","27 oct 2025 7:09:21","28096","16,860","0,730","1,700","9,76","1312","10,00",
" 339/3","27 oct 2025 7:09:38","28104","16,870","0,730","1,710","9,76","1312","10,00",
" 339/4","27 oct 2025 7:09:55","28112","16,850","0,730","1,700","9,76","1335","10,00",
" 339/5","27 oct 2025 7:10:12","28120","16,880","0,730","1,690","9,74","1332","10,00",
" 340/1","27 oct 2025 7:11:54","28168","16,850","0,730","1,700","9,75","1349","10,00",
" 340/2","27 oct 2025 7:12:11","28176","16,870","0,730","1,690","9,74","1340","10,00",
" 340/3","27 oct 2025 7:12:28","28184","16,860","0,730","1,710","9,73","1315","10,00",
" 340/4","27 oct 2025 7:12:45","28192","16,840","0,730","1,690","9,76","1346","10,00",
" 340/5","27 oct 2025 7:13:02","28200","16,870","0,730","1,690","9,78","1345","10,00",
" 341/1","27 oct 2025 7:14:44","28248","16,840","0,730","1,700","9,75","1340","10,00",
" 341/2","27 oct 2025 7:15:01","28256","16,870","0,730","1,690","9,77","1346","10,00",
" 341/3","27 oct 2025 7:15:18","28264","16,840","0,730","1,690","9,75","1342","10,00",
" 341/4","27 oct 2025 7:15:35","28272","16,870","0,730","1,700","9,74","1340","10,00",
" 341/5","27 oct 2025 7:15:52","28280","16,860","0,730","1,700","9,76","1345","10,00",
" 342/1","27 oct 2025 7:17:34","28328","16,870","0,730","1,700","9,77","1329","10,00",
" 342/2","27 oct 2025 7:17:51","28336","16,830","0,730","1,700","9,73","1320","10,00",
" 342/3","27 oct 2025 7:18:08","28344","16,850","0,730","1,690","9,75","1342","10,00",
" 342/4","27 oct 2025 7:18:25","28352","16,870","0,730","1,700","9,76","1348","10,00",
" 342/5","27 oct 2025 7:18:43","28360","16,870","0,730","1,690","9,76","1367","10,00",
" 343/1","27 oct 2025 7:20:25","28408","16,880","0,730","1,710","9,75","1326","10,00",
" 343/2","27 oct 2025 7:20:42","28416","16,860","0,730","1,700","9,73","1334","10,00",
" 343/3","27 oct 2025 7:20:59","28424","16,850","0,730","1,700","9,74","1334","10,00",
" 343/4","27 oct 2025 7:21:16","28432","16,830","0,730","1,700","9,76","1339","10,00",
" 343/5","27 oct 2025 7:21:33","28440","16,870","0,730","1,700","9,74","1340","10,00",
" 344/1","27 oct 2025 7:23:06","28488","16,860","0,730","1,700","9,76","1337","10,00",
" 344/2","27 oct 2025 7:23:23","28496","16,870","0,730","1,690","9,76","1364","10,00",
" 344/3","27 oct 2025 7:23:40","28504","16,860","0,730","1,700","9,78","1342","10,00",
" 344/4","27 oct 2025 7:23:58","28512","16,860","0,730","1,700","9,75","1339","10,00",
" 344/5","27 oct 2025 7:24:15","28520","16,840","0,730","1,700","9,75","1331","10,00",
" 345/1","27 oct 2025 7:25:57","28568","16,850","0,730","1,700","9,76","1345","10,00",
" 345/2","27 oct 2025 7:26:14","28576","16,860","0,730","1,710","9,75","1348","10,00",
" 345/3","27 oct 2025 7:26:31","28584","16,860","0,730","1,700","9,75","1365","10,00",
" 345/4","27 oct 2025 7:26:48","28592","16,870","0,730","1,710","9,74","1339","10,00",
" 345/5","27 oct 2025 7:27:05","28600","16,860","0,730","1,700","9,76","1365","10,00",
" 346/1","27 oct 2025 7:28:47","28648","16,850","0,730","1,700","9,74","1367","10,00",
" 346/2","27 oct 2025 7:29:04","28656","16,860","0,730","1,700","9,78","1353","10,00",
" 346/3","27 oct 2025 7:29:21","28664","16,840","0,730","1,710","9,76","1351","10,00",
" 346/4","27 oct 2025 7:29:38","28672","16,830","0,730","1,690","9,76","1373","10,00",
" 346/5","27 oct 2025 7:29:55","28680","16,800","0,730","1,700","9,76","1345","10,00",
" 347/1","27 oct 2025 7:31:37","28728","16,850","0,730","1,700","9,76","1360","10,00",
" 347/2","27 oct 2025 7:31:54","28736","16,830","0,730","1,700","9,76","1356","10,00",
" 347/3","27 oct 2025 7:32:11","28744","16,850","0,730","1,690","9,76","1367","10,00",
" 347/4","27 oct 2025 7:32:28","28752","16,830","0,730","1,690","9,75","1368","10,00",
" 347/5","27 oct 2025 7:32:45","28760","16,820","0,730","1,700","9,76","1359","10,00",
" 348/1","27 oct 2025 7:34:27","28808","16,840","0,730","1,690","9,75","1357","10,00",
" 348/2","27 oct 2025 7:34:44","28816","16,840","0,730","1,700","9,75","1353","10,00",
" 348/3","27 oct 2025 7:35:01","28824","16,870","0,730","1,690","9,77","1378","10,00",
" 348/4","27 oct 2025 7:35:18","28832","16,840","0,730","1,700","9,77","1364","10,00",
" 348/5","27 oct 2025 7:35:35","28840","16,810","0,730","1,690","9,78","1389","10,00",
" 349/1","27 oct 2025 7:37:09","28888","16,830","0,730","1,690","9,78","1368","10,00",
" 349/2","27 oct 2025 7:37:26","28896","16,830","0,730","1,700","9,76","1356","10,00",
" 349/3","27 oct 2025 7:37:43","28904","16,810","0,730","1,690","9,77","1373","10,00",
" 349/4","27 oct 2025 7:38:00","28912","16,830","0,730","1,690","9,75","1364","10,00",
" 349/5","27 oct 2025 7:38:17","28920","16,860","0,730","1,690","9,76","1378","10,00",
" 350/1","27 oct 2025 7:39:59","28968","16,830","0,730","1,700","9,78","1375","10,00",
" 350/2","27 oct 2025 7:40:16","28976","16,850","0,730","1,690","9,77","1390","10,00",
" 350/3","27 oct 2025 7:40:33","28984","16,840","0,730","1,700","9,75","1365","10,00",
" 350/4","27 oct 2025 7:40:50","28992","16,820","0,730","1,700","9,77","1379","10,00",
" 350/5","27 oct 2025 7:41:07","29000","16,850","0,730","1,700","9,78","1384","10,00",
" 351/1","27 oct 2025 7:42:49","29048","16,840","0,730","1,700","9,78","1353","10,00",
" 351/2","27 oct 2025 7:43:06","29056","16,830","0,730","1,710","9,78","1353","10,00",
" 351/3","27 oct 2025 7:43:23","29064","16,840","0,730","1,710","9,76","1365","10,00",
" 351/4","27 oct 2025 7:43:40","29072","16,840","0,730","1,710","9,78","1364","10,00",
" 351/5","27 oct 2025 7:43:57","29080","16,870","0,730","1,720","9,75","1356","10,00",
" 352/1","27 oct 2025 7:45:39","29128","16,820","0,730","1,700","9,75","1346","10,00",
" 352/2","27 oct 2025 7:45:56","29136","16,820","0,730","1,710","9,75","1359","9,99",
" 352/3","27 oct 2025 7:46:13","29144","16,830","0,730","1,700","9,78","1381","10,00",
" 352/4","27 oct 2025 7:46:30","29152","16,850","0,730","1,700","9,74","1376","10,00",
" 352/5","27 oct 2025 7:46:47","29160","16,860","0,730","1,710","9,75","1353","10,00",
" 353/1","27 oct 2025 7:48:29","29208","16,860","0,730","1,710","9,77","1353","10,00",
" 353/2","27 oct 2025 7:48:46","29216","16,830","0,730","1,710","9,75","1353","10,00",
" 353/3","27 oct 2025 7:49:03","29224","16,840","0,730","1,710","9,75","1343","10,00",
" 353/4","27 oct 2025 7:49:20","29232","16,840","0,730","1,700","9,75","1348","10,00",
" 353/5","27 oct 2025 7:49:37","29240","16,850","0,730","1,700","9,76","1348","10,00",
" 354/1","27 oct 2025 7:51:19","29288","16,850","0,730","1,700","9,75","1346","10,00",
" 354/2","27 oct 2025 7:51:28","29296","16,850","0,730","1,700","9,75","1346","10,00",
" 354/3","27 oct 2025 7:51:45","29304","16,830","0,730","1,700","9,78","1351","10,00",
" 354/4","27 oct 2025 7:52:02","29312","16,840","0,730","1,700","9,77","1379","10,00",
" 354/5","27 oct 2025 7:52:19","29320","16,840","0,730","1,710","9,76","1349","10,00",
" 355/1","27 oct 2025 7:54:01","29368","16,860","0,730","1,700","9,76","1371","10,00",
" 355/2","27 oct 2025 7:54:18","29376","16,860","0,730","1,700","9,77","1356","10,00",
" 355/3","27 oct 2025 7:54:35","29384","16,830","0,730","1,710","9,74","1360","10,00",
" 355/4","27 oct 2025 7:54:52","29392","16,840","0,730","1,700","9,76","1370","10,00",
" 355/5","27 oct 2025 7:55:09","29400","16,830","0,730","1,690","9,75","1365","10,00",
" 356/1","27 oct 2025 7:56:51","29448","16,840","0,730","1,710","9,76","1381","10,00",
" 356/2","27 oct 2025 7:57:08","29456","16,830","0,730","1,710","9,78","1375","10,00",
" 356/3","27 oct 2025 7:57:25","29464","16,810","0,730","1,700","9,78","1360","10,00",
" 356/4","27 oct 2025 7:57:42","29472","16,800","0,730","1,700","9,76","1370","10,00",
" 356/5","27 oct 2025 7:57:59","29480","16,780","0,730","1,700","9,76","1357","10,00",
" 357/1","27 oct 2025 7:59:41","29528","16,840","0,730","1,720","9,76","1365","9,99",
" 357/2","27 oct 2025 7:59:58","29536","16,830","0,730","1,710","9,78","1376","10,00",
" 357/3","27 oct 2025 8:00:15","29544","16,840","0,730","1,710","9,75","1368","10,00",
" 357/4","27 oct 2025 8:00:32","29552","16,820","0,730","1,720","9,76","1353","10,00",
" 357/5","27 oct 2025 8:00:49","29560","16,830","0,730","1,710","9,76","1359","10,00",
" 358/1","27 oct 2025 8:02:31","29608","16,840","0,730","1,710","9,77","1368","10,00",
" 358/2","27 oct 2025 8:02:48","29616","16,790","0,730","1,710","9,75","1349","10,00",
" 358/3","27 oct 2025 8:03:05","29624","16,810","0,730","1,710","9,75","1356","10,00",
" 358/4","27 oct 2025 8:03:22","29632","16,790","0,730","1,710","9,75","1371","10,00",
" 358/5","27 oct 2025 8:03:39","29640","16,800","0,730","1,710","9,75","1364","10,00",
" 359/1","27 oct 2025 8:05:21","29688","16,800","0,730","1,720","9,74","1365","10,00",
" 359/2","27 oct 2025 8:05:38","29696","16,810","0,730","1,700","9,76","1389","10,00",
" 359/3","27 oct 2025 8:05:55","29704","16,800","0,730","1,710","9,77","1387","10,00",
" 359/4","27 oct 2025 8:06:12","29712","16,850","0,730","1,710","9,76","1357","10,00",
" 359/5","27 oct 2025 8:06:20","29720","16,850","0,730","1,710","9,76","1357","10,00",
" 360/1","27 oct 2025 8:08:02","29768","16,800","0,730","1,720","9,76","1354","10,00",
" 360/2","27 oct 2025 8:08:19","29776","16,840","0,730","1,710","9,77","1351","10,00",
" 360/3","27 oct 2025 8:08:36","29784","16,850","0,730","1,710","9,75","1354","10,00",
" 360/4","27 oct 2025 8:08:53","29792","16,850","0,730","1,710","9,75","1365","10,00",
" 360/5","27 oct 2025 8:09:10","29800","16,830","0,730","1,720","9,76","1348","10,00",
" 361/1","27 oct 2025 8:10:52","29848","16,830","0,730","1,720","9,76","1357","10,00",
" 361/2","27 oct 2025 8:11:09","29856","16,840","0,730","1,710","9,75","1376","10,00",
" 361/3","27 oct 2025 8:11:26","29864","16,830","0,730","1,700","9,76","1365","10,00",
" 361/4","27 oct 2025 8:11:43","29872","16,870","0,730","1,710","9,76","1353","10,00",
" 361/5","27 oct 2025 8:12:00","29880","16,850","0,730","1,710","9,78","1357","10,00",
" 362/1","27 oct 2025 8:13:42","29928","16,820","0,730","1,710","9,77","1362","10,00",
" 362/2","27 oct 2025 8:13:59","29936","16,820","0,730","1,710","9,78","1373","10,00",
" 362/3","27 oct 2025 8:14:16","29944","16,810","0,730","1,700","9,76","1360","10,00",
" 362/4","27 oct 2025 8:14:33","29952","16,840","0,730","1,700","9,75","1367","10,00",
" 362/5","27 oct 2025 8:14:50","29960","16,830","0,730","1,700","9,77","1371","10,00",
" 363/1","27 oct 2025 8:16:32","30008","16,810","0,730","1,710","9,75","1373","10,00",
" 363/2","27 oct 2025 8:16:49","30016","16,830","0,730","1,710","9,75","1382","10,00",
" 363/3","27 oct 2025 8:17:06","30024","16,800","0,730","1,720","9,75","1364","10,00",
" 363/4","27 oct 2025 8:17:23","30032","16,830","0,730","1,710","9,75","1375","10,00",
" 363/5","27 oct 2025 8:17:40","30040","16,830","0,730","1,710","9,76","1378","10,00",
" 364/1","27 oct 2025 8:19:22","30088","16,790","0,730","1,700","9,76","1370","10,00",
" 364/2","27 oct 2025 8:19:39","30096","16,780","0,730","1,710","9,77","1357","10,00",
" 364/3","27 oct 2025 8:19:56","30104","16,800","0,730","1,700","9,76","1375","10,00",
" 364/4","27 oct 2025 8:20:13","30112","16,780","0,730","1,710","9,75","1365","10,00",
" 364/5","27 oct 2025 8:20:30","30120","16,800","0,730","1,710","9,75","1375","10,00",
" 365/1","27 oct 2025 8:22:03","30168","16,810","0,730","1,700","9,76","1382","10,00",
" 365/2","27 oct 2025 8:22:20","30176","16,830","0,730","1,710","9,76","1367","10,00",
" 365/3","27 oct 2025 8:22:37","30184","16,840","0,730","1,710","9,75","1378","10,00",
" 365/4","27 oct 2025 8:22:54","30192","16,840","0,730","1,700","9,76","1403","10,00",
" 365/5","27 oct 2025 8:23:11","30200","16,830","0,730","1,710","9,75","1376","10,00",
" 366/1","27 oct 2025 8:24:53","30248","16,800","0,730","1,710","9,75","1375","10,00",
" 366/2","27 oct 2025 8:25:10","30256","16,810","0,730","1,710","9,75","1376","10,00",
" 366/3","27 oct 2025 8:25:27","30264","16,840","0,730","1,710","9,75","1389","10,00",
" 366/4","27 oct 2025 8:25:44","30272","16,800","0,730","1,710","9,75","1375","10,00",
" 366/5","27 oct 2025 8:26:01","30280","16,820","0,730","1,710","9,75","1400","10,00",
" 367/1","27 oct 2025 8:27:42","30328","16,840","0,730","1,700","9,76","1400","10,00",
" 367/2","27 oct 2025 8:27:59","30336","16,820","0,730","1,700","9,77","1378","10,00",
" 367/3","27 oct 2025 8:28:16","30344","16,810","0,730","1,700","9,74","1351","10,00",
" 367/4","27 oct 2025 8:28:33","30352","16,810","0,730","1,710","9,75","1368","10,00",
" 367/5","27 oct 2025 8:28:50","30360","16,800","0,730","1,710","9,75","1367","10,00",
" 368/1","27 oct 2025 8:30:32","30408","16,800","0,730","1,710","9,75","1351","10,00",
" 368/2","27 oct 2025 8:30:49","30416","16,820","0,730","1,720","9,75","1349","10,00",
" 368/3","27 oct 2025 8:31:06","30424","16,800","0,730","1,720","9,76","1353","10,00",
" 368/4","27 oct 2025 8:31:23","30432","16,820","0,730","1,710","9,76","1365","10,00",
" 368/5","27 oct 2025 8:31:40","30440","16,810","0,730","1,710","9,75","1379","10,00",
" 369/1","27 oct 2025 8:33:22","30488","16,810","0,730","1,710","9,75","1348","10,00",
" 369/2","27 oct 2025 8:33:39","30496","16,820","0,730","1,710","9,75","1348","10,00",
" 369/3","27 oct 2025 8:33:56","30504","16,800","0,730","1,710","9,75","1343","10,00",
" 369/4","27 oct 2025 8:34:13","30512","16,840","0,730","1,710","9,74","1348","10,00",
" 369/5","27 oct 2025 8:34:30","30520","16,800","0,730","1,710","9,76","1367","10,00",
" 370/1","27 oct 2025 8:36:12","30568","16,820","0,730","1,710","9,75","1373","10,00",
" 370/2","27 oct 2025 8:36:29","30576","16,820","0,730","1,720","9,76","1357","10,00",
" 370/3","27 oct 2025 8:36:46","30584","16,800","0,730","1,720","9,75","1354","10,00",
" 370/4","27 oct 2025 8:37:03","30592","16,810","0,730","1,710","9,76","1354","10,00",
" 370/5","27 oct 2025 8:37:19","30600","16,840","0,730","1,710","9,78","1393","10,00",
" 371/1","27 oct 2025 8:38:53","30648","16,830","0,730","1,730","9,76","1356","10,00",
" 371/2","27 oct 2025 8:39:10","30656","16,820","0,730","1,720","9,77","1370","10,00",
" 371/3","27 oct 2025 8:39:27","30664","16,810","0,730","1,740","9,74","1346","10,00",
" 371/4","27 oct 2025 8:39:44","30672","16,820","0,730","1,710","9,76","1371","10,00",
" 371/5","27 oct 2025 8:40:01","30680","16,830","0,730","1,710","9,75","1364","10,00",
" 372/1","27 oct 2025 8:41:43","30728","16,820","0,730","1,710","9,75","1351","10,00",
" 372/2","27 oct 2025 8:42:00","30736","16,830","0,730","1,730","9,75","1354","10,00",
" 372/3","27 oct 2025 8:42:17","30744","16,850","0,730","1,720","9,74","1362","10,00",
" 372/4","27 oct 2025 8:42:34","30752","16,820","0,730","1,730","9,75","1351","10,00",
" 372/5","27 oct 2025 8:42:51","30760","16,830","0,730","1,720","9,76","1368","10,00",
" 373/1","27 oct 2025 8:44:34","30808","16,790","0,730","1,730","9,75","1354","10,00",
" 373/2","27 oct 2025 8:44:50","30816","16,800","0,730","1,720","9,74","1376","10,00",
" 373/3","27 oct 2025 8:45:07","30824","16,830","0,730","1,730","9,76","1375","10,00",
" 373/4","27 oct 2025 8:45:24","30832","16,820","0,730","1,720","9,75","1382","10,00",
" 373/5","27 oct 2025 8:45:41","30840","16,830","0,730","1,710","9,74","1375","10,00",
" 374/1","27 oct 2025 8:47:23","30888","16,810","0,730","1,710","9,76","1390","10,00",
" 374/2","27 oct 2025 8:47:40","30896","16,810","0,730","1,710","9,75","1368","10,00",
" 374/3","27 oct 2025 8:47:57","30904","16,790","0,730","1,710","9,75","1368","10,00",
" 374/4","27 oct 2025 8:48:14","30912","16,830","0,730","1,730","9,77","1353","10,00",
" 374/5","27 oct 2025 8:48:31","30920","16,820","0,730","1,720","9,77","1365","10,00",
" 375/1","27 oct 2025 8:50:13","30968","16,830","0,730","1,710","9,74","1373","10,00",
" 375/2","27 oct 2025 8:50:30","30976","16,830","0,730","1,710","9,76","1364","10,00",
" 375/3","27 oct 2025 8:50:47","30984","16,820","0,730","1,710","9,75","1371","10,00",
" 375/4","27 oct 2025 8:51:04","30992","16,820","0,730","1,700","9,76","1401","10,00",
" 375/5","27 oct 2025 8:51:21","31000","16,800","0,730","1,710","9,76","1376","10,00",
" 376/1","27 oct 2025 8:52:54","31048","16,780","0,730","1,700","9,76","1364","10,00",
" 376/2","27 oct 2025 8:53:11","31056","16,800","0,730","1,700","9,75","1367","10,00",
" 376/3","27 oct 2025 8:53:28","31064","16,820","0,730","1,710","9,76","1368","10,00",
" 376/4","27 oct 2025 8:53:45","31072","16,810","0,730","1,690","9,75","1386","10,00",
" 376/5","27 oct 2025 8:54:02","31080","16,800","0,730","1,700","9,76","1370","10,00",
" 377/1","27 oct 2025 8:55:44","31128","16,790","0,730","1,720","9,76","1351","10,00",
" 377/2","27 oct 2025 8:56:01","31136","16,790","0,730","1,700","9,76","1382","9,99",
" 377/3","27 oct 2025 8:56:18","31144","16,830","0,730","1,710","9,75","1356","10,00",
" 377/4","27 oct 2025 8:56:35","31152","16,780","0,730","1,720","9,76","1354","10,00",
" 377/5","27 oct 2025 8:56:52","31160","16,770","0,730","1,710","9,75","1365","10,00",
" 378/1","27 oct 2025 8:58:34","31208","16,810","0,730","1,710","9,76","1365","10,00",
" 378/2","27 oct 2025 8:58:51","31216","16,800","0,730","1,710","9,75","1373","10,00",
" 378/3","27 oct 2025 8:59:08","31224","16,820","0,730","1,710","9,76","1360","10,00",
" 378/4","27 oct 2025 8:59:25","31232","16,790","0,730","1,710","9,75","1387","10,00",
" 378/5","27 oct 2025 8:59:41","31240","16,810","0,730","1,710","9,76","1364","10,00",
" 379/1","27 oct 2025 9:01:23","31288","16,810","0,730","1,710","9,74","1386","10,00",
" 379/2","27 oct 2025 9:01:40","31296","16,810","0,730","1,710","9,75","1370","10,00",
" 379/3","27 oct 2025 9:01:57","31304","16,820","0,730","1,710","9,75","1371","10,00",
" 379/4","27 oct 2025 9:02:14","31312","16,820","0,730","1,710","9,76","1356","10,00",
" 379/5","27 oct 2025 9:02:31","31320","16,800","0,730","1,710","9,77","1367","10,00",
" 380/1","27 oct 2025 9:04:13","31368","16,820","0,730","1,720","9,75","1364","10,00",
" 380/2","27 oct 2025 9:04:30","31376","16,840","0,730","1,720","9,75","1365","10,00",
" 380/3","27 oct 2025 9:04:47","31384","16,830","0,730","1,720","9,76","1375","10,00",
" 380/4","27 oct 2025 9:05:04","31392","16,830","0,730","1,720","9,75","1368","10,00",
" 380/5","27 oct 2025 9:05:21","31400","16,840","0,730","1,730","9,75","1342","10,00",
" 381/1","27 oct 2025 9:07:03","31448","16,830","0,730","1,720","9,75","1359","10,00",
" 381/2","27 oct 2025 9:07:20","31456","16,820","0,730","1,710","9,76","1382","10,00",
" 381/3","27 oct 2025 9:07:37","31464","16,850","0,730","1,720","9,75","1364","10,00",
" 381/4","27 oct 2025 9:07:45","31472","16,850","0,730","1,720","9,75","1364","10,00",
" 381/5","27 oct 2025 9:08:02","31480","16,840","0,730","1,710","9,76","1379","10,00",
" 382/1","27 oct 2025 9:09:44","31528","16,800","0,730","1,710","9,75","1357","10,00",
" 382/2","27 oct 2025 9:10:01","31536","16,810","0,730","1,710","9,75","1353","10,00",
" 382/3","27 oct 2025 9:10:18","31544","16,810","0,730","1,720","9,76","1353","10,00",
" 382/4","27 oct 2025 9:10:35","31552","16,830","0,730","1,710","9,76","1379","10,00",
" 382/5","27 oct 2025 9:10:52","31560","16,820","0,730","1,730","9,75","1357","10,00",
" 383/1","27 oct 2025 9:12:34","31608","16,810","0,730","1,710","9,75","1354","10,00",
" 383/2","27 oct 2025 9:12:51","31616","16,810","0,730","1,720","9,76","1360","10,00",
" 383/3","27 oct 2025 9:13:08","31624","16,810","0,730","1,720","9,76","1362","10,00",
" 383/4","27 oct 2025 9:13:25","31632","16,820","0,730","1,720","9,76","1356","10,00",
" 383/5","27 oct 2025 9:13:42","31640","16,830","0,730","1,720","9,75","1356","10,00",
" 384/1","27 oct 2025 9:15:24","31688","16,820","0,730","1,730","9,73","1359","10,00",
" 384/2","27 oct 2025 9:15:41","31696","16,790","0,730","1,730","9,75","1346","10,00",
" 384/3","27 oct 2025 9:15:58","31704","16,820","0,730","1,730","9,76","1373","10,00",
" 384/4","27 oct 2025 9:16:15","31712","16,820","0,730","1,720","9,75","1382","10,00",
" 384/5","27 oct 2025 9:16:32","31720","16,800","0,730","1,720","9,74","1368","10,00",
" 385/1","27 oct 2025 9:18:14","31768","16,840","0,730","1,710","9,76","1381","10,00",
" 385/2","27 oct 2025 9:18:31","31776","16,800","0,730","1,720","9,75","1346","10,00",
" 385/3","27 oct 2025 9:18:48","31784","16,820","0,730","1,720","9,75","1360","10,00",
" 385/4","27 oct 2025 9:19:05","31792","16,800","0,730","1,720","9,76","1360","10,00",
" 385/5","27 oct 2025 9:19:22","31800","16,830","0,730","1,730","9,75","1356","10,00",
" 386/1","27 oct 2025 9:21:03","31848","16,810","0,730","1,730","9,75","1359","10,00",
" 386/2","27 oct 2025 9:21:20","31856","16,810","0,730","1,730","9,75","1365","10,00",
" 386/3","27 oct 2025 9:21:37","31864","16,810","0,730","1,730","9,76","1348","10,00",
" 386/4","27 oct 2025 9:21:54","31872","16,810","0,730","1,730","9,76","1362","10,00",
" 386/5","27 oct 2025 9:22:11","31880","16,810","0,730","1,730","9,74","1379","10,00",
" 387/1","27 oct 2025 9:23:45","31928","16,810","0,730","1,720","9,74","1353","10,00",
" 387/2","27 oct 2025 9:24:02","31936","16,820","0,730","1,730","9,75","1357","10,00",
" 387/3","27 oct 2025 9:24:19","31944","16,830","0,730","1,730","9,76","1373","10,00",
" 387/4","27 oct 2025 9:24:36","31952","16,830","0,730","1,720","9,76","1359","10,00",
" 387/5","27 oct 2025 9:24:53","31960","16,810","0,730","1,740","9,75","1362","10,00",
" 388/1","27 oct 2025 9:26:34","32008","16,800","0,730","1,720","9,76","1376","10,00",
" 388/2","27 oct 2025 9:26:51","32016","16,840","0,730","1,730","9,75","1373","10,00",
" 388/3","27 oct 2025 9:27:08","32024","16,800","0,730","1,730","9,75","1375","10,00",
" 388/4","27 oct 2025 9:27:25","32032","16,830","0,730","1,730","9,76","1365","10,00",
" 388/5","27 oct 2025 9:27:42","32040","16,820","0,730","1,740","9,75","1349","10,00",
" 389/1","27 oct 2025 9:29:24","32088","16,810","0,730","1,730","9,76","1365","10,00",
" 389/2","27 oct 2025 9:29:41","32096","16,820","0,730","1,730","9,73","1367","10,00",
" 389/3","27 oct 2025 9:29:58","32104","16,830","0,730","1,720","9,75","1367","10,00",
" 389/4","27 oct 2025 9:30:15","32112","16,800","0,730","1,730","9,77","1354","10,00",
" 389/5","27 oct 2025 9:30:32","32120","16,830","0,730","1,730","9,76","1365","10,00",
" 390/1","27 oct 2025 9:32:14","32168","16,850","0,730","1,720","9,75","1379","10,00",
" 390/2","27 oct 2025 9:32:31","32176","16,810","0,730","1,720","9,76","1371","10,00",
" 390/3","27 oct 2025 9:32:48","32184","16,840","0,730","1,720","9,75","1368","10,00",
" 390/4","27 oct 2025 9:33:05","32192","16,820","0,730","1,720","9,76","1367","10,00",
" 390/5","27 oct 2025 9:33:22","32200","16,830","0,730","1,720","9,76","1373","10,00",
" 391/1","27 oct 2025 9:35:04","32248","16,800","0,730","1,720","9,76","1386","10,00",
" 391/2","27 oct 2025 9:35:21","32256","16,810","0,730","1,710","9,76","1376","10,00",
" 391/3","27 oct 2025 9:35:38","32264","16,830","0,730","1,700","9,74","1396","10,00",
" 391/4","27 oct 2025 9:35:55","32272","16,830","0,730","1,720","9,76","1359","10,00",
" 391/5","27 oct 2025 9:36:12","32280","16,820","0,730","1,710","9,76","1392","10,00",
" 392/1","27 oct 2025 9:37:46","32328","16,820","0,730","1,710","9,76","1395","10,00",
" 392/2","27 oct 2025 9:38:03","32336","16,800","0,730","1,710","9,76","1382","10,00",
" 392/3","27 oct 2025 9:38:20","32344","16,810","0,730","1,720","9,76","1356","10,00",
" 392/4","27 oct 2025 9:38:37","32352","16,820","0,730","1,720","9,76","1351","10,00",
" 392/5","27 oct 2025 9:38:54","32360","16,810","0,730","1,710","9,76","1359","10,00",
" 393/1","27 oct 2025 9:40:36","32408","16,820","0,730","1,720","9,75","1360","10,00",
" 393/2","27 oct 2025 9:40:53","32416","16,830","0,730","1,710","9,76","1396","10,00",
" 393/3","27 oct 2025 9:41:10","32424","16,830","0,730","1,700","9,77","1400","10,00",
" 393/4","27 oct 2025 9:41:27","32432","16,840","0,730","1,720","9,76","1379","10,00",
" 393/5","27 oct 2025 9:41:44","32440","16,820","0,730","1,710","9,76","1382","10,00",
" 394/1","27 oct 2025 9:43:26","32488","16,830","0,730","1,710","9,76","1376","10,00",
" 394/2","27 oct 2025 9:43:43","32496","16,810","0,730","1,720","9,75","1387","10,00",
" 394/3","27 oct 2025 9:44:00","32504","16,820","0,730","1,710","9,77","1395","10,00",
" 394/4","27 oct 2025 9:44:17","32512","16,830","0,730","1,710","9,75","1390","10,00",
" 394/5","27 oct 2025 9:44:34","32520","16,790","0,730","1,720","9,75","1362","10,00",
" 395/1","27 oct 2025 9:46:15","32568","16,800","0,730","1,720","9,76","1375","10,00",
" 395/2","27 oct 2025 9:46:32","32576","16,840","0,730","1,720","9,76","1381","10,00",
" 395/3","27 oct 2025 9:46:49","32584","16,810","0,730","1,720","9,77","1390","10,00",
" 395/4","27 oct 2025 9:47:06","32592","16,790","0,730","1,730","9,76","1368","10,00",
" 395/5","27 oct 2025 9:47:23","32600","16,840","0,730","1,720","9,76","1379","10,00",
" 396/1","27 oct 2025 9:49:05","32648","16,830","0,730","1,730","9,76","1387","10,00",
" 396/2","27 oct 2025 9:49:22","32656","16,820","0,730","1,720","9,77","1395","10,00",
" 396/3","27 oct 2025 9:49:39","32664","16,790","0,730","1,720","9,77","1398","10,00",
" 396/4","27 oct 2025 9:49:56","32672","16,840","0,730","1,720","9,76","1381","10,00",
" 396/5","27 oct 2025 9:50:13","32680","16,800","0,730","1,710","9,76","1389","10,00",
" 397/1","27 oct 2025 9:51:55","32728","16,810","0,730","1,710","9,74","1389","10,00",
" 397/2","27 oct 2025 9:52:12","32736","16,820","0,730","1,720","9,75","1371","10,00",
" 397/3","27 oct 2025 9:52:29","32744","16,820","0,730","1,710","9,76","1386","10,00",
" 397/4","27 oct 2025 9:52:37","32752","16,820","0,730","1,710","9,76","1386","10,00",
" 397/5","27 oct 2025 9:52:54","32760","16,810","0,730","1,730","9,75","1365","10,00",
" 398/1","27 oct 2025 9:54:36","32808","16,790","0,730","1,710","9,76","1395","10,00",
" 398/2","27 oct 2025 9:54:53","32816","16,820","0,730","1,720","9,75","1381","9,99",
" 398/3","27 oct 2025 9:55:10","32824","16,820","0,730","1,720","9,76","1382","10,00",
" 398/4","27 oct 2025 9:55:27","32832","16,800","0,730","1,720","9,76","1389","10,00",
" 398/5","27 oct 2025 9:55:44","32840","16,830","0,730","1,710","9,77","1403","10,00",
" 399/1","27 oct 2025 9:57:26","32888","16,830","0,730","1,720","9,76","1389","10,00",
" 399/2","27 oct 2025 9:57:43","32896","16,810","0,730","1,730","9,76","1381","10,00",
" 399/3","27 oct 2025 9:58:00","32904","16,790","0,730","1,730","9,76","1381","10,00",
" 399/4","27 oct 2025 9:58:17","32912","16,820","0,740","1,720","9,70","1404","10,00",
" 399/5","27 oct 2025 9:58:34","32920","16,820","0,730","1,720","9,75","1376","10,00",
" 400/1","27 oct 2025 10:00:16","32968","16,820","0,730","1,730","9,75","1367","10,00",
" 400/2","27 oct 2025 10:00:32","32976","16,810","0,730","1,720","9,76","1375","10,00",
" 400/3","27 oct 2025 10:00:49","32984","16,840","0,730","1,720","9,74","1381","10,00",
" 400/4","27 oct 2025 10:01:06","32992","16,800","0,730","1,730","9,76","1370","10,00",
" 400/5","27 oct 2025 10:01:23","33000","16,800","0,730","1,730","9,75","1362","9,99",
" 401/1","27 oct 2025 10:03:05","33048","16,840","0,740","1,730","9,70","1395","9,99",
" 401/2","27 oct 2025 10:03:22","33056","16,810","0,730","1,730","9,76","1378","10,00",
" 401/3","27 oct 2025 10:03:39","33064","16,810","0,730","1,730","9,76","1365","10,00",
" 401/4","27 oct 2025 10:03:56","33072","16,810","0,730","1,730","9,76","1382","10,00",
" 401/5","27 oct 2025 10:04:13","33080","16,830","0,730","1,740","9,76","1364","10,00",
" 402/1","27 oct 2025 10:05:55","33128","16,820","0,730","1,730","9,74","1381","10,00",
" 402/2","27 oct 2025 10:06:12","33136","16,810","0,730","1,740","9,76","1375","10,00",
" 402/3","27 oct 2025 10:06:29","33144","16,820","0,730","1,740","9,76","1381","10,00",
" 402/4","27 oct 2025 10:06:46","33152","16,800","0,740","1,730","9,69","1398","10,00",
" 402/5","27 oct 2025 10:07:03","33160","16,830","0,730","1,720","9,76","1398","10,00",
" 403/1","27 oct 2025 10:08:45","33208","16,810","0,730","1,730","9,76","1364","10,00",
" 403/2","27 oct 2025 10:09:02","33216","16,800","0,730","1,730","9,77","1398","10,00",
" 403/3","27 oct 2025 10:09:10","33224","16,800","0,730","1,730","9,77","1398","10,00",
" 403/4","27 oct 2025 10:09:27","33232","16,820","0,730","1,720","9,75","1384","10,00",
" 403/5","27 oct 2025 10:09:44","33240","16,820","0,730","1,730","9,78","1395","10,00",
" 404/1","27 oct 2025 10:11:26","33288","16,840","0,730","1,730","9,76","1381","10,00",
" 404/2","27 oct 2025 10:11:43","33296","16,830","0,730","1,730","9,76","1371","10,00",
" 404/3","27 oct 2025 10:12:00","33304","16,830","0,730","1,730","9,76","1370","9,99",
" 404/4","27 oct 2025 10:12:17","33312","16,800","0,730","1,730","9,75","1365","10,00",
" 404/5","27 oct 2025 10:12:33","33320","16,760","0,730","1,720","9,76","1368","10,00",
" 405/1","27 oct 2025 10:14:15","33368","16,800","0,730","1,720","9,76","1376","10,00",
" 405/2","27 oct 2025 10:14:32","33376","16,800","0,730","1,720","9,76","1368","10,00",
" 405/3","27 oct 2025 10:14:49","33384","16,810","0,730","1,720","9,76","1384","10,00",
" 405/4","27 oct 2025 10:15:06","33392","16,800","0,730","1,720","9,75","1384","10,00",
" 405/5","27 oct 2025 10:15:23","33400","16,820","0,730","1,720","9,77","1386","10,00",
" 406/1","27 oct 2025 10:17:04","33448","16,800","0,730","1,710","9,76","1371","10,00",
" 406/2","27 oct 2025 10:17:21","33456","16,820","0,730","1,720","9,76","1353","10,00",
" 406/3","27 oct 2025 10:17:38","33464","16,820","0,730","1,720","9,76","1362","10,00",
" 406/4","27 oct 2025 10:17:55","33472","16,820","0,730","1,720","9,76","1365","10,00",
" 406/5","27 oct 2025 10:18:12","33480","16,790","0,730","1,720","9,76","1387","10,00",
" 407/1","27 oct 2025 10:19:54","33528","16,800","0,730","1,710","9,76","1371","10,00",
" 407/2","27 oct 2025 10:20:11","33536","16,820","0,730","1,720","9,75","1376","10,00",
" 407/3","27 oct 2025 10:20:28","33544","16,800","0,730","1,710","9,76","1395","10,00",
" 407/4","27 oct 2025 10:20:45","33552","16,810","0,730","1,710","9,76","1368","10,00",
" 407/5","27 oct 2025 10:21:02","33560","16,800","0,730","1,720","9,75","1365","9,99",
" 408/1","27 oct 2025 10:22:44","33608","16,790","0,730","1,730","9,75","1365","10,00",
" 408/2","27 oct 2025 10:23:01","33616","16,770","0,730","1,720","9,75","1392","10,00",
" 408/3","27 oct 2025 10:23:17","33624","16,810","0,730","1,720","9,75","1371","10,00",
" 408/4","27 oct 2025 10:23:34","33632","16,820","0,730","1,700","9,75","1384","10,00",
" 408/5","27 oct 2025 10:23:51","33640","16,810","0,730","1,720","9,76","1364","10,00",
" 409/1","27 oct 2025 10:25:34","33688","16,830","0,730","1,730","9,76","1386","10,00",
" 409/2","27 oct 2025 10:25:51","33696","16,820","0,730","1,710","9,75","1386","10,00",
" 409/3","27 oct 2025 10:25:59","33704","16,820","0,730","1,710","9,75","1386","10,00",
" 409/4","27 oct 2025 10:26:16","33712","16,830","0,730","1,720","9,76","1367","10,00",
" 409/5","27 oct 2025 10:26:33","33720","16,820","0,730","1,720","9,76","1381","10,00",
" 410/1","27 oct 2025 10:28:15","33768","16,830","0,730","1,720","9,77","1386","10,00",
" 410/2","27 oct 2025 10:28:32","33776","16,820","0,730","1,720","9,76","1379","10,00",
" 410/3","27 oct 2025 10:28:49","33784","16,800","0,730","1,720","9,75","1360","10,00",
" 410/4","27 oct 2025 10:29:06","33792","16,820","0,730","1,730","9,75","1356","10,00",
" 410/5","27 oct 2025 10:29:23","33800","16,800","0,730","1,730","9,76","1367","10,00",
" 411/1","27 oct 2025 10:31:05","33848","16,820","0,730","1,720","9,76","1371","10,00",
" 411/2","27 oct 2025 10:31:22","33856","16,810","0,730","1,730","9,76","1370","10,00",
" 411/3","27 oct 2025 10:31:39","33864","16,800","0,730","1,730","9,76","1370","10,00",
" 411/4","27 oct 2025 10:31:56","33872","16,840","0,730","1,720","9,76","1376","10,00",
" 411/5","27 oct 2025 10:32:13","33880","16,820","0,730","1,710","9,76","1381","10,00",
" 412/1","27 oct 2025 10:33:54","33928","16,810","0,730","1,720","9,76","1384","10,00",
" 412/2","27 oct 2025 10:34:11","33936","16,850","0,730","1,730","9,76","1354","10,00",
" 412/3","27 oct 2025 10:34:28","33944","16,830","0,730","1,720","9,76","1384","10,00",
" 412/4","27 oct 2025 10:34:46","33952","16,810","0,730","1,720","9,76","1384","10,00",
" 412/5","27 oct 2025 10:35:03","33960","16,800","0,730","1,720","9,76","1387","10,00",
" 413/1","27 oct 2025 10:36:45","34008","16,800","0,730","1,720","9,76","1381","10,00",
" 413/2","27 oct 2025 10:37:01","34016","16,820","0,730","1,710","9,76","1384","10,00",
" 413/3","27 oct 2025 10:37:18","34024","16,800","0,730","1,720","9,76","1365","10,00",
" 413/4","27 oct 2025 10:37:35","34032","16,790","0,730","1,720","9,77","1392","10,00",
" 413/5","27 oct 2025 10:37:52","34040","16,800","0,730","1,720","9,76","1364","10,00",
" 414/1","27 oct 2025 10:39:34","34088","16,800","0,730","1,720","9,77","1386","10,00",
" 414/2","27 oct 2025 10:39:51","34096","16,820","0,730","1,730","9,76","1382","10,00",
" 414/3","27 oct 2025 10:40:08","34104","16,830","0,730","1,720","9,84","1381","10,00",
" 414/4","27 oct 2025 10:40:25","34112","16,820","0,730","1,730","9,76","1376","10,00",
" 414/5","27 oct 2025 10:40:42","34120","16,800","0,730","1,720","9,76","1384","10,00",
" 415/1","27 oct 2025 10:42:15","34168","16,790","0,730","1,730","9,76","1387","10,00",
" 415/2","27 oct 2025 10:42:32","34176","16,820","0,730","1,730","9,76","1389","10,00",
" 415/3","27 oct 2025 10:42:49","34184","16,800","0,730","1,720","9,76","1395","10,00",
" 415/4","27 oct 2025 10:43:06","34192","16,810","0,730","1,720","9,76","1384","10,00",
" 415/5","27 oct 2025 10:43:23","34200","16,820","0,730","1,730","9,77","1395","10,00",
" 416/1","27 oct 2025 10:45:05","34248","16,830","0,730","1,740","9,77","1395","10,00",
" 416/2","27 oct 2025 10:45:22","34256","16,810","0,730","1,730","9,76","1398","10,00",
" 416/3","27 oct 2025 10:45:39","34264","16,790","0,730","1,730","9,75","1381","10,00",
" 416/4","27 oct 2025 10:45:56","34272","16,820","0,730","1,730","9,76","1389","10,00",
" 416/5","27 oct 2025 10:46:13","34280","16,810","0,730","1,730","9,76","1395","10,00",
" 417/1","27 oct 2025 10:47:54","34328","16,840","0,730","1,720","9,79","1390","10,00",
" 417/2","27 oct 2025 10:48:11","34336","16,820","0,730","1,740","9,75","1370","10,00",
" 417/3","27 oct 2025 10:48:28","34344","16,810","0,730","1,730","9,76","1384","10,00",
" 417/4","27 oct 2025 10:48:45","34352","16,810","0,730","1,720","9,76","1400","10,00",
" 417/5","27 oct 2025 10:49:02","34360","16,780","0,730","1,730","9,76","1371","10,00",
" 418/1","27 oct 2025 10:50:44","34408","16,830","0,730","1,730","9,77","1376","10,00",
" 418/2","27 oct 2025 10:51:01","34416","16,820","0,730","1,730","9,76","1387","10,00",
" 418/3","27 oct 2025 10:51:18","34424","16,790","0,730","1,730","9,76","1368","10,00",
" 418/4","27 oct 2025 10:51:35","34432","16,820","0,730","1,720","9,76","1379","10,00",
" 418/5","27 oct 2025 10:51:52","34440","16,830","0,730","1,710","9,76","1381","10,00",
" 419/1","27 oct 2025 10:53:33","34488","16,810","0,730","1,710","9,76","1364","10,00",
" 419/2","27 oct 2025 10:53:50","34496","16,820","0,730","1,720","9,76","1367","10,00",
" 419/3","27 oct 2025 10:54:07","34504","16,810","0,730","1,720","9,76","1376","10,00",
" 419/4","27 oct 2025 10:54:24","34512","16,820","0,730","1,710","9,76","1384","10,00",
" 419/5","27 oct 2025 10:54:41","34520","16,820","0,730","1,730","9,76","1349","10,00",
" 420/1","27 oct 2025 10:56:23","34568","16,830","0,730","1,720","9,76","1370","10,00",
" 420/2","27 oct 2025 10:56:40","34576","16,830","0,730","1,710","9,76","1395","10,00",
" 420/3","27 oct 2025 10:56:57","34584","16,830","0,730","1,700","9,75","1379","10,00",
" 420/4","27 oct 2025 10:57:14","34592","16,800","0,730","1,710","9,74","1362","10,00",
" 420/5","27 oct 2025 10:57:31","34600","16,800","0,730","1,710","9,74","1379","10,00",
" 421/1","27 oct 2025 10:59:05","34648","16,810","0,730","1,730","9,76","1368","10,00",
" 421/2","27 oct 2025 10:59:22","34656","16,830","0,730","1,710","9,76","1393","10,00",
" 421/3","27 oct 2025 10:59:39","34664","16,820","0,730","1,700","9,76","1378","10,00",
" 421/4","27 oct 2025 10:59:56","34672","16,830","0,730","1,710","9,76","1364","10,00",
" 421/5","27 oct 2025 11:00:13","34680","16,810","0,730","1,710","9,75","1386","10,00",
" 422/1","27 oct 2025 11:01:55","34728","16,820","0,730","1,720","9,75","1351","10,00",
" 422/2","27 oct 2025 11:02:12","34736","16,830","0,730","1,710","9,75","1382","10,00",
" 422/3","27 oct 2025 11:02:28","34744","16,790","0,730","1,720","9,75","1364","10,00",
" 422/4","27 oct 2025 11:02:45","34752","16,800","0,730","1,710","9,75","1365","10,00",
" 422/5","27 oct 2025 11:03:02","34760","16,800","0,730","1,710","9,76","1359","10,00",
" 423/1","27 oct 2025 11:04:44","34808","16,830","0,730","1,720","9,76","1379","10,00",
" 423/2","27 oct 2025 11:05:01","34816","16,800","0,730","1,720","9,76","1353","10,00",
" 423/3","27 oct 2025 11:05:18","34824","16,810","0,730","1,730","9,75","1357","10,00",
" 423/4","27 oct 2025 11:05:35","34832","16,780","0,730","1,720","9,75","1360","10,00",
" 423/5","27 oct 2025 11:05:52","34840","16,810","0,730","1,710","9,75","1368","10,00",
" 424/1","27 oct 2025 11:07:34","34888","16,830","0,730","1,720","9,76","1382","10,00",
" 424/2","27 oct 2025 11:07:51","34896","16,810","0,730","1,720","9,76","1384","10,00",
" 424/3","27 oct 2025 11:08:08","34904","16,790","0,730","1,720","9,76","1373","10,00",
" 424/4","27 oct 2025 11:08:25","34912","16,800","0,730","1,720","9,76","1378","10,00",
" 424/5","27 oct 2025 11:08:42","34920","16,830","0,730","1,710","9,76","1376","10,00",
" 425/1","27 oct 2025 11:10:23","34968","16,830","0,730","1,720","9,75","1367","10,00",
" 425/2","27 oct 2025 11:10:40","34976","16,810","0,730","1,710","9,76","1376","10,00",
" 425/3","27 oct 2025 11:10:57","34984","16,820","0,730","1,730","9,75","1375","10,00",
" 425/4","27 oct 2025 11:11:14","34992","16,820","0,730","1,720","9,75","1379","10,00",
" 425/5","27 oct 2025 11:11:31","35000","16,810","0,730","1,720","9,75","1378","10,00",
" 426/1","27 oct 2025 11:13:13","35048","16,790","0,730","1,710","9,76","1381","10,00",
" 426/2","27 oct 2025 11:13:30","35056","16,800","0,730","1,720","9,75","1368","10,00",
" 426/3","27 oct 2025 11:13:47","35064","16,820","0,730","1,720","9,75","1389","10,00",
" 426/4","27 oct 2025 11:14:04","35072","16,810","0,730","1,730","9,76","1378","10,00",
" 426/5","27 oct 2025 11:14:13","35080","16,810","0,730","1,730","9,76","1378","10,00",
" 427/1","27 oct 2025 11:15:55","35128","16,820","0,730","1,720","9,77","1384","10,00",
" 427/2","27 oct 2025 11:16:11","35136","16,820","0,730","1,720","9,76","1379","10,00",
" 427/3","27 oct 2025 11:16:28","35144","16,820","0,730","1,720","9,75","1371","10,00",
" 427/4","27 oct 2025 11:16:45","35152","16,820","0,730","1,730","9,75","1367","10,00",
" 427/5","27 oct 2025 11:17:03","35160","16,830","0,730","1,720","9,75","1370","10,00",
" 428/1","27 oct 2025 11:18:44","35208","16,790","0,730","1,720","9,75","1354","10,00",
" 428/2","27 oct 2025 11:19:01","35216","16,820","0,730","1,720","9,75","1353","10,00",
" 428/3","27 oct 2025 11:19:18","35224","16,830","0,730","1,730","9,76","1371","10,00",
" 428/4","27 oct 2025 11:19:35","35232","16,830","0,730","1,720","9,76","1389","10,00",
" 428/5","27 oct 2025 11:19:52","35240","16,800","0,730","1,730","9,76","1389","10,00",
" 429/1","27 oct 2025 11:21:34","35288","16,820","0,730","1,730","9,76","1379","10,00",
" 429/2","27 oct 2025 11:21:51","35296","16,810","0,730","1,730","9,75","1373","10,00",
" 429/3","27 oct 2025 11:22:08","35304","16,820","0,730","1,730","9,76","1371","10,00",
" 429/4","27 oct 2025 11:22:25","35312","16,830","0,730","1,740","9,75","1362","10,00",
" 429/5","27 oct 2025 11:22:42","35320","16,820","0,730","1,730","9,75","1376","10,00",
" 430/1","27 oct 2025 11:24:24","35368","16,800","0,730","1,740","9,75","1367","10,00",
" 430/2","27 oct 2025 11:24:41","35376","16,830","0,730","1,740","9,75","1364","10,00",
" 430/3","27 oct 2025 11:24:58","35384","16,810","0,730","1,730","9,75","1376","10,00",
" 430/4","27 oct 2025 11:25:15","35392","16,830","0,730","1,730","9,75","1373","10,00",
" 430/5","27 oct 2025 11:25:32","35400","16,810","0,730","1,730","9,76","1376","10,00",
" 431/1","27 oct 2025 11:27:14","35448","16,830","0,730","1,730","9,76","1365","10,00",
" 431/2","27 oct 2025 11:27:31","35456","16,820","0,730","1,730","9,76","1378","10,00",
" 431/3","27 oct 2025 11:27:48","35464","16,800","0,730","1,730","9,75","1375","10,00",
" 431/4","27 oct 2025 11:28:05","35472","16,790","0,730","1,740","9,74","1357","10,00",
" 431/5","27 oct 2025 11:28:22","35480","16,810","0,730","1,730","9,74","1373","10,00",
" 432/1","27 oct 2025 11:29:55","35528","16,840","0,730","1,740","9,76","1359","10,00",
" 432/2","27 oct 2025 11:30:12","35536","16,800","0,730","1,740","9,75","1364","10,00",
" 432/3","27 oct 2025 11:30:29","35544","16,830","0,730","1,740","9,74","1362","10,00",
" 432/4","27 oct 2025 11:30:46","35552","16,820","0,730","1,730","9,75","1381","10,00",
" 432/5","27 oct 2025 11:31:03","35560","16,800","0,730","1,730","9,76","1378","10,00",
" 433/1","27 oct 2025 11:32:45","35608","16,840","0,730","1,720","9,76","1373","10,00",
" 433/2","27 oct 2025 11:33:02","35616","16,820","0,730","1,720","9,75","1384","10,00",
" 433/3","27 oct 2025 11:33:19","35624","16,820","0,730","1,720","9,75","1365","10,00",
" 433/4","27 oct 2025 11:33:36","35632","16,790","0,730","1,710","9,76","1353","10,00",
" 433/5","27 oct 2025 11:33:53","35640","16,800","0,730","1,710","9,76","1362","10,00",
" 434/1","27 oct 2025 11:35:35","35688","16,810","0,730","1,700","9,76","1403","10,00",
" 434/2","27 oct 2025 11:35:52","35696","16,800","0,730","1,710","9,76","1373","10,00",
" 434/3","27 oct 2025 11:36:09","35704","16,800","0,730","1,710","9,75","1392","10,00",
" 434/4","27 oct 2025 11:36:26","35712","16,790","0,730","1,700","9,76","1409","10,00",
" 434/5","27 oct 2025 11:36:42","35720","16,810","0,730","1,710","9,76","1381","10,00",
" 435/1","27 oct 2025 11:38:24","35768","16,800","0,730","1,710","9,76","1395","10,00",
" 435/2","27 oct 2025 11:38:41","35776","16,800","0,740","1,700","9,69","1407","10,00",
" 435/3","27 oct 2025 11:38:58","35784","16,830","0,730","1,700","9,76","1390","10,00",
" 435/4","27 oct 2025 11:39:15","35792","16,820","0,730","1,710","9,75","1379","10,00",
" 435/5","27 oct 2025 11:39:32","35800","16,830","0,730","1,720","9,76","1365","10,00",
" 436/1","27 oct 2025 11:41:14","35848","16,800","0,730","1,700","9,76","1362","10,00",
" 436/2","27 oct 2025 11:41:31","35856","16,820","0,730","1,710","9,77","1395","10,00",
" 436/3","27 oct 2025 11:41:48","35864","16,810","0,730","1,700","9,76","1396","10,00",
" 436/4","27 oct 2025 11:42:05","35872","16,830","0,730","1,700","9,76","1396","10,00",
" 436/5","27 oct 2025 11:42:22","35880","16,840","0,730","1,700","9,76","1392","10,00",
" 437/1","27 oct 2025 11:44:04","35928","16,830","0,730","1,700","9,76","1403","10,00",
" 437/2","27 oct 2025 11:44:21","35936","16,820","0,730","1,700","9,76","1379","10,00",
" 437/3","27 oct 2025 11:44:38","35944","16,820","0,730","1,710","9,75","1365","10,00",
" 437/4","27 oct 2025 11:44:55","35952","16,820","0,730","1,710","9,75","1375","10,00",
" 437/5","27 oct 2025 11:45:12","35960","16,800","0,730","1,710","9,76","1387","10,00",
" 438/1","27 oct 2025 11:46:45","36008","16,820","0,730","1,700","9,75","1384","10,00",
" 438/2","27 oct 2025 11:47:02","36016","16,810","0,730","1,700","9,75","1387","10,00",
" 438/3","27 oct 2025 11:47:19","36024","16,820","0,730","1,710","9,76","1403","10,00",
" 438/4","27 oct 2025 11:47:36","36032","16,820","0,730","1,710","9,75","1395","10,00",
" 438/5","27 oct 2025 11:47:53","36040","16,820","0,730","1,700","9,76","1393","10,00",
" 439/1","27 oct 2025 11:49:35","36088","16,810","0,730","1,720","9,75","1371","10,00",
" 439/2","27 oct 2025 11:49:52","36096","16,840","0,730","1,710","9,75","1382","10,00",
" 439/3","27 oct 2025 11:50:09","36104","16,820","0,730","1,710","9,76","1398","10,00",
" 439/4","27 oct 2025 11:50:26","36112","16,820","0,730","1,710","9,75","1386","10,00",
" 439/5","27 oct 2025 11:50:43","36120","16,810","0,730","1,710","9,76","1390","10,00",
" 440/1","27 oct 2025 11:52:25","36168","16,810","0,730","1,720","9,76","1381","10,00",
" 440/2","27 oct 2025 11:52:42","36176","16,850","0,730","1,720","9,76","1401","10,00",
" 440/3","27 oct 2025 11:52:59","36184","16,800","0,730","1,710","9,76","1398","10,00",
" 440/4","27 oct 2025 11:53:16","36192","16,810","0,730","1,710","9,76","1386","10,00",
" 440/5","27 oct 2025 11:53:33","36200","16,810","0,730","1,710","9,76","1392","10,00",
" 441/1","27 oct 2025 11:55:15","36248","16,820","0,730","1,720","9,75","1370","10,00",
" 441/2","27 oct 2025 11:55:32","36256","16,830","0,730","1,710","9,76","1401","10,00",
" 441/3","27 oct 2025 11:55:49","36264","16,830","0,730","1,720","9,76","1384","10,00",
" 441/4","27 oct 2025 11:56:06","36272","16,840","0,740","1,710","9,72","1403","10,00",
" 441/5","27 oct 2025 11:56:23","36280","16,800","0,730","1,700","9,75","1386","10,00",
" 442/1","27 oct 2025 11:58:05","36328","16,810","0,730","1,720","9,75","1389","10,00",
" 442/2","27 oct 2025 11:58:22","36336","16,800","0,730","1,720","9,74","1382","10,00",
" 442/3","27 oct 2025 11:58:39","36344","16,820","0,730","1,710","9,75","1387","10,00",
" 442/4","27 oct 2025 11:58:56","36352","16,790","0,730","1,720","9,74","1376","10,00",
" 442/5","27 oct 2025 11:59:13","36360","16,810","0,740","1,700","9,73","1417","10,00",
" 443/1","27 oct 2025 12:00:54","36408","16,810","0,730","1,710","9,76","1386","10,00",
" 443/2","27 oct 2025 12:01:03","36416","16,810","0,730","1,710","9,76","1386","10,00",
" 443/3","27 oct 2025 12:01:20","36424","16,790","0,730","1,710","9,76","1396","10,00",
" 443/4","27 oct 2025 12:01:36","36432","16,790","0,730","1,710","9,76","1367","10,00",
" 443/5","27 oct 2025 12:01:53","36440","16,830","0,730","1,710","9,77","1395","10,00",
" 444/1","27 oct 2025 12:03:35","36488","16,790","0,730","1,700","9,76","1400","10,00",
" 444/2","27 oct 2025 12:03:52","36496","16,820","0,730","1,700","9,76","1387","10,00",
" 444/3","27 oct 2025 12:04:09","36504","16,800","0,730","1,700","9,75","1384","10,00",
" 444/4","27 oct 2025 12:04:26","36512","16,800","0,730","1,690","9,77","1409","10,00",
" 444/5","27 oct 2025 12:04:43","36520","16,820","0,730","1,700","9,75","1384","10,00",
" 445/1","27 oct 2025 12:06:25","36568","16,820","0,730","1,700","9,76","1392","10,00",
" 445/2","27 oct 2025 12:06:42","36576","16,820","0,730","1,700","9,75","1386","10,00",
" 445/3","27 oct 2025 12:06:59","36584","16,790","0,730","1,710","9,76","1387","10,00",
" 445/4","27 oct 2025 12:07:16","36592","16,830","0,730","1,700","9,76","1403","10,00",
" 445/5","27 oct 2025 12:07:33","36600","16,790","0,730","1,710","9,75","1389","10,00",
" 446/1","27 oct 2025 12:09:15","36648","16,830","0,730","1,700","9,76","1378","10,00",
" 446/2","27 oct 2025 12:09:32","36656","16,820","0,730","1,710","9,75","1364","10,00",
" 446/3","27 oct 2025 12:09:49","36664","16,810","0,730","1,690","9,75","1395","10,00",
" 446/4","27 oct 2025 12:10:06","36672","16,820","0,730","1,700","9,75","1384","10,00",
" 446/5","27 oct 2025 12:10:23","36680","16,820","0,730","1,700","9,75","1395","10,00",
" 447/1","27 oct 2025 12:12:05","36728","16,830","0,730","1,710","9,74","1370","10,00",
" 447/2","27 oct 2025 12:12:22","36736","16,810","0,730","1,700","9,76","1398","10,00",
" 447/3","27 oct 2025 12:12:39","36744","16,830","0,730","1,700","9,75","1373","10,00",
" 447/4","27 oct 2025 12:12:56","36752","16,810","0,730","1,710","9,76","1364","10,00",
" 447/5","27 oct 2025 12:13:13","36760","16,790","0,730","1,710","9,75","1360","10,00",
" 448/1","27 oct 2025 12:14:55","36808","16,810","0,730","1,700","9,76","1375","10,00",
" 448/2","27 oct 2025 12:15:12","36816","16,830","0,730","1,710","9,74","1370","10,00",
" 448/3","27 oct 2025 12:15:29","36824","16,800","0,730","1,710","9,76","1396","10,00",
" 448/4","27 oct 2025 12:15:37","36832","16,800","0,730","1,710","9,76","1396","10,00",
" 448/5","27 oct 2025 12:15:54","36840","16,800","0,730","1,700","9,76","1401","10,00",
" 449/1","27 oct 2025 12:17:36","36888","16,820","0,730","1,700","9,75","1381","10,00",
" 449/2","27 oct 2025 12:17:53","36896","16,820","0,730","1,710","9,76","1364","10,00",
" 449/3","27 oct 2025 12:18:10","36904","16,820","0,730","1,710","9,75","1384","10,00",
" 449/4","27 oct 2025 12:18:27","36912","16,820","0,730","1,710","9,75","1371","10,00",
" 449/5","27 oct 2025 12:18:44","36920","16,800","0,730","1,710","9,76","1390","10,00",
" 450/1","27 oct 2025 12:20:26","36968","16,810","0,730","1,710","9,75","1381","10,00",
" 450/2","27 oct 2025 12:20:43","36976","16,810","0,730","1,700","9,75","1396","10,00",
" 450/3","27 oct 2025 12:21:00","36984","16,820","0,730","1,700","9,76","1381","10,00",
" 450/4","27 oct 2025 12:21:17","36992","16,840","0,730","1,720","9,76","1364","10,00",
" 450/5","27 oct 2025 12:21:34","37000","16,830","0,730","1,710","9,75","1376","10,00",
" 451/1","27 oct 2025 12:23:16","37048","16,820","0,730","1,710","9,75","1384","10,00",
" 451/2","27 oct 2025 12:23:33","37056","16,800","0,730","1,710","9,73","1371","10,00",
" 451/3","27 oct 2025 12:23:50","37064","16,820","0,730","1,710","9,75","1375","10,00",
" 451/4","27 oct 2025 12:24:07","37072","16,830","0,730","1,710","9,75","1373","10,00",
" 451/5","27 oct 2025 12:24:24","37080","16,810","0,730","1,720","9,75","1365","10,00",
" 452/1","27 oct 2025 12:26:06","37128","16,810","0,730","1,720","9,75","1360","10,00",
" 452/2","27 oct 2025 12:26:23","37136","16,810","0,730","1,710","9,75","1371","10,00",
" 452/3","27 oct 2025 12:26:40","37144","16,810","0,730","1,710","9,75","1381","10,00",
" 452/4","27 oct 2025 12:26:57","37152","16,810","0,730","1,710","9,74","1379","10,00",
" 452/5","27 oct 2025 12:27:14","37160","16,810","0,730","1,710","9,76","1378","10,00",
" 453/1","27 oct 2025 12:28:56","37208","16,810","0,730","1,730","9,76","1353","10,00",
" 453/2","27 oct 2025 12:29:13","37216","16,790","0,730","1,730","9,75","1354","10,00",
" 453/3","27 oct 2025 12:29:30","37224","16,780","0,730","1,720","9,73","1353","10,00",
" 453/4","27 oct 2025 12:29:47","37232","16,820","0,730","1,740","9,76","1354","10,00",
" 453/5","27 oct 2025 12:29:55","37240","16,820","0,730","1,740","9,76","1354","10,00",
" 454/1","27 oct 2025 12:31:37","37288","16,800","0,730","1,730","9,75","1360","10,00",
" 454/2","27 oct 2025 12:31:54","37296","16,820","0,730","1,730","9,75","1370","10,00",
" 454/3","27 oct 2025 12:32:11","37304","16,790","0,730","1,720","9,76","1382","10,00",
" 454/4","27 oct 2025 12:32:28","37312","16,810","0,730","1,710","9,75","1378","10,00",
" 454/5","27 oct 2025 12:32:45","37320","16,790","0,730","1,730","9,74","1359","10,00",
" 455/1","27 oct 2025 12:34:27","37368","16,800","0,730","1,740","9,76","1356","10,00",
" 455/2","27 oct 2025 12:34:44","37376","16,810","0,730","1,730","9,73","1362","10,00",
" 455/3","27 oct 2025 12:35:01","37384","16,800","0,730","1,740","9,75","1354","10,00",
" 455/4","27 oct 2025 12:35:18","37392","16,820","0,730","1,720","9,75","1381","10,00",
" 455/5","27 oct 2025 12:35:35","37400","16,810","0,730","1,730","9,76","1379","10,00",
" 456/1","27 oct 2025 12:37:16","37448","16,830","0,730","1,730","9,75","1357","10,00",
" 456/2","27 oct 2025 12:37:33","37456","16,790","0,730","1,730","9,75","1357","10,00",
" 456/3","27 oct 2025 12:37:50","37464","16,800","0,730","1,740","9,76","1371","10,00",
" 456/4","27 oct 2025 12:38:07","37472","16,820","0,730","1,730","9,76","1382","10,00",
" 456/5","27 oct 2025 12:38:24","37480","16,820","0,730","1,740","9,75","1335","10,00",
" 457/1","27 oct 2025 12:40:06","37528","16,830","0,730","1,730","9,75","1373","10,00",
" 457/2","27 oct 2025 12:40:23","37536","16,810","0,730","1,730","9,75","1386","10,00",
" 457/3","27 oct 2025 12:40:40","37544","16,820","0,730","1,720","9,76","1392","10,00",
" 457/4","27 oct 2025 12:40:57","37552","16,800","0,730","1,730","9,75","1359","10,00",
" 457/5","27 oct 2025 12:41:14","37560","16,840","0,730","1,710","9,76","1389","10,00",
" 458/1","27 oct 2025 12:42:56","37608","16,800","0,730","1,730","9,76","1368","10,00",
" 458/2","27 oct 2025 12:43:13","37616","16,820","0,730","1,730","9,76","1345","10,00",
" 458/3","27 oct 2025 12:43:30","37624","16,790","0,730","1,720","9,75","1376","10,00",
" 458/4","27 oct 2025 12:43:47","37632","16,820","0,730","1,710","9,75","1381","10,00",
" 458/5","27 oct 2025 12:44:04","37640","16,830","0,730","1,720","9,76","1370","10,00",
" 459/1","27 oct 2025 12:45:38","37688","16,810","0,730","1,720","9,75","1354","10,00",
" 459/2","27 oct 2025 12:45:55","37696","16,840","0,730","1,710","9,76","1392","10,00",
" 459/3","27 oct 2025 12:46:12","37704","16,800","0,730","1,700","9,76","1401","10,00",
" 459/4","27 oct 2025 12:46:29","37712","16,810","0,730","1,710","9,75","1373","10,00",
" 459/5","27 oct 2025 12:46:46","37720","16,820","0,730","1,710","9,75","1384","10,00",
" 460/1","27 oct 2025 12:48:28","37768","16,830","0,730","1,720","9,76","1392","10,00",
" 460/2","27 oct 2025 12:48:45","37776","16,830","0,730","1,700","9,76","1386","10,00",
" 460/3","27 oct 2025 12:49:02","37784","16,830","0,730","1,710","9,76","1376","10,00",
" 460/4","27 oct 2025 12:49:19","37792","16,810","0,730","1,700","9,75","1387","10,00",
" 460/5","27 oct 2025 12:49:36","37800","16,820","0,730","1,720","9,75","1371","10,00",
" 461/1","27 oct 2025 12:51:18","37848","16,820","0,730","1,720","9,76","1390","10,00",
" 461/2","27 oct 2025 12:51:35","37856","16,820","0,730","1,720","9,76","1368","10,00",
" 461/3","27 oct 2025 12:51:52","37864","16,820","0,730","1,710","9,75","1365","10,00",
" 461/4","27 oct 2025 12:52:09","37872","16,820","0,730","1,700","9,76","1353","10,00",
" 461/5","27 oct 2025 12:52:26","37880","16,810","0,730","1,710","9,75","1362","10,00",
" 462/1","27 oct 2025 12:54:08","37928","16,820","0,730","1,730","9,76","1376","10,00",
" 462/2","27 oct 2025 12:54:25","37936","16,800","0,730","1,730","9,75","1348","10,00",
" 462/3","27 oct 2025 12:54:42","37944","16,820","0,730","1,720","9,77","1351","10,00",
" 462/4","27 oct 2025 12:54:59","37952","16,790","0,730","1,730","9,76","1348","10,00",
" 462/5","27 oct 2025 12:55:16","37960","16,780","0,730","1,730","9,75","1376","10,00",
" 463/1","27 oct 2025 12:56:57","38008","16,810","0,730","1,740","9,75","1367","10,00",
" 463/2","27 oct 2025 12:57:14","38016","16,840","0,730","1,730","9,76","1365","10,00",
" 463/3","27 oct 2025 12:57:31","38024","16,830","0,730","1,720","9,75","1378","10,00",
" 463/4","27 oct 2025 12:57:48","38032","16,790","0,730","1,730","9,76","1353","10,00",
" 463/5","27 oct 2025 12:58:05","38040","16,820","0,730","1,730","9,75","1373","10,00",
" 464/1","27 oct 2025 12:59:47","38088","16,820","0,730","1,740","9,76","1356","10,00",
" 464/2","27 oct 2025 12:59:56","38096","16,820","0,730","1,740","9,76","1356","10,00",
" 464/3","27 oct 2025 13:00:13","38104","16,810","0,730","1,740","9,75","1365","10,00",
" 464/4","27 oct 2025 13:00:29","38112","16,810","0,730","1,730","9,75","1370","10,00",
" 464/5","27 oct 2025 13:00:46","38120","16,800","0,730","1,730","9,75","1354","10,00",
" 465/1","27 oct 2025 13:02:28","38168","16,820","0,730","1,730","9,75","1357","10,00",
" 465/2","27 oct 2025 13:02:45","38176","16,830","0,730","1,740","9,75","1362","10,00",
" 465/3","27 oct 2025 13:03:02","38184","16,820","0,730","1,740","9,76","1381","10,00",
" 465/4","27 oct 2025 13:03:19","38192","16,810","0,730","1,740","9,76","1351","10,00",
" 465/5","27 oct 2025 13:03:36","38200","16,790","0,730","1,740","9,75","1353","10,00",
" 466/1","27 oct 2025 13:05:18","38248","16,830","0,730","1,740","9,76","1371","10,00",
" 466/2","27 oct 2025 13:05:35","38256","16,810","0,730","1,740","9,76","1371","10,00",
" 466/3","27 oct 2025 13:05:52","38264","16,830","0,730","1,740","9,76","1376","10,00",
" 466/4","27 oct 2025 13:06:09","38272","16,820","0,730","1,730","9,75","1373","10,00",
" 466/5","27 oct 2025 13:06:26","38280","16,810","0,730","1,740","9,76","1348","10,00",
" 467/1","27 oct 2025 13:08:08","38328","16,830","0,730","1,740","9,75","1371","10,00",
" 467/2","27 oct 2025 13:08:25","38336","16,790","0,730","1,730","9,76","1378","10,00",
" 467/3","27 oct 2025 13:08:42","38344","16,830","0,730","1,720","9,76","1359","10,00",
" 467/4","27 oct 2025 13:08:59","38352","16,820","0,730","1,720","9,75","1359","10,00",
" 467/5","27 oct 2025 13:09:16","38360","16,810","0,730","1,740","9,73","1360","10,00",
" 468/1","27 oct 2025 13:10:58","38408","16,800","0,730","1,730","9,76","1395","10,00",
" 468/2","27 oct 2025 13:11:15","38416","16,810","0,730","1,720","9,75","1386","10,00",
" 468/3","27 oct 2025 13:11:32","38424","16,820","0,730","1,740","9,75","1359","10,00",
" 468/4","27 oct 2025 13:11:49","38432","16,800","0,730","1,740","9,75","1373","10,00",
" 468/5","27 oct 2025 13:12:06","38440","16,810","0,730","1,740","9,75","1353","10,00",
" 469/1","27 oct 2025 13:13:48","38488","16,810","0,730","1,740","9,75","1356","10,00",
" 469/2","27 oct 2025 13:14:05","38496","16,790","0,730","1,750","9,75","1349","10,00",
" 469/3","27 oct 2025 13:14:22","38504","16,840","0,730","1,750","9,75","1371","10,00",
" 469/4","27 oct 2025 13:14:39","38512","16,830","0,730","1,750","9,75","1359","10,00",
" 469/5","27 oct 2025 13:14:47","38520","16,830","0,730","1,750","9,75","1359","10,00",
" 470/1","27 oct 2025 13:16:29","38568","16,810","0,730","1,750","9,75","1365","10,00",
" 470/2","27 oct 2025 13:16:46","38576","16,800","0,730","1,750","9,74","1365","10,00",
" 470/3","27 oct 2025 13:17:03","38584","16,830","0,730","1,740","9,76","1395","10,00",
" 470/4","27 oct 2025 13:17:20","38592","16,840","0,730","1,750","9,76","1378","10,00",
" 470/5","27 oct 2025 13:17:37","38600","16,820","0,730","1,740","9,76","1381","10,00",
" 471/1","27 oct 2025 13:19:19","38648","16,790","0,730","1,750","9,75","1354","10,00",
" 471/2","27 oct 2025 13:19:35","38656","16,820","0,730","1,740","9,75","1367","10,00",
" 471/3","27 oct 2025 13:19:52","38664","16,810","0,730","1,740","9,73","1356","10,00",
" 471/4","27 oct 2025 13:20:09","38672","16,830","0,730","1,750","9,76","1379","10,00",
" 471/5","27 oct 2025 13:20:27","38680","16,820","0,730","1,750","9,73","1367","10,00",
" 472/1","27 oct 2025 13:22:08","38728","16,810","0,730","1,740","9,74","1365","10,00",
" 472/2","27 oct 2025 13:22:25","38736","16,800","0,730","1,740","9,74","1373","10,00",
" 472/3","27 oct 2025 13:22:42","38744","16,810","0,730","1,740","9,75","1360","10,00",
" 472/4","27 oct 2025 13:22:59","38752","16,820","0,730","1,730","9,76","1379","10,00",
" 472/5","27 oct 2025 13:23:16","38760","16,820","0,730","1,730","9,75","1373","10,00",
" 473/1","27 oct 2025 13:24:58","38808","16,820","0,730","1,730","9,75","1389","10,00",
" 473/2","27 oct 2025 13:25:15","38816","16,810","0,730","1,730","9,76","1367","10,00",
" 473/3","27 oct 2025 13:25:32","38824","16,810","0,730","1,730","9,75","1357","10,00",
" 473/4","27 oct 2025 13:25:49","38832","16,810","0,730","1,720","9,75","1357","10,00",
" 473/5","27 oct 2025 13:26:06","38840","16,800","0,730","1,720","9,75","1382","10,00",
" 474/1","27 oct 2025 13:27:48","38888","16,820","0,730","1,710","9,76","1390","10,00",
" 474/2","27 oct 2025 13:28:05","38896","16,840","0,730","1,720","9,75","1365","10,00",
" 474/3","27 oct 2025 13:28:22","38904","16,810","0,730","1,720","9,75","1373","10,00",
" 474/4","27 oct 2025 13:28:39","38912","16,780","0,730","1,720","9,75","1365","10,00",
" 474/5","27 oct 2025 13:28:56","38920","16,820","0,730","1,730","9,75","1364","10,00",
" 475/1","27 oct 2025 13:30:38","38968","16,820","0,730","1,720","9,75","1368","10,00",
" 475/2","27 oct 2025 13:30:54","38976","16,820","0,730","1,730","9,76","1370","10,00",
" 475/3","27 oct 2025 13:31:03","38984","16,820","0,730","1,730","9,76","1370","10,00",
" 475/4","27 oct 2025 13:31:20","38992","16,820","0,730","1,720","9,76","1371","10,00",
" 475/5","27 oct 2025 13:31:37","39000","16,820","0,730","1,720","9,75","1357","10,00",
" 476/1","27 oct 2025 13:33:19","39048","16,810","0,730","1,730","9,76","1379","10,00",
" 476/2","27 oct 2025 13:33:36","39056","16,790","0,730","1,730","9,74","1373","10,00",
" 476/3","27 oct 2025 13:33:52","39064","16,810","0,730","1,720","9,76","1401","10,00",
" 476/4","27 oct 2025 13:34:09","39072","16,830","0,730","1,720","9,75","1367","10,00",
" 476/5","27 oct 2025 13:34:26","39080","16,790","0,730","1,730","9,76","1384","10,00",
" 477/1","27 oct 2025 13:36:08","39128","16,810","0,730","1,730","9,74","1378","10,00",
" 477/2","27 oct 2025 13:36:25","39136","16,810","0,730","1,740","9,74","1359","10,00",
" 477/3","27 oct 2025 13:36:42","39144","16,790","0,730","1,730","9,76","1375","10,00",
" 477/4","27 oct 2025 13:36:59","39152","16,820","0,730","1,730","9,76","1378","10,00",
" 477/5","27 oct 2025 13:37:16","39160","16,810","0,730","1,730","9,75","1351","10,00",
" 478/1","27 oct 2025 13:38:58","39208","16,810","0,730","1,730","9,75","1384","10,00",
" 478/2","27 oct 2025 13:39:15","39216","16,820","0,730","1,730","9,75","1356","10,00",
" 478/3","27 oct 2025 13:39:32","39224","16,840","0,730","1,740","9,76","1353","10,00",
" 478/4","27 oct 2025 13:39:49","39232","16,840","0,730","1,720","9,76","1373","10,00",
" 478/5","27 oct 2025 13:40:06","39240","16,810","0,730","1,730","9,76","1359","10,00",
" 479/1","27 oct 2025 13:41:48","39288","16,830","0,730","1,730","9,76","1384","10,00",
" 479/2","27 oct 2025 13:42:05","39296","16,830","0,730","1,720","9,76","1381","10,00",
" 479/3","27 oct 2025 13:42:22","39304","16,800","0,730","1,720","9,75","1379","10,00",
" 479/4","27 oct 2025 13:42:39","39312","16,800","0,730","1,720","9,75","1376","10,00",
" 479/5","27 oct 2025 13:42:56","39320","16,810","0,730","1,720","9,76","1367","10,00",
" 480/1","27 oct 2025 13:44:38","39368","16,830","0,730","1,730","9,76","1382","10,00",
" 480/2","27 oct 2025 13:44:55","39376","16,820","0,730","1,740","9,74","1371","10,00",
" 480/3","27 oct 2025 13:45:12","39384","16,820","0,730","1,730","9,75","1373","10,00",
" 480/4","27 oct 2025 13:45:21","39392","16,820","0,730","1,730","9,75","1373","10,00",
" 480/5","27 oct 2025 13:45:38","39400","16,820","0,730","1,730","9,75","1378","10,00",
" 481/1","27 oct 2025 13:47:20","39448","16,820","0,730","1,730","9,75","1376","10,00",
" 481/2","27 oct 2025 13:47:36","39456","16,820","0,730","1,740","9,74","1371","10,00",
" 481/3","27 oct 2025 13:47:53","39464","16,800","0,730","1,730","9,75","1362","10,00",
" 481/4","27 oct 2025 13:48:10","39472","16,800","0,730","1,730","9,76","1370","10,00",
" 481/5","27 oct 2025 13:48:27","39480","16,820","0,730","1,730","9,75","1384","10,00",
" 482/1","27 oct 2025 13:50:09","39528","16,790","0,730","1,730","9,76","1381","10,00",
" 482/2","27 oct 2025 13:50:26","39536","16,800","0,730","1,730","9,76","1376","10,00",
" 482/3","27 oct 2025 13:50:43","39544","16,820","0,730","1,730","9,75","1365","10,00",
" 482/4","27 oct 2025 13:51:00","39552","16,820","0,730","1,730","9,75","1367","10,00",
" 482/5","27 oct 2025 13:51:17","39560","16,840","0,730","1,740","9,75","1393","10,00",
" 483/1","27 oct 2025 13:52:59","39608","16,800","0,730","1,740","9,76","1354","10,00",
" 483/2","27 oct 2025 13:53:16","39616","16,800","0,730","1,750","9,76","1359","10,00",
" 483/3","27 oct 2025 13:53:32","39624","16,800","0,730","1,740","9,74","1367","10,00",
" 483/4","27 oct 2025 13:53:49","39632","16,820","0,730","1,740","9,75","1382","10,00",
" 483/5","27 oct 2025 13:54:07","39640","16,800","0,730","1,750","9,75","1349","10,00",
" 484/1","27 oct 2025 13:55:48","39688","16,770","0,730","1,740","9,75","1356","10,00",
" 484/2","27 oct 2025 13:56:05","39696","16,830","0,730","1,740","9,76","1345","10,00",
" 484/3","27 oct 2025 13:56:22","39704","16,820","0,730","1,740","9,76","1382","10,00",
" 484/4","27 oct 2025 13:56:39","39712","16,810","0,730","1,740","9,76","1364","10,00",
" 484/5","27 oct 2025 13:56:56","39720","16,800","0,730","1,740","9,75","1360","10,00",
" 485/1","27 oct 2025 13:58:38","39768","16,830","0,730","1,720","9,75","1384","10,00",
" 485/2","27 oct 2025 13:58:55","39776","16,830","0,730","1,730","9,75","1379","10,00",
" 485/3","27 oct 2025 13:59:12","39784","16,800","0,730","1,730","9,76","1373","10,00",
" 485/4","27 oct 2025 13:59:29","39792","16,810","0,730","1,730","9,76","1362","10,00",
" 485/5","27 oct 2025 13:59:46","39800","16,820","0,730","1,720","9,76","1389","10,00",
" 486/1","27 oct 2025 14:01:28","39848","16,820","0,730","1,730","9,76","1386","10,00",
" 486/2","27 oct 2025 14:01:45","39856","16,810","0,730","1,710","9,76","1398","10,00",
" 486/3","27 oct 2025 14:02:02","39864","16,830","0,730","1,700","9,75","1387","10,00",
" 486/4","27 oct 2025 14:02:10","39872","16,830","0,730","1,700","9,75","1387","10,00",
" 486/5","27 oct 2025 14:02:27","39880","16,790","0,730","1,720","9,76","1375","10,00",
" 487/1","27 oct 2025 14:04:09","39928","16,810","0,730","1,720","9,76","1404","10,00",
" 487/2","27 oct 2025 14:04:26","39936","16,780","0,730","1,720","9,76","1400","10,00",
" 487/3","27 oct 2025 14:04:43","39944","16,820","0,730","1,710","9,76","1398","10,00",
" 487/4","27 oct 2025 14:05:00","39952","16,840","0,730","1,720","9,76","1370","10,00",
" 487/5","27 oct 2025 14:05:17","39960","16,820","0,730","1,710","9,76","1387","10,00",
" 488/1","27 oct 2025 14:06:59","40008","16,810","0,730","1,720","9,76","1379","10,00",
" 488/2","27 oct 2025 14:07:16","40016","16,800","0,730","1,720","9,75","1390","10,00",
" 488/3","27 oct 2025 14:07:33","40024","16,840","0,730","1,720","9,76","1375","10,00",
" 488/4","27 oct 2025 14:07:50","40032","16,810","0,730","1,710","9,76","1381","10,00",
" 488/5","27 oct 2025 14:08:07","40040","16,810","0,730","1,720","9,76","1387","10,00",
" 489/1","27 oct 2025 14:12:05","40088","16,820","0,730","1,690","9,75","1356","10,00",
" 489/2","27 oct 2025 14:12:22","40096","16,840","0,730","1,690","9,76","1368","10,00",
" 489/3","27 oct 2025 14:12:39","40104","16,820","0,730","1,690","9,75","1364","10,00",
" 489/4","27 oct 2025 14:12:56","40112","16,820","0,730","1,700","9,74","1351","10,00",
" 489/5","27 oct 2025 14:13:13","40120","16,810","0,730","1,700","9,76","1373","10,00",
" 490/1","27 oct 2025 14:14:55","40168","16,830","0,730","1,710","9,76","1364","10,00",
" 490/2","27 oct 2025 14:15:12","40176","16,810","0,730","1,720","9,76","1367","10,00",
" 490/3","27 oct 2025 14:15:29","40184","16,820","0,730","1,730","9,76","1368","10,00",
" 490/4","27 oct 2025 14:15:46","40192","16,820","0,730","1,720","9,77","1371","10,00",
" 490/5","27 oct 2025 14:16:03","40200","16,830","0,730","1,710","9,75","1378","10,00",
" 491/1","27 oct 2025 14:17:37","40248","16,810","0,730","1,710","9,76","1382","10,00",
" 491/2","27 oct 2025 14:17:54","40256","16,820","0,730","1,730","9,76","1359","10,00",
" 491/3","27 oct 2025 14:18:11","40264","16,810","0,730","1,730","9,76","1376","10,00",
" 491/4","27 oct 2025 14:18:28","40272","16,790","0,730","1,730","9,76","1367","10,00",
" 491/5","27 oct 2025 14:18:45","40280","16,820","0,730","1,730","9,76","1351","10,00",
" 492/1","27 oct 2025 14:20:27","40328","16,830","0,730","1,730","9,76","1351","10,00",
" 492/2","27 oct 2025 14:20:44","40336","16,790","0,730","1,730","9,75","1371","10,00",
" 492/3","27 oct 2025 14:21:01","40344","16,790","0,730","1,740","9,77","1368","10,00",
" 492/4","27 oct 2025 14:21:18","40352","16,800","0,730","1,730","9,77","1373","10,00",
" 492/5","27 oct 2025 14:21:35","40360","16,780","0,730","1,720","9,74","1373","10,00",
" 493/1","27 oct 2025 14:23:16","40408","16,810","0,730","1,720","9,76","1386","10,00",
" 493/2","27 oct 2025 14:23:33","40416","16,820","0,730","1,730","9,76","1360","10,00",
" 493/3","27 oct 2025 14:23:50","40424","16,810","0,730","1,730","9,76","1375","10,00",
" 493/4","27 oct 2025 14:24:07","40432","16,810","0,730","1,720","9,83","1379","10,00",
" 493/5","27 oct 2025 14:24:24","40440","16,820","0,730","1,720","9,76","1370","10,00",
" 494/1","27 oct 2025 14:26:06","40488","16,820","0,730","1,720","9,77","1387","10,00",
" 494/2","27 oct 2025 14:26:23","40496","16,790","0,730","1,730","9,76","1356","10,00",
" 494/3","27 oct 2025 14:26:40","40504","16,800","0,730","1,710","9,74","1379","10,00",
" 494/4","27 oct 2025 14:26:57","40512","16,790","0,730","1,720","9,76","1371","10,00",
" 494/5","27 oct 2025 14:27:14","40520","16,800","0,730","1,720","9,76","1370","10,00",
" 495/1","27 oct 2025 14:28:56","40568","16,790","0,730","1,730","9,76","1362","10,00",
" 495/2","27 oct 2025 14:29:13","40576","16,820","0,730","1,720","9,76","1392","10,00",
" 495/3","27 oct 2025 14:29:30","40584","16,790","0,730","1,740","9,76","1359","10,00",
" 495/4","27 oct 2025 14:29:47","40592","16,790","0,730","1,730","9,76","1376","10,00",
" 495/5","27 oct 2025 14:30:04","40600","16,790","0,730","1,730","9,76","1393","10,00",
" 496/1","27 oct 2025 14:31:46","40648","16,820","0,730","1,720","9,74","1381","10,00",
" 496/2","27 oct 2025 14:32:03","40656","16,830","0,730","1,730","9,76","1364","10,00",
" 496/3","27 oct 2025 14:32:11","40664","16,830","0,730","1,730","9,76","1364","10,00",
" 496/4","27 oct 2025 14:32:28","40672","16,790","0,730","1,730","9,76","1371","10,00",
" 496/5","27 oct 2025 14:32:45","40680","16,810","0,730","1,730","9,76","1360","10,00",
" 497/1","27 oct 2025 14:34:27","40728","16,820","0,730","1,730","9,75","1390","10,00",
" 497/2","27 oct 2025 14:34:44","40736","16,820","0,730","1,730","9,76","1396","10,00",
" 497/3","27 oct 2025 14:35:01","40744","16,820","0,730","1,740","9,76","1368","10,00",
" 497/4","27 oct 2025 14:35:18","40752","16,800","0,730","1,730","9,74","1382","10,00",
" 497/5","27 oct 2025 14:35:35","40760","16,810","0,730","1,730","9,75","1362","10,00",
" 498/1","27 oct 2025 14:37:17","40808","16,830","0,730","1,740","9,76","1382","10,00",
" 498/2","27 oct 2025 14:37:34","40816","16,840","0,730","1,740","9,74","1362","10,00",
" 498/3","27 oct 2025 14:37:51","40824","16,850","0,730","1,720","9,75","1386","10,00",
" 498/4","27 oct 2025 14:38:08","40832","16,820","0,730","1,740","9,75","1356","10,00",
" 498/5","27 oct 2025 14:38:25","40840","16,810","0,730","1,730","9,76","1384","10,00",
" 499/1","27 oct 2025 14:40:07","40888","16,830","0,730","1,730","9,76","1378","10,00",
" 499/2","27 oct 2025 14:40:24","40896","16,840","0,730","1,720","9,76","1375","10,00",
" 499/3","27 oct 2025 14:40:41","40904","16,820","0,730","1,730","9,75","1375","10,00",
" 499/4","27 oct 2025 14:40:58","40912","16,820","0,730","1,730","9,76","1371","10,00",
" 499/5","27 oct 2025 14:41:15","40920","16,800","0,730","1,730","9,75","1371","10,00",
" 500/1","27 oct 2025 14:42:57","40968","16,820","0,730","1,730","9,76","1368","10,00",
" 500/2","27 oct 2025 14:43:14","40976","16,790","0,730","1,720","9,76","1376","10,00",
" 500/3","27 oct 2025 14:43:31","40984","16,820","0,730","1,720","9,75","1379","10,00",
" 500/4","27 oct 2025 14:43:48","40992","16,820","0,730","1,720","9,77","1396","10,00",
" 500/5","27 oct 2025 14:44:05","41000","16,840","0,730","1,720","9,77","1368","10,00",
" 501/1","27 oct 2025 14:45:47","41048","16,800","0,730","1,720","9,76","1395","10,00",
" 501/2","27 oct 2025 14:46:04","41056","16,790","0,730","1,720","9,76","1376","10,00",
" 501/3","27 oct 2025 14:46:12","41064","16,790","0,730","1,720","9,76","1376","10,00",
" 501/4","27 oct 2025 14:46:29","41072","16,790","0,730","1,720","9,76","1367","10,00",
" 501/5","27 oct 2025 14:46:46","41080","16,830","0,730","1,700","9,77","1406","10,00",
" 502/1","27 oct 2025 14:48:28","41128","16,820","0,730","1,710","9,76","1386","10,00",
" 502/2","27 oct 2025 14:48:45","41136","16,810","0,730","1,720","9,76","1378","10,00",
" 502/3","27 oct 2025 14:49:02","41144","16,810","0,730","1,730","9,75","1375","10,00",
" 502/4","27 oct 2025 14:49:19","41152","16,810","0,730","1,720","9,75","1387","10,00",
" 502/5","27 oct 2025 14:49:36","41160","16,840","0,730","1,710","9,76","1392","10,00",
" 503/1","27 oct 2025 14:51:18","41208","16,820","0,730","1,720","9,76","1379","10,00",
" 503/2","27 oct 2025 14:51:35","41216","16,820","0,730","1,720","9,76","1386","10,00",
" 503/3","27 oct 2025 14:51:52","41224","16,800","0,730","1,720","9,75","1393","10,00",
" 503/4","27 oct 2025 14:52:09","41232","16,810","0,730","1,720","9,74","1387","10,00",
" 503/5","27 oct 2025 14:52:26","41240","16,810","0,730","1,720","9,76","1368","10,00",
" 504/1","27 oct 2025 14:54:08","41288","16,840","0,730","1,720","9,75","1368","10,00",
" 504/2","27 oct 2025 14:54:25","41296","16,820","0,730","1,720","9,76","1362","10,00",
" 504/3","27 oct 2025 14:54:42","41304","16,820","0,730","1,720","9,77","1364","10,00",
" 504/4","27 oct 2025 14:54:59","41312","16,810","0,730","1,710","9,76","1376","10,00",
" 504/5","27 oct 2025 14:55:16","41320","16,810","0,730","1,700","9,76","1401","10,00",
" 505/1","27 oct 2025 14:56:58","41368","16,800","0,730","1,720","9,77","1396","10,00",
" 505/2","27 oct 2025 14:57:15","41376","16,850","0,730","1,710","9,76","1400","10,00",
" 505/3","27 oct 2025 14:57:32","41384","16,820","0,730","1,720","9,75","1368","9,99",
" 505/4","27 oct 2025 14:57:49","41392","16,810","0,730","1,720","9,76","1390","10,00",
" 505/5","27 oct 2025 14:58:06","41400","16,790","0,730","1,720","9,76","1386","10,00",
